[WebServer] 127.0.0.1 - - [09/Aug/2026 05:01:29] "GET /index.html HTTP/1.1" 200 -

Running 3 tests using 1 worker

[WebServer] 127.0.0.1 - - [09/Aug/2026 05:01:31] "GET /?e2e=1 HTTP/1.1" 200 -
[WebServer] 127.0.0.1 - - [09/Aug/2026 05:01:31] "GET /index.png HTTP/1.1" 200 -
[WebServer] 127.0.0.1 - - [09/Aug/2026 05:01:31] "GET /index.js HTTP/1.1" 200 -
[WebServer] 127.0.0.1 - - [09/Aug/2026 05:01:32] "GET /index.wasm HTTP/1.1" 200 -
[WebServer] 127.0.0.1 - - [09/Aug/2026 05:01:32] "GET /index.pck HTTP/1.1" 200 -
[WebServer] 127.0.0.1 - - [09/Aug/2026 05:01:34] "GET /index.audio.position.worklet.js HTTP/1.1" 200 -
[WebServer] 127.0.0.1 - - [09/Aug/2026 05:01:34] "GET /index.audio.worklet.js HTTP/1.1" 200 -
  x  1 [chromium] › tests\e2e\capture-scoring.spec.ts:7:7 › 真实捕获与计分 › E2E-CORE-02 目标当帧挂钩并在送达时只计分一次 (6.0s)
[WebServer] 127.0.0.1 - - [09/Aug/2026 05:01:38] "GET /?e2e=1 HTTP/1.1" 200 -
[WebServer] 127.0.0.1 - - [09/Aug/2026 05:01:38] "GET /index.png HTTP/1.1" 200 -
[WebServer] 127.0.0.1 - - [09/Aug/2026 05:01:38] "GET /index.js HTTP/1.1" 200 -
[WebServer] 127.0.0.1 - - [09/Aug/2026 05:01:38] "GET /index.wasm HTTP/1.1" 200 -
[WebServer] 127.0.0.1 - - [09/Aug/2026 05:01:38] "GET /index.pck HTTP/1.1" 200 -
[WebServer] 127.0.0.1 - - [09/Aug/2026 05:01:40] "GET /index.audio.position.worklet.js HTTP/1.1" 200 -
[WebServer] 127.0.0.1 - - [09/Aug/2026 05:01:40] "GET /index.audio.worklet.js HTTP/1.1" 200 -
  x  2 [chromium] › tests\e2e\capture-scoring.spec.ts:7:7 › 真实捕获与计分 › E2E-CORE-02 目标当帧挂钩并在送达时只计分一次 (retry #1) (6.4s)
[WebServer] 127.0.0.1 - - [09/Aug/2026 05:01:46] "GET /?e2e=1 HTTP/1.1" 200 -
[WebServer] 127.0.0.1 - - [09/Aug/2026 05:01:46] "GET /index.png HTTP/1.1" 200 -
[WebServer] 127.0.0.1 - - [09/Aug/2026 05:01:46] "GET /index.js HTTP/1.1" 200 -
[WebServer] 127.0.0.1 - - [09/Aug/2026 05:01:47] "GET /index.pck HTTP/1.1" 200 -
[WebServer] 127.0.0.1 - - [09/Aug/2026 05:01:47] "GET /index.wasm HTTP/1.1" 200 -
[WebServer] 127.0.0.1 - - [09/Aug/2026 05:01:48] "GET /index.audio.position.worklet.js HTTP/1.1" 200 -
[WebServer] 127.0.0.1 - - [09/Aug/2026 05:01:48] "GET /index.audio.worklet.js HTTP/1.1" 200 -
  x  3 [chromium] › tests\e2e\start-empty.spec.ts:10:5 › E2E-CORE-01 开始、Web 输入焦点与空钩零分 (12.5s)
[WebServer] 127.0.0.1 - - [09/Aug/2026 05:02:00] "GET /?e2e=1 HTTP/1.1" 200 -
[WebServer] 127.0.0.1 - - [09/Aug/2026 05:02:00] "GET /index.png HTTP/1.1" 200 -
[WebServer] 127.0.0.1 - - [09/Aug/2026 05:02:00] "GET /index.js HTTP/1.1" 200 -
[WebServer] 127.0.0.1 - - [09/Aug/2026 05:02:01] "GET /index.wasm HTTP/1.1" 200 -
[WebServer] 127.0.0.1 - - [09/Aug/2026 05:02:01] "GET /index.pck HTTP/1.1" 200 -
[WebServer] 127.0.0.1 - - [09/Aug/2026 05:02:02] "GET /index.audio.worklet.js HTTP/1.1" 200 -
[WebServer] 127.0.0.1 - - [09/Aug/2026 05:02:02] "GET /index.audio.position.worklet.js HTTP/1.1" 200 -
  x  4 [chromium] › tests\e2e\start-empty.spec.ts:10:5 › E2E-CORE-01 开始、Web 输入焦点与空钩零分 (retry #1) (15.1s)
[WebServer] 127.0.0.1 - - [09/Aug/2026 05:02:17] "GET /?e2e=1 HTTP/1.1" 200 -
[WebServer] 127.0.0.1 - - [09/Aug/2026 05:02:17] "GET /index.png HTTP/1.1" 200 -
[WebServer] 127.0.0.1 - - [09/Aug/2026 05:02:18] "GET /index.js HTTP/1.1" 200 -
[WebServer] 127.0.0.1 - - [09/Aug/2026 05:02:18] "GET /index.pck HTTP/1.1" 200 -
[WebServer] 127.0.0.1 - - [09/Aug/2026 05:02:18] "GET /index.wasm HTTP/1.1" 200 -
[WebServer] 127.0.0.1 - - [09/Aug/2026 05:02:19] "GET /index.audio.position.worklet.js HTTP/1.1" 200 -
[WebServer] 127.0.0.1 - - [09/Aug/2026 05:02:19] "GET /index.audio.worklet.js HTTP/1.1" 200 -
[WebServer] 127.0.0.1 - - [09/Aug/2026 05:02:21] "GET /?e2e=1 HTTP/1.1" 304 -
[WebServer] 127.0.0.1 - - [09/Aug/2026 05:02:21] "GET /index.wasm HTTP/1.1" 200 -
[WebServer] 127.0.0.1 - - [09/Aug/2026 05:02:21] "GET /index.pck HTTP/1.1" 200 -
[WebServer] 127.0.0.1 - - [09/Aug/2026 05:02:23] "GET /?e2e=1 HTTP/1.1" 304 -
[WebServer] 127.0.0.1 - - [09/Aug/2026 05:02:23] "GET /index.png HTTP/1.1" 304 -
[WebServer] 127.0.0.1 - - [09/Aug/2026 05:02:23] "GET /index.wasm HTTP/1.1" 200 -
[WebServer] 127.0.0.1 - - [09/Aug/2026 05:02:23] "GET /index.pck HTTP/1.1" 200 -
  x  5 [chromium] › tests\e2e\viewport-matrix.spec.ts:50:5 › E2E-VIEW-01 Web 视口布局矩阵 (8.7s)
[WebServer] 127.0.0.1 - - [09/Aug/2026 05:02:28] "GET /?e2e=1 HTTP/1.1" 200 -
[WebServer] 127.0.0.1 - - [09/Aug/2026 05:02:28] "GET /index.png HTTP/1.1" 200 -
[WebServer] 127.0.0.1 - - [09/Aug/2026 05:02:28] "GET /index.js HTTP/1.1" 200 -
[WebServer] 127.0.0.1 - - [09/Aug/2026 05:02:28] "GET /index.pck HTTP/1.1" 200 -
[WebServer] 127.0.0.1 - - [09/Aug/2026 05:02:28] "GET /index.wasm HTTP/1.1" 200 -
[WebServer] 127.0.0.1 - - [09/Aug/2026 05:02:30] "GET /index.audio.position.worklet.js HTTP/1.1" 200 -
[WebServer] 127.0.0.1 - - [09/Aug/2026 05:02:30] "GET /index.audio.worklet.js HTTP/1.1" 200 -
[WebServer] 127.0.0.1 - - [09/Aug/2026 05:02:33] "GET /?e2e=1 HTTP/1.1" 304 -
[WebServer] 127.0.0.1 - - [09/Aug/2026 05:02:33] "GET /index.wasm HTTP/1.1" 200 -
[WebServer] 127.0.0.1 - - [09/Aug/2026 05:02:33] "GET /index.pck HTTP/1.1" 200 -
[WebServer] 127.0.0.1 - - [09/Aug/2026 05:02:35] "GET /?e2e=1 HTTP/1.1" 304 -
[WebServer] 127.0.0.1 - - [09/Aug/2026 05:02:35] "GET /index.js HTTP/1.1" 304 -
[WebServer] 127.0.0.1 - - [09/Aug/2026 05:02:35] "GET /index.png HTTP/1.1" 304 -
[WebServer] 127.0.0.1 - - [09/Aug/2026 05:02:35] "GET /index.wasm HTTP/1.1" 200 -
[WebServer] 127.0.0.1 - - [09/Aug/2026 05:02:35] "GET /index.pck HTTP/1.1" 200 -
  x  6 [chromium] › tests\e2e\viewport-matrix.spec.ts:50:5 › E2E-VIEW-01 Web 视口布局矩阵 (retry #1) (12.7s)


  1) [chromium] › tests\e2e\capture-scoring.spec.ts:7:7 › 真实捕获与计分 › E2E-CORE-02 目标当帧挂钩并在送达时只计分一次 ───

    Error: browser console and page errors

    expect(received).toEqual(expected) // deep equality

    - Expected  -   1
    + Received  + 312

    - Array []
    + Array [
    +   "console: SCRIPT ERROR: Parse Error: Cannot infer the type of \"camera\" variable because the value doesn't have a set type.",
    +   "console:    at: GDScript::reload (res://addons/godotiq/godotiq_runtime.gd:463)",
    +   "console: SCRIPT ERROR: Parse Error: Cannot infer the type of \"screen_pos\" variable because the value doesn't have a set type.",
    +   "console:    at: GDScript::reload (res://addons/godotiq/godotiq_runtime.gd:468)",
    +   "console: SCRIPT ERROR: Parse Error: Cannot infer the type of \"world\" variable because the value doesn't have a set type.",
    +   "console:    at: GDScript::reload (res://addons/godotiq/godotiq_runtime.gd:944)",
    +   "console: SCRIPT ERROR: Parse Error: Could not find type \"Node3D\" in the current scope.",
    +   "console:    at: GDScript::reload (res://addons/godotiq/godotiq_runtime.gd:958)",
    +   "console: SCRIPT ERROR: Parse Error: Could not find type \"Node3D\" in the current scope.",
    +   "console:    at: GDScript::reload (res://addons/godotiq/godotiq_runtime.gd:963)",
    +   "console: SCRIPT ERROR: Parse Error: Could not find type \"Node3D\" in the current scope.",
    +   "console:    at: GDScript::reload (res://addons/godotiq/godotiq_runtime.gd:972)",
    +   "console: SCRIPT ERROR: Parse Error: Could not find type \"Node3D\" in the current scope.",
    +   "console:    at: GDScript::reload (res://addons/godotiq/godotiq_runtime.gd:977)",
    +   "console: SCRIPT ERROR: Parse Error: Identifier \"NavigationServer3D\" not declared in the current scope.",
    +   "console:    at: GDScript::reload (res://addons/godotiq/godotiq_runtime.gd:984)",
    +   "console: SCRIPT ERROR: Parse Error: Cannot infer the type of \"closest_from\" variable because the value doesn't have a set type.",
    +   "console:    at: GDScript::reload (res://addons/godotiq/godotiq_runtime.gd:984)",
    +   "console: SCRIPT ERROR: Parse Error: Identifier \"NavigationServer3D\" not declared in the current scope.",
    +   "console:    at: GDScript::reload (res://addons/godotiq/godotiq_runtime.gd:985)",
    +   "console: SCRIPT ERROR: Parse Error: Cannot infer the type of \"closest_to\" variable because the value doesn't have a set type.",
    +   "console:    at: GDScript::reload (res://addons/godotiq/godotiq_runtime.gd:985)",
    +   "console: SCRIPT ERROR: Parse Error: Identifier \"NavigationServer3D\" not declared in the current scope.",
    +   "console:    at: GDScript::reload (res://addons/godotiq/godotiq_runtime.gd:991)",
    +   "console: SCRIPT ERROR: Parse Error: Could not find type \"RichTextLabel\" in the current scope.",
    +   "console:    at: GDScript::reload (res://addons/godotiq/godotiq_runtime.gd:1268)",
    +   "console: SCRIPT ERROR: Parse Error: Could not find type \"RichTextLabel\" in the current scope.",
    +   "console:    at: GDScript::reload (res://addons/godotiq/godotiq_runtime.gd:1269)",
    +   "console: SCRIPT ERROR: Parse Error: Could not find type \"TextEdit\" in the current scope.",
    +   "console:    at: GDScript::reload (res://addons/godotiq/godotiq_runtime.gd:1274)",
    +   "console: SCRIPT ERROR: Parse Error: Could not find type \"TextEdit\" in the current scope.",
    +   "console:    at: GDScript::reload (res://addons/godotiq/godotiq_runtime.gd:1275)",
    +   "console: SCRIPT ERROR: Parse Error: Could not find type \"SpinBox\" in the current scope.",
    +   "console:    at: GDScript::reload (res://addons/godotiq/godotiq_runtime.gd:1281)",
    +   "console: SCRIPT ERROR: Parse Error: Could not find type \"SpinBox\" in the current scope.",
    +   "console:    at: GDScript::reload (res://addons/godotiq/godotiq_runtime.gd:1283)",
    +   "console: SCRIPT ERROR: Parse Error: Could not find type \"Camera3D\" in the current scope.",
    +   "console:    at: GDScript::reload (res://addons/godotiq/godotiq_runtime.gd:1383)",
    +   "console: SCRIPT ERROR: Parse Error: Identifier \"Camera3D\" not declared in the current scope.",
    +   "console:    at: GDScript::reload (res://addons/godotiq/godotiq_runtime.gd:1389)",
    +   "console: SCRIPT ERROR: Parse Error: Cannot infer the type of \"drone\" variable because the value doesn't have a set type.",
    +   "console:    at: GDScript::reload (res://addons/godotiq/godotiq_runtime.gd:1389)",
    +   "console: SCRIPT ERROR: Parse Error: Could not find type \"Camera3D\" in the current scope.",
    +   "console:    at: GDScript::reload (res://addons/godotiq/godotiq_runtime.gd:1447)",
    +   "console: SCRIPT ERROR: Parse Error: Could not find type \"Node3D\" in the current scope.",
    +   "console:    at: GDScript::reload (res://addons/godotiq/godotiq_runtime.gd:1525)",
    +   "console: ERROR: Failed to load script \"res://addons/godotiq/godotiq_runtime.gd\" with error \"Parse error\".",
    +   "console:    at: load (modules\\gdscript\\gdscript_resource_format.cpp:46)",
    +   "console: ERROR: Failed to instantiate an autoload, script 'res://addons/godotiq/godotiq_runtime.gd' does not inherit from 'Node'.",
    +   "console:    at: start (main\\main.cpp:4535)",
    +   "console: ERROR: Condition \"img.is_null() || img->is_empty()\" is true. Returning: Ref<Image>()",
    +   "console:    at: load_image_from_file (scene\\resources\\compressed_texture.cpp:343)",
    +   "console: ERROR: Failed loading resource: res://.godot/imported/ocean-background.png-2a45ccb46859053b8f01bbc11fd6a736.ctex.",
    +   "console:    at: _load (core\\io\\resource_loader.cpp:317)",
    +   "console: ERROR: Failed loading resource: res://resources/environment/ocean-background.png.",
    +   "console:    at: _load (core\\io\\resource_loader.cpp:317)",
    +   "console: ERROR: Condition \"img.is_null() || img->is_empty()\" is true. Returning: Ref<Image>()",
    +   "console:    at: load_image_from_file (scene\\resources\\compressed_texture.cpp:343)",
    +   "console: ERROR: Failed loading resource: res://.godot/imported/cloud-03-large-center.png-23e9b0f50f26c0e4ccb7ec3994e89e45.ctex.",
    +   "console:    at: _load (core\\io\\resource_loader.cpp:317)",
    +   "console: ERROR: Failed loading resource: res://resources/environment_sliced/clouds/cloud-03-large-center.png.",
    +   "console:    at: _load (core\\io\\resource_loader.cpp:317)",
    +   "console: ERROR: Condition \"img.is_null() || img->is_empty()\" is true. Returning: Ref<Image>()",
    +   "console:    at: load_image_from_file (scene\\resources\\compressed_texture.cpp:343)",
    +   "console: ERROR: Failed loading resource: res://.godot/imported/lighthouse-island.png-b3bf27c0debb00384efdb040f2be3868.ctex.",
    +   "console:    at: _load (core\\io\\resource_loader.cpp:317)",
    +   "console: ERROR: Failed loading resource: res://resources/environment_sliced/island/lighthouse-island.png.",
    +   "console:    at: _load (core\\io\\resource_loader.cpp:317)",
    +   "console: ERROR: Condition \"img.is_null() || img->is_empty()\" is true. Returning: Ref<Image>()",
    +   "console:    at: load_image_from_file (scene\\resources\\compressed_texture.cpp:343)",
    +   "console: ERROR: Failed loading resource: res://.godot/imported/seabed-decoration.png-f0d4b69ace78ba4676e9477aac2cf5b4.ctex.",
    +   "console:    at: _load (core\\io\\resource_loader.cpp:317)",
    +   "console: ERROR: Failed loading resource: res://resources/environment/seabed-decoration.png.",
    +   "console:    at: _load (core\\io\\resource_loader.cpp:317)",
    +   "console: ERROR: Condition \"img.is_null() || img->is_empty()\" is true. Returning: Ref<Image>()",
    +   "console:    at: load_image_from_file (scene\\resources\\compressed_texture.cpp:343)",
    +   "console: ERROR: Failed loading resource: res://.godot/imported/surface-wave-strip.png-8263ffc31adf7bb182c47f2703cc9232.ctex.",
    +   "console:    at: _load (core\\io\\resource_loader.cpp:317)",
    +   "console: ERROR: Failed loading resource: res://resources/environment/surface-wave-strip.png.",
    +   "console:    at: _load (core\\io\\resource_loader.cpp:317)",
    +   "console: ERROR: Condition \"img.is_null() || img->is_empty()\" is true. Returning: Ref<Image>()",
    +   "console:    at: load_image_from_file (scene\\resources\\compressed_texture.cpp:343)",
    +   "console: ERROR: Failed loading resource: res://.godot/imported/boat_body.png-a44818dd24af39bc0deb40c36aac93e6.ctex.",
    +   "console:    at: _load (core\\io\\resource_loader.cpp:317)",
    +   "console: ERROR: Failed loading resource: res://resources/characters/boat_body.png.",
    +   "console:    at: _load (core\\io\\resource_loader.cpp:317)",
    +   "console: ERROR: Condition \"img.is_null() || img->is_empty()\" is true. Returning: Ref<Image>()",
    +   "console:    at: load_image_from_file (scene\\resources\\compressed_texture.cpp:343)",
    +   "console: ERROR: Failed loading resource: res://.godot/imported/boy_head.png-1ace9c3ae029aca0706dd42ca966152d.ctex.",
    +   "console:    at: _load (core\\io\\resource_loader.cpp:317)",
    +   "console: ERROR: Failed loading resource: res://resources/characters/boy_head.png.",
    +   "console:    at: _load (core\\io\\resource_loader.cpp:317)",
    +   "console: ERROR: Condition \"img.is_null() || img->is_empty()\" is true. Returning: Ref<Image>()",
    +   "console:    at: load_image_from_file (scene\\resources\\compressed_texture.cpp:343)",
    +   "console: ERROR: Failed loading resource: res://.godot/imported/girl_head.png-e2bbf8e3c7c5f8647fccc7c28d70452e.ctex.",
    +   "console:    at: _load (core\\io\\resource_loader.cpp:317)",
    +   "console: ERROR: Failed loading resource: res://resources/characters/girl_head.png.",
    +   "console:    at: _load (core\\io\\resource_loader.cpp:317)",
    +   "console: ERROR: Condition \"img.is_null() || img->is_empty()\" is true. Returning: Ref<Image>()",
    +   "console:    at: load_image_from_file (scene\\resources\\compressed_texture.cpp:343)",
    +   "console: ERROR: Failed loading resource: res://.godot/imported/blue-small-swim.png-108bfc0cf186a41df4ad87f6f014e3a5.ctex.",
    +   "console:    at: _load (core\\io\\resource_loader.cpp:317)",
    +   "console: ERROR: Failed loading resource: res://resources/fish/blue-small-swim.png.",
    +   "console:    at: _load (core\\io\\resource_loader.cpp:317)",
    +   "console: ERROR: Condition \"img.is_null() || img->is_empty()\" is true. Returning: Ref<Image>()",
    +   "console:    at: load_image_from_file (scene\\resources\\compressed_texture.cpp:343)",
    +   "console: ERROR: Failed loading resource: res://.godot/imported/blue-small-caught.png-50a2af6503b08e32bb30bed5b533ea4d.ctex.",
    +   "console:    at: _load (core\\io\\resource_loader.cpp:317)",
    +   "console: ERROR: Failed loading resource: res://resources/fish/blue-small-caught.png.",
    +   "console:    at: _load (core\\io\\resource_loader.cpp:317)",
    +   "console: ERROR: Condition \"img.is_null() || img->is_empty()\" is true. Returning: Ref<Image>()",
    +   "console:    at: load_image_from_file (scene\\resources\\compressed_texture.cpp:343)",
    +   "console: ERROR: Failed loading resource: res://.godot/imported/green-scrap-swim.png-ea4b871e4dc5a9c0a1b85b615e88e4a2.ctex.",
    +   "console:    at: _load (core\\io\\resource_loader.cpp:317)",
    +   "console: ERROR: Failed loading resource: res://resources/fish/green-scrap-swim.png.",
    +   "console:    at: _load (core\\io\\resource_loader.cpp:317)",
    +   "console: ERROR: Condition \"img.is_null() || img->is_empty()\" is true. Returning: Ref<Image>()",
    +   "console:    at: load_image_from_file (scene\\resources\\compressed_texture.cpp:343)",
    +   "console: ERROR: Failed loading resource: res://.godot/imported/green-scrap-caught.png-3e77a518be6ae73c7aefba624c602a65.ctex.",
    +   "console:    at: _load (core\\io\\resource_loader.cpp:317)",
    +   "console: ERROR: Failed loading resource: res://resources/fish/green-scrap-caught.png.",
    +   "console:    at: _load (core\\io\\resource_loader.cpp:317)",
    +   "console: ERROR: Condition \"img.is_null() || img->is_empty()\" is true. Returning: Ref<Image>()",
    +   "console:    at: load_image_from_file (scene\\resources\\compressed_texture.cpp:343)",
    +   "console: ERROR: Failed loading resource: res://.godot/imported/yellow-striped-swim.png-2ed02746ea87c33e1eba940383d8cc49.ctex.",
    +   "console:    at: _load (core\\io\\resource_loader.cpp:317)",
    +   "console: ERROR: Failed loading resource: res://resources/fish/yellow-striped-swim.png.",
    +   "console:    at: _load (core\\io\\resource_loader.cpp:317)",
    +   "console: ERROR: Condition \"img.is_null() || img->is_empty()\" is true. Returning: Ref<Image>()",
    +   "console:    at: load_image_from_file (scene\\resources\\compressed_texture.cpp:343)",
    +   "console: ERROR: Failed loading resource: res://.godot/imported/yellow-striped-caught.png-9be6116b1904b3e231806f4c62136729.ctex.",
    +   "console:    at: _load (core\\io\\resource_loader.cpp:317)",
    +   "console: ERROR: Failed loading resource: res://resources/fish/yellow-striped-caught.png.",
    +   "console:    at: _load (core\\io\\resource_loader.cpp:317)",
    +   "console: ERROR: Condition \"img.is_null() || img->is_empty()\" is true. Returning: Ref<Image>()",
    +   "console:    at: load_image_from_file (scene\\resources\\compressed_texture.cpp:343)",
    +   "console: ERROR: Failed loading resource: res://.godot/imported/crab.png-2d22402a2bcc28e5d37f3445427315c8.ctex.",
    +   "console:    at: _load (core\\io\\resource_loader.cpp:317)",
    +   "console: ERROR: Failed loading resource: res://resources/creatures/crab.png.",
    +   "console:    at: _load (core\\io\\resource_loader.cpp:317)",
    +   "console: ERROR: Condition \"img.is_null() || img->is_empty()\" is true. Returning: Ref<Image>()",
    +   "console:    at: load_image_from_file (scene\\resources\\compressed_texture.cpp:343)",
    +   "console: ERROR: Failed loading resource: res://.godot/imported/jellyfish.png-97f7a9ea8459531aa3483f4c014a16d2.ctex.",
    +   "console:    at: _load (core\\io\\resource_loader.cpp:317)",
    +   "console: ERROR: Failed loading resource: res://resources/creatures/jellyfish.png.",
    +   "console:    at: _load (core\\io\\resource_loader.cpp:317)",
    +   "console: ERROR: Condition \"img.is_null() || img->is_empty()\" is true. Returning: Ref<Image>()",
    +   "console:    at: load_image_from_file (scene\\resources\\compressed_texture.cpp:343)",
    +   "console: ERROR: Failed loading resource: res://.godot/imported/old-boot.png-660b38fd139cb277d9b5187fd80f9adb.ctex.",
    +   "console:    at: _load (core\\io\\resource_loader.cpp:317)",
    +   "console: ERROR: Failed loading resource: res://resources/pickups/old-boot.png.",
    +   "console:    at: _load (core\\io\\resource_loader.cpp:317)",
    +   "console: ERROR: Condition \"img.is_null() || img->is_empty()\" is true. Returning: Ref<Image>()",
    +   "console:    at: load_image_from_file (scene\\resources\\compressed_texture.cpp:343)",
    +   "console: ERROR: Failed loading resource: res://.godot/imported/tin-can.png-8d501993c9c3d420539166a37bf87a0b.ctex.",
    +   "console:    at: _load (core\\io\\resource_loader.cpp:317)",
    +   "console: ERROR: Failed loading resource: res://resources/pickups/tin-can.png.",
    +   "console:    at: _load (core\\io\\resource_loader.cpp:317)",
    +   "console: ERROR: Condition \"img.is_null() || img->is_empty()\" is true. Returning: Ref<Image>()",
    +   "console:    at: load_image_from_file (scene\\resources\\compressed_texture.cpp:343)",
    +   "console: ERROR: Failed loading resource: res://.godot/imported/speed-reel.png-2f472c4ec1f16e54e1a959c42a50cb7a.ctex.",
    +   "console:    at: _load (core\\io\\resource_loader.cpp:317)",
    +   "console: ERROR: Failed loading resource: res://resources/powerups/speed-reel.png.",
    +   "console:    at: _load (core\\io\\resource_loader.cpp:317)",
    +   "console: ERROR: Condition \"img.is_null() || img->is_empty()\" is true. Returning: Ref<Image>()",
    +   "console:    at: load_image_from_file (scene\\resources\\compressed_texture.cpp:343)",
    +   "console: ERROR: Failed loading resource: res://.godot/imported/purple-giant-swim.png-e3dd90ee30cb0648ab2f98b60c55b957.ctex.",
    +   "console:    at: _load (core\\io\\resource_loader.cpp:317)",
    +   "console: ERROR: Failed loading resource: res://resources/fish/purple-giant-swim.png.",
    +   "console:    at: _load (core\\io\\resource_loader.cpp:317)",
    +   "console: ERROR: Condition \"img.is_null() || img->is_empty()\" is true. Returning: Ref<Image>()",
    +   "console:    at: load_image_from_file (scene\\resources\\compressed_texture.cpp:343)",
    +   "console: ERROR: Failed loading resource: res://.godot/imported/purple-giant-caught.png-0f269105a0618c79cfa42845560912cd.ctex.",
    +   "console:    at: _load (core\\io\\resource_loader.cpp:317)",
    +   "console: ERROR: Failed loading resource: res://resources/fish/purple-giant-caught.png.",
    +   "console:    at: _load (core\\io\\resource_loader.cpp:317)",
    +   "console: ERROR: Condition \"img.is_null() || img->is_empty()\" is true. Returning: Ref<Image>()",
    +   "console:    at: load_image_from_file (scene\\resources\\compressed_texture.cpp:343)",
    +   "console: ERROR: Failed loading resource: res://.godot/imported/pearl-shell.png-407d7aad2fb7af8d4007c646d8d1cf2e.ctex.",
    +   "console:    at: _load (core\\io\\resource_loader.cpp:317)",
    +   "console: ERROR: Failed loading resource: res://resources/pickups/pearl-shell.png.",
    +   "console:    at: _load (core\\io\\resource_loader.cpp:317)",
    +   "console: ERROR: Condition \"img.is_null() || img->is_empty()\" is true. Returning: Ref<Image>()",
    +   "console:    at: load_image_from_file (scene\\resources\\compressed_texture.cpp:343)",
    +   "console: ERROR: Failed loading resource: res://.godot/imported/tire.png-c26f578583a32f1a9c1c9f2acdbd0330.ctex.",
    +   "console:    at: _load (core\\io\\resource_loader.cpp:317)",
    +   "console: ERROR: Failed loading resource: res://resources/pickups/tire.png.",
    +   "console:    at: _load (core\\io\\resource_loader.cpp:317)",
    +   "console: ERROR: Condition \"img.is_null() || img->is_empty()\" is true. Returning: Ref<Image>()",
    +   "console:    at: load_image_from_file (scene\\resources\\compressed_texture.cpp:343)",
    +   "console: ERROR: Failed loading resource: res://.godot/imported/pufferfish-swim.png-d59415bc822be0d9ac451420e3c1fe52.ctex.",
    +   "console:    at: _load (core\\io\\resource_loader.cpp:317)",
    +   "console: ERROR: Failed loading resource: res://resources/fish/pufferfish-swim.png.",
    +   "console:    at: _load (core\\io\\resource_loader.cpp:317)",
    +   "console: ERROR: Condition \"img.is_null() || img->is_empty()\" is true. Returning: Ref<Image>()",
    +   "console:    at: load_image_from_file (scene\\resources\\compressed_texture.cpp:343)",
    +   "console: ERROR: Failed loading resource: res://.godot/imported/pufferfish-caught.png-eef9d991bdc95cdd13e86710a435cf5a.ctex.",
    +   "console:    at: _load (core\\io\\resource_loader.cpp:317)",
    +   "console: ERROR: Failed loading resource: res://resources/fish/pufferfish-caught.png.",
    +   "console:    at: _load (core\\io\\resource_loader.cpp:317)",
    +   "console: ERROR: Condition \"img.is_null() || img->is_empty()\" is true. Returning: Ref<Image>()",
    +   "console:    at: load_image_from_file (scene\\resources\\compressed_texture.cpp:343)",
    +   "console: ERROR: Failed loading resource: res://.godot/imported/seahorse-swim.png-6094f29e7fa01e7637da16a8ff41e04e.ctex.",
    +   "console:    at: _load (core\\io\\resource_loader.cpp:317)",
    +   "console: ERROR: Failed loading resource: res://resources/fish/seahorse-swim.png.",
    +   "console:    at: _load (core\\io\\resource_loader.cpp:317)",
    +   "console: ERROR: Condition \"img.is_null() || img->is_empty()\" is true. Returning: Ref<Image>()",
    +   "console:    at: load_image_from_file (scene\\resources\\compressed_texture.cpp:343)",
    +   "console: ERROR: Failed loading resource: res://.godot/imported/seahorse-caught.png-86468c76bbe455c12927574e8ecba89e.ctex.",
    +   "console:    at: _load (core\\io\\resource_loader.cpp:317)",
    +   "console: ERROR: Failed loading resource: res://resources/fish/seahorse-caught.png.",
    +   "console:    at: _load (core\\io\\resource_loader.cpp:317)",
    +   "console: ERROR: Condition \"img.is_null() || img->is_empty()\" is true. Returning: Ref<Image>()",
    +   "console:    at: load_image_from_file (scene\\resources\\compressed_texture.cpp:343)",
    +   "console: ERROR: Failed loading resource: res://.godot/imported/giant-hook.png-432a27d8fb2c10fc479a296094ea71f1.ctex.",
    +   "console:    at: _load (core\\io\\resource_loader.cpp:317)",
    +   "console: ERROR: Failed loading resource: res://resources/powerups/giant-hook.png.",
    +   "console:    at: _load (core\\io\\resource_loader.cpp:317)",
    +   "console: ERROR: Condition \"img.is_null() || img->is_empty()\" is true. Returning: Ref<Image>()",
    +   "console:    at: load_image_from_file (scene\\resources\\compressed_texture.cpp:343)",
    +   "console: ERROR: Failed loading resource: res://.godot/imported/orange-rare-swim.png-0fc04f7531799bde76aea21d0a2d219a.ctex.",
    +   "console:    at: _load (core\\io\\resource_loader.cpp:317)",
    +   "console: ERROR: Failed loading resource: res://resources/fish/orange-rare-swim.png.",
    +   "console:    at: _load (core\\io\\resource_loader.cpp:317)",
    +   "console: ERROR: Condition \"img.is_null() || img->is_empty()\" is true. Returning: Ref<Image>()",
    +   "console:    at: load_image_from_file (scene\\resources\\compressed_texture.cpp:343)",
    +   "console: ERROR: Failed loading resource: res://.godot/imported/orange-rare-caught.png-045946cc4077fe9ef0c9a9a80028eabe.ctex.",
    +   "console:    at: _load (core\\io\\resource_loader.cpp:317)",
    +   "console: ERROR: Failed loading resource: res://resources/fish/orange-rare-caught.png.",
    +   "console:    at: _load (core\\io\\resource_loader.cpp:317)",
    +   "console: ERROR: Condition \"img.is_null() || img->is_empty()\" is true. Returning: Ref<Image>()",
    +   "console:    at: load_image_from_file (scene\\resources\\compressed_texture.cpp:343)",
    +   "console: ERROR: Failed loading resource: res://.godot/imported/treasure-chest.png-626816cb3e5027ec058c0dc07a253720.ctex.",
    +   "console:    at: _load (core\\io\\resource_loader.cpp:317)",
    +   "console: ERROR: Failed loading resource: res://resources/pickups/treasure-chest.png.",
    +   "console:    at: _load (core\\io\\resource_loader.cpp:317)",
    +   "console: ERROR: Condition \"img.is_null() || img->is_empty()\" is true. Returning: Ref<Image>()",
    +   "console:    at: load_image_from_file (scene\\resources\\compressed_texture.cpp:343)",
    +   "console: ERROR: Failed loading resource: res://.godot/imported/squid.png-e137f4fc2ec8cc5ea4cf51465731dffa.ctex.",
    +   "console:    at: _load (core\\io\\resource_loader.cpp:317)",
    +   "console: ERROR: Failed loading resource: res://resources/creatures/squid.png.",
    +   "console:    at: _load (core\\io\\resource_loader.cpp:317)",
    +   "console: ERROR: Condition \"img.is_null() || img->is_empty()\" is true. Returning: Ref<Image>()",
    +   "console:    at: load_image_from_file (scene\\resources\\compressed_texture.cpp:343)",
    +   "console: ERROR: Failed loading resource: res://.godot/imported/sea-turtle.png-bb400f5204b9e372d7f963ad2ea866bf.ctex.",
    +   "console:    at: _load (core\\io\\resource_loader.cpp:317)",
    +   "console: ERROR: Failed loading resource: res://resources/creatures/sea-turtle.png.",
    +   "console:    at: _load (core\\io\\resource_loader.cpp:317)",
    +   "console: ERROR: Condition \"img.is_null() || img->is_empty()\" is true. Returning: Ref<Image>()",
    +   "console:    at: load_image_from_file (scene\\resources\\compressed_texture.cpp:343)",
    +   "console: ERROR: Failed loading resource: res://.godot/imported/freeze-crystal.png-f0f65d0466d2bd680a00a4a62f02a2e8.ctex.",
    +   "console:    at: _load (core\\io\\resource_loader.cpp:317)",
    +   "console: ERROR: Failed loading resource: res://resources/powerups/freeze-crystal.png.",
    +   "console:    at: _load (core\\io\\resource_loader.cpp:317)",
    +   "console: ERROR: Condition \"img.is_null() || img->is_empty()\" is true. Returning: Ref<Image>()",
    +   "console:    at: load_image_from_file (scene\\resources\\compressed_texture.cpp:343)",
    +   "console: ERROR: Failed loading resource: res://.godot/imported/claw-hook.png-658ac30bfb83d5f7eca89426361d584e.ctex.",
    +   "console:    at: _load (core\\io\\resource_loader.cpp:317)",
    +   "console: ERROR: Failed loading resource: res://resources/tools/claw-hook.png.",
    +   "console:    at: _load (core\\io\\resource_loader.cpp:317)",
    +   "console: ERROR: Condition \"img.is_null() || img->is_empty()\" is true. Returning: Ref<Image>()",
    +   "console:    at: load_image_from_file (scene\\resources\\compressed_texture.cpp:343)",
    +   "console: ERROR: Failed loading resource: res://.godot/imported/icon-coin.svg-c93d0f43093edde5eb300f03d7a12239.ctex.",
    +   "console:    at: _load (core\\io\\resource_loader.cpp:317)",
    +   "console: ERROR: Failed loading resource: res://resources/ui/icon-coin.svg.",
    +   "console:    at: _load (core\\io\\resource_loader.cpp:317)",
    +   "console: ERROR: Condition \"img.is_null() || img->is_empty()\" is true. Returning: Ref<Image>()",
    +   "console:    at: load_image_from_file (scene\\resources\\compressed_texture.cpp:343)",
    +   "console: ERROR: Failed loading resource: res://.godot/imported/icon-clock.svg-6546705e8cf8393b8ea9021e02292a05.ctex.",
    +   "console:    at: _load (core\\io\\resource_loader.cpp:317)",
    +   "console: ERROR: Failed loading resource: res://resources/ui/icon-clock.svg.",
    +   "console:    at: _load (core\\io\\resource_loader.cpp:317)",
    +   "console: ERROR: Catchable has an invalid definition: BlueSmall",
    +   "console:    at: push_error (core\\variant\\variant_utility.cpp:1023)",
    +   "console: ERROR: Catchable has an invalid definition: GreenScrap",
    +   "console:    at: push_error (core\\variant\\variant_utility.cpp:1023)",
    +   "console: ERROR: Catchable has an invalid definition: YellowStriped",
    +   "console:    at: push_error (core\\variant\\variant_utility.cpp:1023)",
    +   "console: ERROR: Catchable has an invalid definition: Crab",
    +   "console:    at: push_error (core\\variant\\variant_utility.cpp:1023)",
    +   "console: ERROR: Catchable has an invalid definition: Jellyfish",
    +   "console:    at: push_error (core\\variant\\variant_utility.cpp:1023)",
    +   "console: ERROR: Catchable has an invalid definition: OldBoot",
    +   "console:    at: push_error (core\\variant\\variant_utility.cpp:1023)",
    +   "console: ERROR: Catchable has an invalid definition: TinCan",
    +   "console:    at: push_error (core\\variant\\variant_utility.cpp:1023)",
    +   "console: ERROR: PowerupPickup has an invalid definition: SpeedReel",
    +   "console:    at: push_error (core\\variant\\variant_utility.cpp:1023)",
    +   "console: ERROR: Catchable has an invalid definition: PurpleGiant",
    +   "console:    at: push_error (core\\variant\\variant_utility.cpp:1023)",
    +   "console: ERROR: Catchable has an invalid definition: PearlShell",
    +   "console:    at: push_error (core\\variant\\variant_utility.cpp:1023)",
    +   "console: ERROR: Catchable has an invalid definition: Tire",
    +   "console:    at: push_error (core\\variant\\variant_utility.cpp:1023)",
    +   "console: ERROR: Catchable has an invalid definition: Pufferfish",
    +   "console:    at: push_error (core\\variant\\variant_utility.cpp:1023)",
    +   "console: ERROR: Catchable has an invalid definition: Seahorse",
    +   "console:    at: push_error (core\\variant\\variant_utility.cpp:1023)",
    +   "console: ERROR: PowerupPickup has an invalid definition: GiantHook",
    +   "console:    at: push_error (core\\variant\\variant_utility.cpp:1023)",
    +   "console: ERROR: Catchable has an invalid definition: OrangeRare",
    +   "console:    at: push_error (core\\variant\\variant_utility.cpp:1023)",
    +   "console: ERROR: Catchable has an invalid definition: TreasureChest",
    +   "console:    at: push_error (core\\variant\\variant_utility.cpp:1023)",
    +   "console: ERROR: Catchable has an invalid definition: Squid",
    +   "console:    at: push_error (core\\variant\\variant_utility.cpp:1023)",
    +   "console: ERROR: Catchable has an invalid definition: SeaTurtle",
    +   "console:    at: push_error (core\\variant\\variant_utility.cpp:1023)",
    +   "console: ERROR: PowerupPickup has an invalid definition: FreezeCrystal",
    +   "console:    at: push_error (core\\variant\\variant_utility.cpp:1023)",
    + ]

       at fixtures.ts:11

       9 |     })
      10 |     await use(browserErrors)
    > 11 |     expect(browserErrors, 'browser console and page errors').toEqual([])
         |                                                              ^
      12 |   }, { auto: true }],
      13 | })
      14 |
        at Object.exports.test._test.test.extend.browserErrors.auto (D:\godot\project\fishing-baby\tests\e2e\fixtures.ts:11:62)

    attachment #1: screenshot (image/png) ──────────────────────────────────────────────────────────
    test-results\capture-scoring-真实捕获与计分-E2E-CORE-02-目标当帧挂钩并在送达时只计分一次-chromium\test-failed-1.png
    ────────────────────────────────────────────────────────────────────────────────────────────────

    Error Context: test-results\capture-scoring-真实捕获与计分-E2E-CORE-02-目标当帧挂钩并在送达时只计分一次-chromium\error-context.md

    Retry #1 ───────────────────────────────────────────────────────────────────────────────────────

    Error: browser console and page errors

    expect(received).toEqual(expected) // deep equality

    - Expected  -   1
    + Received  + 312

    - Array []
    + Array [
    +   "console: SCRIPT ERROR: Parse Error: Cannot infer the type of \"camera\" variable because the value doesn't have a set type.",
    +   "console:    at: GDScript::reload (res://addons/godotiq/godotiq_runtime.gd:463)",
    +   "console: SCRIPT ERROR: Parse Error: Cannot infer the type of \"screen_pos\" variable because the value doesn't have a set type.",
    +   "console:    at: GDScript::reload (res://addons/godotiq/godotiq_runtime.gd:468)",
    +   "console: SCRIPT ERROR: Parse Error: Cannot infer the type of \"world\" variable because the value doesn't have a set type.",
    +   "console:    at: GDScript::reload (res://addons/godotiq/godotiq_runtime.gd:944)",
    +   "console: SCRIPT ERROR: Parse Error: Could not find type \"Node3D\" in the current scope.",
    +   "console:    at: GDScript::reload (res://addons/godotiq/godotiq_runtime.gd:958)",
    +   "console: SCRIPT ERROR: Parse Error: Could not find type \"Node3D\" in the current scope.",
    +   "console:    at: GDScript::reload (res://addons/godotiq/godotiq_runtime.gd:963)",
    +   "console: SCRIPT ERROR: Parse Error: Could not find type \"Node3D\" in the current scope.",
    +   "console:    at: GDScript::reload (res://addons/godotiq/godotiq_runtime.gd:972)",
    +   "console: SCRIPT ERROR: Parse Error: Could not find type \"Node3D\" in the current scope.",
    +   "console:    at: GDScript::reload (res://addons/godotiq/godotiq_runtime.gd:977)",
    +   "console: SCRIPT ERROR: Parse Error: Identifier \"NavigationServer3D\" not declared in the current scope.",
    +   "console:    at: GDScript::reload (res://addons/godotiq/godotiq_runtime.gd:984)",
    +   "console: SCRIPT ERROR: Parse Error: Cannot infer the type of \"closest_from\" variable because the value doesn't have a set type.",
    +   "console:    at: GDScript::reload (res://addons/godotiq/godotiq_runtime.gd:984)",
    +   "console: SCRIPT ERROR: Parse Error: Identifier \"NavigationServer3D\" not declared in the current scope.",
    +   "console:    at: GDScript::reload (res://addons/godotiq/godotiq_runtime.gd:985)",
    +   "console: SCRIPT ERROR: Parse Error: Cannot infer the type of \"closest_to\" variable because the value doesn't have a set type.",
    +   "console:    at: GDScript::reload (res://addons/godotiq/godotiq_runtime.gd:985)",
    +   "console: SCRIPT ERROR: Parse Error: Identifier \"NavigationServer3D\" not declared in the current scope.",
    +   "console:    at: GDScript::reload (res://addons/godotiq/godotiq_runtime.gd:991)",
    +   "console: SCRIPT ERROR: Parse Error: Could not find type \"RichTextLabel\" in the current scope.",
    +   "console:    at: GDScript::reload (res://addons/godotiq/godotiq_runtime.gd:1268)",
    +   "console: SCRIPT ERROR: Parse Error: Could not find type \"RichTextLabel\" in the current scope.",
    +   "console:    at: GDScript::reload (res://addons/godotiq/godotiq_runtime.gd:1269)",
    +   "console: SCRIPT ERROR: Parse Error: Could not find type \"TextEdit\" in the current scope.",
    +   "console:    at: GDScript::reload (res://addons/godotiq/godotiq_runtime.gd:1274)",
    +   "console: SCRIPT ERROR: Parse Error: Could not find type \"TextEdit\" in the current scope.",
    +   "console:    at: GDScript::reload (res://addons/godotiq/godotiq_runtime.gd:1275)",
    +   "console: SCRIPT ERROR: Parse Error: Could not find type \"SpinBox\" in the current scope.",
    +   "console:    at: GDScript::reload (res://addons/godotiq/godotiq_runtime.gd:1281)",
    +   "console: SCRIPT ERROR: Parse Error: Could not find type \"SpinBox\" in the current scope.",
    +   "console:    at: GDScript::reload (res://addons/godotiq/godotiq_runtime.gd:1283)",
    +   "console: SCRIPT ERROR: Parse Error: Could not find type \"Camera3D\" in the current scope.",
    +   "console:    at: GDScript::reload (res://addons/godotiq/godotiq_runtime.gd:1383)",
    +   "console: SCRIPT ERROR: Parse Error: Identifier \"Camera3D\" not declared in the current scope.",
    +   "console:    at: GDScript::reload (res://addons/godotiq/godotiq_runtime.gd:1389)",
    +   "console: SCRIPT ERROR: Parse Error: Cannot infer the type of \"drone\" variable because the value doesn't have a set type.",
    +   "console:    at: GDScript::reload (res://addons/godotiq/godotiq_runtime.gd:1389)",
    +   "console: SCRIPT ERROR: Parse Error: Could not find type \"Camera3D\" in the current scope.",
    +   "console:    at: GDScript::reload (res://addons/godotiq/godotiq_runtime.gd:1447)",
    +   "console: SCRIPT ERROR: Parse Error: Could not find type \"Node3D\" in the current scope.",
    +   "console:    at: GDScript::reload (res://addons/godotiq/godotiq_runtime.gd:1525)",
    +   "console: ERROR: Failed to load script \"res://addons/godotiq/godotiq_runtime.gd\" with error \"Parse error\".",
    +   "console:    at: load (modules\\gdscript\\gdscript_resource_format.cpp:46)",
    +   "console: ERROR: Failed to instantiate an autoload, script 'res://addons/godotiq/godotiq_runtime.gd' does not inherit from 'Node'.",
    +   "console:    at: start (main\\main.cpp:4535)",
    +   "console: ERROR: Condition \"img.is_null() || img->is_empty()\" is true. Returning: Ref<Image>()",
    +   "console:    at: load_image_from_file (scene\\resources\\compressed_texture.cpp:343)",
    +   "console: ERROR: Failed loading resource: res://.godot/imported/ocean-background.png-2a45ccb46859053b8f01bbc11fd6a736.ctex.",
    +   "console:    at: _load (core\\io\\resource_loader.cpp:317)",
    +   "console: ERROR: Failed loading resource: res://resources/environment/ocean-background.png.",
    +   "console:    at: _load (core\\io\\resource_loader.cpp:317)",
    +   "console: ERROR: Condition \"img.is_null() || img->is_empty()\" is true. Returning: Ref<Image>()",
    +   "console:    at: load_image_from_file (scene\\resources\\compressed_texture.cpp:343)",
    +   "console: ERROR: Failed loading resource: res://.godot/imported/cloud-03-large-center.png-23e9b0f50f26c0e4ccb7ec3994e89e45.ctex.",
    +   "console:    at: _load (core\\io\\resource_loader.cpp:317)",
    +   "console: ERROR: Failed loading resource: res://resources/environment_sliced/clouds/cloud-03-large-center.png.",
    +   "console:    at: _load (core\\io\\resource_loader.cpp:317)",
    +   "console: ERROR: Condition \"img.is_null() || img->is_empty()\" is true. Returning: Ref<Image>()",
    +   "console:    at: load_image_from_file (scene\\resources\\compressed_texture.cpp:343)",
    +   "console: ERROR: Failed loading resource: res://.godot/imported/lighthouse-island.png-b3bf27c0debb00384efdb040f2be3868.ctex.",
    +   "console:    at: _load (core\\io\\resource_loader.cpp:317)",
    +   "console: ERROR: Failed loading resource: res://resources/environment_sliced/island/lighthouse-island.png.",
    +   "console:    at: _load (core\\io\\resource_loader.cpp:317)",
    +   "console: ERROR: Condition \"img.is_null() || img->is_empty()\" is true. Returning: Ref<Image>()",
    +   "console:    at: load_image_from_file (scene\\resources\\compressed_texture.cpp:343)",
    +   "console: ERROR: Failed loading resource: res://.godot/imported/seabed-decoration.png-f0d4b69ace78ba4676e9477aac2cf5b4.ctex.",
    +   "console:    at: _load (core\\io\\resource_loader.cpp:317)",
    +   "console: ERROR: Failed loading resource: res://resources/environment/seabed-decoration.png.",
    +   "console:    at: _load (core\\io\\resource_loader.cpp:317)",
    +   "console: ERROR: Condition \"img.is_null() || img->is_empty()\" is true. Returning: Ref<Image>()",
    +   "console:    at: load_image_from_file (scene\\resources\\compressed_texture.cpp:343)",
    +   "console: ERROR: Failed loading resource: res://.godot/imported/surface-wave-strip.png-8263ffc31adf7bb182c47f2703cc9232.ctex.",
    +   "console:    at: _load (core\\io\\resource_loader.cpp:317)",
    +   "console: ERROR: Failed loading resource: res://resources/environment/surface-wave-strip.png.",
    +   "console:    at: _load (core\\io\\resource_loader.cpp:317)",
    +   "console: ERROR: Condition \"img.is_null() || img->is_empty()\" is true. Returning: Ref<Image>()",
    +   "console:    at: load_image_from_file (scene\\resources\\compressed_texture.cpp:343)",
    +   "console: ERROR: Failed loading resource: res://.godot/imported/boat_body.png-a44818dd24af39bc0deb40c36aac93e6.ctex.",
    +   "console:    at: _load (core\\io\\resource_loader.cpp:317)",
    +   "console: ERROR: Failed loading resource: res://resources/characters/boat_body.png.",
    +   "console:    at: _load (core\\io\\resource_loader.cpp:317)",
    +   "console: ERROR: Condition \"img.is_null() || img->is_empty()\" is true. Returning: Ref<Image>()",
    +   "console:    at: load_image_from_file (scene\\resources\\compressed_texture.cpp:343)",
    +   "console: ERROR: Failed loading resource: res://.godot/imported/boy_head.png-1ace9c3ae029aca0706dd42ca966152d.ctex.",
    +   "console:    at: _load (core\\io\\resource_loader.cpp:317)",
    +   "console: ERROR: Failed loading resource: res://resources/characters/boy_head.png.",
    +   "console:    at: _load (core\\io\\resource_loader.cpp:317)",
    +   "console: ERROR: Condition \"img.is_null() || img->is_empty()\" is true. Returning: Ref<Image>()",
    +   "console:    at: load_image_from_file (scene\\resources\\compressed_texture.cpp:343)",
    +   "console: ERROR: Failed loading resource: res://.godot/imported/girl_head.png-e2bbf8e3c7c5f8647fccc7c28d70452e.ctex.",
    +   "console:    at: _load (core\\io\\resource_loader.cpp:317)",
    +   "console: ERROR: Failed loading resource: res://resources/characters/girl_head.png.",
    +   "console:    at: _load (core\\io\\resource_loader.cpp:317)",
    +   "console: ERROR: Condition \"img.is_null() || img->is_empty()\" is true. Returning: Ref<Image>()",
    +   "console:    at: load_image_from_file (scene\\resources\\compressed_texture.cpp:343)",
    +   "console: ERROR: Failed loading resource: res://.godot/imported/blue-small-swim.png-108bfc0cf186a41df4ad87f6f014e3a5.ctex.",
    +   "console:    at: _load (core\\io\\resource_loader.cpp:317)",
    +   "console: ERROR: Failed loading resource: res://resources/fish/blue-small-swim.png.",
    +   "console:    at: _load (core\\io\\resource_loader.cpp:317)",
    +   "console: ERROR: Condition \"img.is_null() || img->is_empty()\" is true. Returning: Ref<Image>()",
    +   "console:    at: load_image_from_file (scene\\resources\\compressed_texture.cpp:343)",
    +   "console: ERROR: Failed loading resource: res://.godot/imported/blue-small-caught.png-50a2af6503b08e32bb30bed5b533ea4d.ctex.",
    +   "console:    at: _load (core\\io\\resource_loader.cpp:317)",
    +   "console: ERROR: Failed loading resource: res://resources/fish/blue-small-caught.png.",
    +   "console:    at: _load (core\\io\\resource_loader.cpp:317)",
    +   "console: ERROR: Condition \"img.is_null() || img->is_empty()\" is true. Returning: Ref<Image>()",
    +   "console:    at: load_image_from_file (scene\\resources\\compressed_texture.cpp:343)",
    +   "console: ERROR: Failed loading resource: res://.godot/imported/green-scrap-swim.png-ea4b871e4dc5a9c0a1b85b615e88e4a2.ctex.",
    +   "console:    at: _load (core\\io\\resource_loader.cpp:317)",
    +   "console: ERROR: Failed loading resource: res://resources/fish/green-scrap-swim.png.",
    +   "console:    at: _load (core\\io\\resource_loader.cpp:317)",
    +   "console: ERROR: Condition \"img.is_null() || img->is_empty()\" is true. Returning: Ref<Image>()",
    +   "console:    at: load_image_from_file (scene\\resources\\compressed_texture.cpp:343)",
    +   "console: ERROR: Failed loading resource: res://.godot/imported/green-scrap-caught.png-3e77a518be6ae73c7aefba624c602a65.ctex.",
    +   "console:    at: _load (core\\io\\resource_loader.cpp:317)",
    +   "console: ERROR: Failed loading resource: res://resources/fish/green-scrap-caught.png.",
    +   "console:    at: _load (core\\io\\resource_loader.cpp:317)",
    +   "console: ERROR: Condition \"img.is_null() || img->is_empty()\" is true. Returning: Ref<Image>()",
    +   "console:    at: load_image_from_file (scene\\resources\\compressed_texture.cpp:343)",
    +   "console: ERROR: Failed loading resource: res://.godot/imported/yellow-striped-swim.png-2ed02746ea87c33e1eba940383d8cc49.ctex.",
    +   "console:    at: _load (core\\io\\resource_loader.cpp:317)",
    +   "console: ERROR: Failed loading resource: res://resources/fish/yellow-striped-swim.png.",
    +   "console:    at: _load (core\\io\\resource_loader.cpp:317)",
    +   "console: ERROR: Condition \"img.is_null() || img->is_empty()\" is true. Returning: Ref<Image>()",
    +   "console:    at: load_image_from_file (scene\\resources\\compressed_texture.cpp:343)",
    +   "console: ERROR: Failed loading resource: res://.godot/imported/yellow-striped-caught.png-9be6116b1904b3e231806f4c62136729.ctex.",
    +   "console:    at: _load (core\\io\\resource_loader.cpp:317)",
    +   "console: ERROR: Failed loading resource: res://resources/fish/yellow-striped-caught.png.",
    +   "console:    at: _load (core\\io\\resource_loader.cpp:317)",
    +   "console: ERROR: Condition \"img.is_null() || img->is_empty()\" is true. Returning: Ref<Image>()",
    +   "console:    at: load_image_from_file (scene\\resources\\compressed_texture.cpp:343)",
    +   "console: ERROR: Failed loading resource: res://.godot/imported/crab.png-2d22402a2bcc28e5d37f3445427315c8.ctex.",
    +   "console:    at: _load (core\\io\\resource_loader.cpp:317)",
    +   "console: ERROR: Failed loading resource: res://resources/creatures/crab.png.",
    +   "console:    at: _load (core\\io\\resource_loader.cpp:317)",
    +   "console: ERROR: Condition \"img.is_null() || img->is_empty()\" is true. Returning: Ref<Image>()",
    +   "console:    at: load_image_from_file (scene\\resources\\compressed_texture.cpp:343)",
    +   "console: ERROR: Failed loading resource: res://.godot/imported/jellyfish.png-97f7a9ea8459531aa3483f4c014a16d2.ctex.",
    +   "console:    at: _load (core\\io\\resource_loader.cpp:317)",
    +   "console: ERROR: Failed loading resource: res://resources/creatures/jellyfish.png.",
    +   "console:    at: _load (core\\io\\resource_loader.cpp:317)",
    +   "console: ERROR: Condition \"img.is_null() || img->is_empty()\" is true. Returning: Ref<Image>()",
    +   "console:    at: load_image_from_file (scene\\resources\\compressed_texture.cpp:343)",
    +   "console: ERROR: Failed loading resource: res://.godot/imported/old-boot.png-660b38fd139cb277d9b5187fd80f9adb.ctex.",
    +   "console:    at: _load (core\\io\\resource_loader.cpp:317)",
    +   "console: ERROR: Failed loading resource: res://resources/pickups/old-boot.png.",
    +   "console:    at: _load (core\\io\\resource_loader.cpp:317)",
    +   "console: ERROR: Condition \"img.is_null() || img->is_empty()\" is true. Returning: Ref<Image>()",
    +   "console:    at: load_image_from_file (scene\\resources\\compressed_texture.cpp:343)",
    +   "console: ERROR: Failed loading resource: res://.godot/imported/tin-can.png-8d501993c9c3d420539166a37bf87a0b.ctex.",
    +   "console:    at: _load (core\\io\\resource_loader.cpp:317)",
    +   "console: ERROR: Failed loading resource: res://resources/pickups/tin-can.png.",
    +   "console:    at: _load (core\\io\\resource_loader.cpp:317)",
    +   "console: ERROR: Condition \"img.is_null() || img->is_empty()\" is true. Returning: Ref<Image>()",
    +   "console:    at: load_image_from_file (scene\\resources\\compressed_texture.cpp:343)",
    +   "console: ERROR: Failed loading resource: res://.godot/imported/speed-reel.png-2f472c4ec1f16e54e1a959c42a50cb7a.ctex.",
    +   "console:    at: _load (core\\io\\resource_loader.cpp:317)",
    +   "console: ERROR: Failed loading resource: res://resources/powerups/speed-reel.png.",
    +   "console:    at: _load (core\\io\\resource_loader.cpp:317)",
    +   "console: ERROR: Condition \"img.is_null() || img->is_empty()\" is true. Returning: Ref<Image>()",
    +   "console:    at: load_image_from_file (scene\\resources\\compressed_texture.cpp:343)",
    +   "console: ERROR: Failed loading resource: res://.godot/imported/purple-giant-swim.png-e3dd90ee30cb0648ab2f98b60c55b957.ctex.",
    +   "console:    at: _load (core\\io\\resource_loader.cpp:317)",
    +   "console: ERROR: Failed loading resource: res://resources/fish/purple-giant-swim.png.",
    +   "console:    at: _load (core\\io\\resource_loader.cpp:317)",
    +   "console: ERROR: Condition \"img.is_null() || img->is_empty()\" is true. Returning: Ref<Image>()",
    +   "console:    at: load_image_from_file (scene\\resources\\compressed_texture.cpp:343)",
    +   "console: ERROR: Failed loading resource: res://.godot/imported/purple-giant-caught.png-0f269105a0618c79cfa42845560912cd.ctex.",
    +   "console:    at: _load (core\\io\\resource_loader.cpp:317)",
    +   "console: ERROR: Failed loading resource: res://resources/fish/purple-giant-caught.png.",
    +   "console:    at: _load (core\\io\\resource_loader.cpp:317)",
    +   "console: ERROR: Condition \"img.is_null() || img->is_empty()\" is true. Returning: Ref<Image>()",
    +   "console:    at: load_image_from_file (scene\\resources\\compressed_texture.cpp:343)",
    +   "console: ERROR: Failed loading resource: res://.godot/imported/pearl-shell.png-407d7aad2fb7af8d4007c646d8d1cf2e.ctex.",
    +   "console:    at: _load (core\\io\\resource_loader.cpp:317)",
    +   "console: ERROR: Failed loading resource: res://resources/pickups/pearl-shell.png.",
    +   "console:    at: _load (core\\io\\resource_loader.cpp:317)",
    +   "console: ERROR: Condition \"img.is_null() || img->is_empty()\" is true. Returning: Ref<Image>()",
    +   "console:    at: load_image_from_file (scene\\resources\\compressed_texture.cpp:343)",
    +   "console: ERROR: Failed loading resource: res://.godot/imported/tire.png-c26f578583a32f1a9c1c9f2acdbd0330.ctex.",
    +   "console:    at: _load (core\\io\\resource_loader.cpp:317)",
    +   "console: ERROR: Failed loading resource: res://resources/pickups/tire.png.",
    +   "console:    at: _load (core\\io\\resource_loader.cpp:317)",
    +   "console: ERROR: Condition \"img.is_null() || img->is_empty()\" is true. Returning: Ref<Image>()",
    +   "console:    at: load_image_from_file (scene\\resources\\compressed_texture.cpp:343)",
    +   "console: ERROR: Failed loading resource: res://.godot/imported/pufferfish-swim.png-d59415bc822be0d9ac451420e3c1fe52.ctex.",
    +   "console:    at: _load (core\\io\\resource_loader.cpp:317)",
    +   "console: ERROR: Failed loading resource: res://resources/fish/pufferfish-swim.png.",
    +   "console:    at: _load (core\\io\\resource_loader.cpp:317)",
    +   "console: ERROR: Condition \"img.is_null() || img->is_empty()\" is true. Returning: Ref<Image>()",
    +   "console:    at: load_image_from_file (scene\\resources\\compressed_texture.cpp:343)",
    +   "console: ERROR: Failed loading resource: res://.godot/imported/pufferfish-caught.png-eef9d991bdc95cdd13e86710a435cf5a.ctex.",
    +   "console:    at: _load (core\\io\\resource_loader.cpp:317)",
    +   "console: ERROR: Failed loading resource: res://resources/fish/pufferfish-caught.png.",
    +   "console:    at: _load (core\\io\\resource_loader.cpp:317)",
    +   "console: ERROR: Condition \"img.is_null() || img->is_empty()\" is true. Returning: Ref<Image>()",
    +   "console:    at: load_image_from_file (scene\\resources\\compressed_texture.cpp:343)",
    +   "console: ERROR: Failed loading resource: res://.godot/imported/seahorse-swim.png-6094f29e7fa01e7637da16a8ff41e04e.ctex.",
    +   "console:    at: _load (core\\io\\resource_loader.cpp:317)",
    +   "console: ERROR: Failed loading resource: res://resources/fish/seahorse-swim.png.",
    +   "console:    at: _load (core\\io\\resource_loader.cpp:317)",
    +   "console: ERROR: Condition \"img.is_null() || img->is_empty()\" is true. Returning: Ref<Image>()",
    +   "console:    at: load_image_from_file (scene\\resources\\compressed_texture.cpp:343)",
    +   "console: ERROR: Failed loading resource: res://.godot/imported/seahorse-caught.png-86468c76bbe455c12927574e8ecba89e.ctex.",
    +   "console:    at: _load (core\\io\\resource_loader.cpp:317)",
    +   "console: ERROR: Failed loading resource: res://resources/fish/seahorse-caught.png.",
    +   "console:    at: _load (core\\io\\resource_loader.cpp:317)",
    +   "console: ERROR: Condition \"img.is_null() || img->is_empty()\" is true. Returning: Ref<Image>()",
    +   "console:    at: load_image_from_file (scene\\resources\\compressed_texture.cpp:343)",
    +   "console: ERROR: Failed loading resource: res://.godot/imported/giant-hook.png-432a27d8fb2c10fc479a296094ea71f1.ctex.",
    +   "console:    at: _load (core\\io\\resource_loader.cpp:317)",
    +   "console: ERROR: Failed loading resource: res://resources/powerups/giant-hook.png.",
    +   "console:    at: _load (core\\io\\resource_loader.cpp:317)",
    +   "console: ERROR: Condition \"img.is_null() || img->is_empty()\" is true. Returning: Ref<Image>()",
    +   "console:    at: load_image_from_file (scene\\resources\\compressed_texture.cpp:343)",
    +   "console: ERROR: Failed loading resource: res://.godot/imported/orange-rare-swim.png-0fc04f7531799bde76aea21d0a2d219a.ctex.",
    +   "console:    at: _load (core\\io\\resource_loader.cpp:317)",
    +   "console: ERROR: Failed loading resource: res://resources/fish/orange-rare-swim.png.",
    +   "console:    at: _load (core\\io\\resource_loader.cpp:317)",
    +   "console: ERROR: Condition \"img.is_null() || img->is_empty()\" is true. Returning: Ref<Image>()",
    +   "console:    at: load_image_from_file (scene\\resources\\compressed_texture.cpp:343)",
    +   "console: ERROR: Failed loading resource: res://.godot/imported/orange-rare-caught.png-045946cc4077fe9ef0c9a9a80028eabe.ctex.",
    +   "console:    at: _load (core\\io\\resource_loader.cpp:317)",
    +   "console: ERROR: Failed loading resource: res://resources/fish/orange-rare-caught.png.",
    +   "console:    at: _load (core\\io\\resource_loader.cpp:317)",
    +   "console: ERROR: Condition \"img.is_null() || img->is_empty()\" is true. Returning: Ref<Image>()",
    +   "console:    at: load_image_from_file (scene\\resources\\compressed_texture.cpp:343)",
    +   "console: ERROR: Failed loading resource: res://.godot/imported/treasure-chest.png-626816cb3e5027ec058c0dc07a253720.ctex.",
    +   "console:    at: _load (core\\io\\resource_loader.cpp:317)",
    +   "console: ERROR: Failed loading resource: res://resources/pickups/treasure-chest.png.",
    +   "console:    at: _load (core\\io\\resource_loader.cpp:317)",
    +   "console: ERROR: Condition \"img.is_null() || img->is_empty()\" is true. Returning: Ref<Image>()",
    +   "console:    at: load_image_from_file (scene\\resources\\compressed_texture.cpp:343)",
    +   "console: ERROR: Failed loading resource: res://.godot/imported/squid.png-e137f4fc2ec8cc5ea4cf51465731dffa.ctex.",
    +   "console:    at: _load (core\\io\\resource_loader.cpp:317)",
    +   "console: ERROR: Failed loading resource: res://resources/creatures/squid.png.",
    +   "console:    at: _load (core\\io\\resource_loader.cpp:317)",
    +   "console: ERROR: Condition \"img.is_null() || img->is_empty()\" is true. Returning: Ref<Image>()",
    +   "console:    at: load_image_from_file (scene\\resources\\compressed_texture.cpp:343)",
    +   "console: ERROR: Failed loading resource: res://.godot/imported/sea-turtle.png-bb400f5204b9e372d7f963ad2ea866bf.ctex.",
    +   "console:    at: _load (core\\io\\resource_loader.cpp:317)",
    +   "console: ERROR: Failed loading resource: res://resources/creatures/sea-turtle.png.",
    +   "console:    at: _load (core\\io\\resource_loader.cpp:317)",
    +   "console: ERROR: Condition \"img.is_null() || img->is_empty()\" is true. Returning: Ref<Image>()",
    +   "console:    at: load_image_from_file (scene\\resources\\compressed_texture.cpp:343)",
    +   "console: ERROR: Failed loading resource: res://.godot/imported/freeze-crystal.png-f0f65d0466d2bd680a00a4a62f02a2e8.ctex.",
    +   "console:    at: _load (core\\io\\resource_loader.cpp:317)",
    +   "console: ERROR: Failed loading resource: res://resources/powerups/freeze-crystal.png.",
    +   "console:    at: _load (core\\io\\resource_loader.cpp:317)",
    +   "console: ERROR: Condition \"img.is_null() || img->is_empty()\" is true. Returning: Ref<Image>()",
    +   "console:    at: load_image_from_file (scene\\resources\\compressed_texture.cpp:343)",
    +   "console: ERROR: Failed loading resource: res://.godot/imported/claw-hook.png-658ac30bfb83d5f7eca89426361d584e.ctex.",
    +   "console:    at: _load (core\\io\\resource_loader.cpp:317)",
    +   "console: ERROR: Failed loading resource: res://resources/tools/claw-hook.png.",
    +   "console:    at: _load (core\\io\\resource_loader.cpp:317)",
    +   "console: ERROR: Condition \"img.is_null() || img->is_empty()\" is true. Returning: Ref<Image>()",
    +   "console:    at: load_image_from_file (scene\\resources\\compressed_texture.cpp:343)",
    +   "console: ERROR: Failed loading resource: res://.godot/imported/icon-coin.svg-c93d0f43093edde5eb300f03d7a12239.ctex.",
    +   "console:    at: _load (core\\io\\resource_loader.cpp:317)",
    +   "console: ERROR: Failed loading resource: res://resources/ui/icon-coin.svg.",
    +   "console:    at: _load (core\\io\\resource_loader.cpp:317)",
    +   "console: ERROR: Condition \"img.is_null() || img->is_empty()\" is true. Returning: Ref<Image>()",
    +   "console:    at: load_image_from_file (scene\\resources\\compressed_texture.cpp:343)",
    +   "console: ERROR: Failed loading resource: res://.godot/imported/icon-clock.svg-6546705e8cf8393b8ea9021e02292a05.ctex.",
    +   "console:    at: _load (core\\io\\resource_loader.cpp:317)",
    +   "console: ERROR: Failed loading resource: res://resources/ui/icon-clock.svg.",
    +   "console:    at: _load (core\\io\\resource_loader.cpp:317)",
    +   "console: ERROR: Catchable has an invalid definition: BlueSmall",
    +   "console:    at: push_error (core\\variant\\variant_utility.cpp:1023)",
    +   "console: ERROR: Catchable has an invalid definition: GreenScrap",
    +   "console:    at: push_error (core\\variant\\variant_utility.cpp:1023)",
    +   "console: ERROR: Catchable has an invalid definition: YellowStriped",
    +   "console:    at: push_error (core\\variant\\variant_utility.cpp:1023)",
    +   "console: ERROR: Catchable has an invalid definition: Crab",
    +   "console:    at: push_error (core\\variant\\variant_utility.cpp:1023)",
    +   "console: ERROR: Catchable has an invalid definition: Jellyfish",
    +   "console:    at: push_error (core\\variant\\variant_utility.cpp:1023)",
    +   "console: ERROR: Catchable has an invalid definition: OldBoot",
    +   "console:    at: push_error (core\\variant\\variant_utility.cpp:1023)",
    +   "console: ERROR: Catchable has an invalid definition: TinCan",
    +   "console:    at: push_error (core\\variant\\variant_utility.cpp:1023)",
    +   "console: ERROR: PowerupPickup has an invalid definition: SpeedReel",
    +   "console:    at: push_error (core\\variant\\variant_utility.cpp:1023)",
    +   "console: ERROR: Catchable has an invalid definition: PurpleGiant",
    +   "console:    at: push_error (core\\variant\\variant_utility.cpp:1023)",
    +   "console: ERROR: Catchable has an invalid definition: PearlShell",
    +   "console:    at: push_error (core\\variant\\variant_utility.cpp:1023)",
    +   "console: ERROR: Catchable has an invalid definition: Tire",
    +   "console:    at: push_error (core\\variant\\variant_utility.cpp:1023)",
    +   "console: ERROR: Catchable has an invalid definition: Pufferfish",
    +   "console:    at: push_error (core\\variant\\variant_utility.cpp:1023)",
    +   "console: ERROR: Catchable has an invalid definition: Seahorse",
    +   "console:    at: push_error (core\\variant\\variant_utility.cpp:1023)",
    +   "console: ERROR: PowerupPickup has an invalid definition: GiantHook",
    +   "console:    at: push_error (core\\variant\\variant_utility.cpp:1023)",
    +   "console: ERROR: Catchable has an invalid definition: OrangeRare",
    +   "console:    at: push_error (core\\variant\\variant_utility.cpp:1023)",
    +   "console: ERROR: Catchable has an invalid definition: TreasureChest",
    +   "console:    at: push_error (core\\variant\\variant_utility.cpp:1023)",
    +   "console: ERROR: Catchable has an invalid definition: Squid",
    +   "console:    at: push_error (core\\variant\\variant_utility.cpp:1023)",
    +   "console: ERROR: Catchable has an invalid definition: SeaTurtle",
    +   "console:    at: push_error (core\\variant\\variant_utility.cpp:1023)",
    +   "console: ERROR: PowerupPickup has an invalid definition: FreezeCrystal",
    +   "console:    at: push_error (core\\variant\\variant_utility.cpp:1023)",
    + ]

       at fixtures.ts:11

       9 |     })
      10 |     await use(browserErrors)
    > 11 |     expect(browserErrors, 'browser console and page errors').toEqual([])
         |                                                              ^
      12 |   }, { auto: true }],
      13 | })
      14 |
        at Object.exports.test._test.test.extend.browserErrors.auto (D:\godot\project\fishing-baby\tests\e2e\fixtures.ts:11:62)

    attachment #1: screenshot (image/png) ──────────────────────────────────────────────────────────
    test-results\capture-scoring-真实捕获与计分-E2E-CORE-02-目标当帧挂钩并在送达时只计分一次-chromium-retry1\test-failed-1.png
    ────────────────────────────────────────────────────────────────────────────────────────────────

    Error Context: test-results\capture-scoring-真实捕获与计分-E2E-CORE-02-目标当帧挂钩并在送达时只计分一次-chromium-retry1\error-context.md

    attachment #3: trace (application/zip) ─────────────────────────────────────────────────────────
    test-results\capture-scoring-真实捕获与计分-E2E-CORE-02-目标当帧挂钩并在送达时只计分一次-chromium-retry1\trace.zip
    Usage:

        npx playwright show-trace test-results\capture-scoring-真实捕获与计分-E2E-CORE-02-目标当帧挂钩并在送达时只计分一次-chromium-retry1\trace.zip

    ────────────────────────────────────────────────────────────────────────────────────────────────

  2) [chromium] › tests\e2e\start-empty.spec.ts:10:5 › E2E-CORE-01 开始、Web 输入焦点与空钩零分 ────────────────

    Error: browser console and page errors

    expect(received).toEqual(expected) // deep equality

    - Expected  -   1
    + Received  + 312

    - Array []
    + Array [
    +   "console: SCRIPT ERROR: Parse Error: Cannot infer the type of \"camera\" variable because the value doesn't have a set type.",
    +   "console:    at: GDScript::reload (res://addons/godotiq/godotiq_runtime.gd:463)",
    +   "console: SCRIPT ERROR: Parse Error: Cannot infer the type of \"screen_pos\" variable because the value doesn't have a set type.",
    +   "console:    at: GDScript::reload (res://addons/godotiq/godotiq_runtime.gd:468)",
    +   "console: SCRIPT ERROR: Parse Error: Cannot infer the type of \"world\" variable because the value doesn't have a set type.",
    +   "console:    at: GDScript::reload (res://addons/godotiq/godotiq_runtime.gd:944)",
    +   "console: SCRIPT ERROR: Parse Error: Could not find type \"Node3D\" in the current scope.",
    +   "console:    at: GDScript::reload (res://addons/godotiq/godotiq_runtime.gd:958)",
    +   "console: SCRIPT ERROR: Parse Error: Could not find type \"Node3D\" in the current scope.",
    +   "console:    at: GDScript::reload (res://addons/godotiq/godotiq_runtime.gd:963)",
    +   "console: SCRIPT ERROR: Parse Error: Could not find type \"Node3D\" in the current scope.",
    +   "console:    at: GDScript::reload (res://addons/godotiq/godotiq_runtime.gd:972)",
    +   "console: SCRIPT ERROR: Parse Error: Could not find type \"Node3D\" in the current scope.",
    +   "console:    at: GDScript::reload (res://addons/godotiq/godotiq_runtime.gd:977)",
    +   "console: SCRIPT ERROR: Parse Error: Identifier \"NavigationServer3D\" not declared in the current scope.",
    +   "console:    at: GDScript::reload (res://addons/godotiq/godotiq_runtime.gd:984)",
    +   "console: SCRIPT ERROR: Parse Error: Cannot infer the type of \"closest_from\" variable because the value doesn't have a set type.",
    +   "console:    at: GDScript::reload (res://addons/godotiq/godotiq_runtime.gd:984)",
    +   "console: SCRIPT ERROR: Parse Error: Identifier \"NavigationServer3D\" not declared in the current scope.",
    +   "console:    at: GDScript::reload (res://addons/godotiq/godotiq_runtime.gd:985)",
    +   "console: SCRIPT ERROR: Parse Error: Cannot infer the type of \"closest_to\" variable because the value doesn't have a set type.",
    +   "console:    at: GDScript::reload (res://addons/godotiq/godotiq_runtime.gd:985)",
    +   "console: SCRIPT ERROR: Parse Error: Identifier \"NavigationServer3D\" not declared in the current scope.",
    +   "console:    at: GDScript::reload (res://addons/godotiq/godotiq_runtime.gd:991)",
    +   "console: SCRIPT ERROR: Parse Error: Could not find type \"RichTextLabel\" in the current scope.",
    +   "console:    at: GDScript::reload (res://addons/godotiq/godotiq_runtime.gd:1268)",
    +   "console: SCRIPT ERROR: Parse Error: Could not find type \"RichTextLabel\" in the current scope.",
    +   "console:    at: GDScript::reload (res://addons/godotiq/godotiq_runtime.gd:1269)",
    +   "console: SCRIPT ERROR: Parse Error: Could not find type \"TextEdit\" in the current scope.",
    +   "console:    at: GDScript::reload (res://addons/godotiq/godotiq_runtime.gd:1274)",
    +   "console: SCRIPT ERROR: Parse Error: Could not find type \"TextEdit\" in the current scope.",
    +   "console:    at: GDScript::reload (res://addons/godotiq/godotiq_runtime.gd:1275)",
    +   "console: SCRIPT ERROR: Parse Error: Could not find type \"SpinBox\" in the current scope.",
    +   "console:    at: GDScript::reload (res://addons/godotiq/godotiq_runtime.gd:1281)",
    +   "console: SCRIPT ERROR: Parse Error: Could not find type \"SpinBox\" in the current scope.",
    +   "console:    at: GDScript::reload (res://addons/godotiq/godotiq_runtime.gd:1283)",
    +   "console: SCRIPT ERROR: Parse Error: Could not find type \"Camera3D\" in the current scope.",
    +   "console:    at: GDScript::reload (res://addons/godotiq/godotiq_runtime.gd:1383)",
    +   "console: SCRIPT ERROR: Parse Error: Identifier \"Camera3D\" not declared in the current scope.",
    +   "console:    at: GDScript::reload (res://addons/godotiq/godotiq_runtime.gd:1389)",
    +   "console: SCRIPT ERROR: Parse Error: Cannot infer the type of \"drone\" variable because the value doesn't have a set type.",
    +   "console:    at: GDScript::reload (res://addons/godotiq/godotiq_runtime.gd:1389)",
    +   "console: SCRIPT ERROR: Parse Error: Could not find type \"Camera3D\" in the current scope.",
    +   "console:    at: GDScript::reload (res://addons/godotiq/godotiq_runtime.gd:1447)",
    +   "console: SCRIPT ERROR: Parse Error: Could not find type \"Node3D\" in the current scope.",
    +   "console:    at: GDScript::reload (res://addons/godotiq/godotiq_runtime.gd:1525)",
    +   "console: ERROR: Failed to load script \"res://addons/godotiq/godotiq_runtime.gd\" with error \"Parse error\".",
    +   "console:    at: load (modules\\gdscript\\gdscript_resource_format.cpp:46)",
    +   "console: ERROR: Failed to instantiate an autoload, script 'res://addons/godotiq/godotiq_runtime.gd' does not inherit from 'Node'.",
    +   "console:    at: start (main\\main.cpp:4535)",
    +   "console: ERROR: Condition \"img.is_null() || img->is_empty()\" is true. Returning: Ref<Image>()",
    +   "console:    at: load_image_from_file (scene\\resources\\compressed_texture.cpp:343)",
    +   "console: ERROR: Failed loading resource: res://.godot/imported/ocean-background.png-2a45ccb46859053b8f01bbc11fd6a736.ctex.",
    +   "console:    at: _load (core\\io\\resource_loader.cpp:317)",
    +   "console: ERROR: Failed loading resource: res://resources/environment/ocean-background.png.",
    +   "console:    at: _load (core\\io\\resource_loader.cpp:317)",
    +   "console: ERROR: Condition \"img.is_null() || img->is_empty()\" is true. Returning: Ref<Image>()",
    +   "console:    at: load_image_from_file (scene\\resources\\compressed_texture.cpp:343)",
    +   "console: ERROR: Failed loading resource: res://.godot/imported/cloud-03-large-center.png-23e9b0f50f26c0e4ccb7ec3994e89e45.ctex.",
    +   "console:    at: _load (core\\io\\resource_loader.cpp:317)",
    +   "console: ERROR: Failed loading resource: res://resources/environment_sliced/clouds/cloud-03-large-center.png.",
    +   "console:    at: _load (core\\io\\resource_loader.cpp:317)",
    +   "console: ERROR: Condition \"img.is_null() || img->is_empty()\" is true. Returning: Ref<Image>()",
    +   "console:    at: load_image_from_file (scene\\resources\\compressed_texture.cpp:343)",
    +   "console: ERROR: Failed loading resource: res://.godot/imported/lighthouse-island.png-b3bf27c0debb00384efdb040f2be3868.ctex.",
    +   "console:    at: _load (core\\io\\resource_loader.cpp:317)",
    +   "console: ERROR: Failed loading resource: res://resources/environment_sliced/island/lighthouse-island.png.",
    +   "console:    at: _load (core\\io\\resource_loader.cpp:317)",
    +   "console: ERROR: Condition \"img.is_null() || img->is_empty()\" is true. Returning: Ref<Image>()",
    +   "console:    at: load_image_from_file (scene\\resources\\compressed_texture.cpp:343)",
    +   "console: ERROR: Failed loading resource: res://.godot/imported/seabed-decoration.png-f0d4b69ace78ba4676e9477aac2cf5b4.ctex.",
    +   "console:    at: _load (core\\io\\resource_loader.cpp:317)",
    +   "console: ERROR: Failed loading resource: res://resources/environment/seabed-decoration.png.",
    +   "console:    at: _load (core\\io\\resource_loader.cpp:317)",
    +   "console: ERROR: Condition \"img.is_null() || img->is_empty()\" is true. Returning: Ref<Image>()",
    +   "console:    at: load_image_from_file (scene\\resources\\compressed_texture.cpp:343)",
    +   "console: ERROR: Failed loading resource: res://.godot/imported/surface-wave-strip.png-8263ffc31adf7bb182c47f2703cc9232.ctex.",
    +   "console:    at: _load (core\\io\\resource_loader.cpp:317)",
    +   "console: ERROR: Failed loading resource: res://resources/environment/surface-wave-strip.png.",
    +   "console:    at: _load (core\\io\\resource_loader.cpp:317)",
    +   "console: ERROR: Condition \"img.is_null() || img->is_empty()\" is true. Returning: Ref<Image>()",
    +   "console:    at: load_image_from_file (scene\\resources\\compressed_texture.cpp:343)",
    +   "console: ERROR: Failed loading resource: res://.godot/imported/boat_body.png-a44818dd24af39bc0deb40c36aac93e6.ctex.",
    +   "console:    at: _load (core\\io\\resource_loader.cpp:317)",
    +   "console: ERROR: Failed loading resource: res://resources/characters/boat_body.png.",
    +   "console:    at: _load (core\\io\\resource_loader.cpp:317)",
    +   "console: ERROR: Condition \"img.is_null() || img->is_empty()\" is true. Returning: Ref<Image>()",
    +   "console:    at: load_image_from_file (scene\\resources\\compressed_texture.cpp:343)",
    +   "console: ERROR: Failed loading resource: res://.godot/imported/boy_head.png-1ace9c3ae029aca0706dd42ca966152d.ctex.",
    +   "console:    at: _load (core\\io\\resource_loader.cpp:317)",
    +   "console: ERROR: Failed loading resource: res://resources/characters/boy_head.png.",
    +   "console:    at: _load (core\\io\\resource_loader.cpp:317)",
    +   "console: ERROR: Condition \"img.is_null() || img->is_empty()\" is true. Returning: Ref<Image>()",
    +   "console:    at: load_image_from_file (scene\\resources\\compressed_texture.cpp:343)",
    +   "console: ERROR: Failed loading resource: res://.godot/imported/girl_head.png-e2bbf8e3c7c5f8647fccc7c28d70452e.ctex.",
    +   "console:    at: _load (core\\io\\resource_loader.cpp:317)",
    +   "console: ERROR: Failed loading resource: res://resources/characters/girl_head.png.",
    +   "console:    at: _load (core\\io\\resource_loader.cpp:317)",
    +   "console: ERROR: Condition \"img.is_null() || img->is_empty()\" is true. Returning: Ref<Image>()",
    +   "console:    at: load_image_from_file (scene\\resources\\compressed_texture.cpp:343)",
    +   "console: ERROR: Failed loading resource: res://.godot/imported/blue-small-swim.png-108bfc0cf186a41df4ad87f6f014e3a5.ctex.",
    +   "console:    at: _load (core\\io\\resource_loader.cpp:317)",
    +   "console: ERROR: Failed loading resource: res://resources/fish/blue-small-swim.png.",
    +   "console:    at: _load (core\\io\\resource_loader.cpp:317)",
    +   "console: ERROR: Condition \"img.is_null() || img->is_empty()\" is true. Returning: Ref<Image>()",
    +   "console:    at: load_image_from_file (scene\\resources\\compressed_texture.cpp:343)",
    +   "console: ERROR: Failed loading resource: res://.godot/imported/blue-small-caught.png-50a2af6503b08e32bb30bed5b533ea4d.ctex.",
    +   "console:    at: _load (core\\io\\resource_loader.cpp:317)",
    +   "console: ERROR: Failed loading resource: res://resources/fish/blue-small-caught.png.",
    +   "console:    at: _load (core\\io\\resource_loader.cpp:317)",
    +   "console: ERROR: Condition \"img.is_null() || img->is_empty()\" is true. Returning: Ref<Image>()",
    +   "console:    at: load_image_from_file (scene\\resources\\compressed_texture.cpp:343)",
    +   "console: ERROR: Failed loading resource: res://.godot/imported/green-scrap-swim.png-ea4b871e4dc5a9c0a1b85b615e88e4a2.ctex.",
    +   "console:    at: _load (core\\io\\resource_loader.cpp:317)",
    +   "console: ERROR: Failed loading resource: res://resources/fish/green-scrap-swim.png.",
    +   "console:    at: _load (core\\io\\resource_loader.cpp:317)",
    +   "console: ERROR: Condition \"img.is_null() || img->is_empty()\" is true. Returning: Ref<Image>()",
    +   "console:    at: load_image_from_file (scene\\resources\\compressed_texture.cpp:343)",
    +   "console: ERROR: Failed loading resource: res://.godot/imported/green-scrap-caught.png-3e77a518be6ae73c7aefba624c602a65.ctex.",
    +   "console:    at: _load (core\\io\\resource_loader.cpp:317)",
    +   "console: ERROR: Failed loading resource: res://resources/fish/green-scrap-caught.png.",
    +   "console:    at: _load (core\\io\\resource_loader.cpp:317)",
    +   "console: ERROR: Condition \"img.is_null() || img->is_empty()\" is true. Returning: Ref<Image>()",
    +   "console:    at: load_image_from_file (scene\\resources\\compressed_texture.cpp:343)",
    +   "console: ERROR: Failed loading resource: res://.godot/imported/yellow-striped-swim.png-2ed02746ea87c33e1eba940383d8cc49.ctex.",
    +   "console:    at: _load (core\\io\\resource_loader.cpp:317)",
    +   "console: ERROR: Failed loading resource: res://resources/fish/yellow-striped-swim.png.",
    +   "console:    at: _load (core\\io\\resource_loader.cpp:317)",
    +   "console: ERROR: Condition \"img.is_null() || img->is_empty()\" is true. Returning: Ref<Image>()",
    +   "console:    at: load_image_from_file (scene\\resources\\compressed_texture.cpp:343)",
    +   "console: ERROR: Failed loading resource: res://.godot/imported/yellow-striped-caught.png-9be6116b1904b3e231806f4c62136729.ctex.",
    +   "console:    at: _load (core\\io\\resource_loader.cpp:317)",
    +   "console: ERROR: Failed loading resource: res://resources/fish/yellow-striped-caught.png.",
    +   "console:    at: _load (core\\io\\resource_loader.cpp:317)",
    +   "console: ERROR: Condition \"img.is_null() || img->is_empty()\" is true. Returning: Ref<Image>()",
    +   "console:    at: load_image_from_file (scene\\resources\\compressed_texture.cpp:343)",
    +   "console: ERROR: Failed loading resource: res://.godot/imported/crab.png-2d22402a2bcc28e5d37f3445427315c8.ctex.",
    +   "console:    at: _load (core\\io\\resource_loader.cpp:317)",
    +   "console: ERROR: Failed loading resource: res://resources/creatures/crab.png.",
    +   "console:    at: _load (core\\io\\resource_loader.cpp:317)",
    +   "console: ERROR: Condition \"img.is_null() || img->is_empty()\" is true. Returning: Ref<Image>()",
    +   "console:    at: load_image_from_file (scene\\resources\\compressed_texture.cpp:343)",
    +   "console: ERROR: Failed loading resource: res://.godot/imported/jellyfish.png-97f7a9ea8459531aa3483f4c014a16d2.ctex.",
    +   "console:    at: _load (core\\io\\resource_loader.cpp:317)",
    +   "console: ERROR: Failed loading resource: res://resources/creatures/jellyfish.png.",
    +   "console:    at: _load (core\\io\\resource_loader.cpp:317)",
    +   "console: ERROR: Condition \"img.is_null() || img->is_empty()\" is true. Returning: Ref<Image>()",
    +   "console:    at: load_image_from_file (scene\\resources\\compressed_texture.cpp:343)",
    +   "console: ERROR: Failed loading resource: res://.godot/imported/old-boot.png-660b38fd139cb277d9b5187fd80f9adb.ctex.",
    +   "console:    at: _load (core\\io\\resource_loader.cpp:317)",
    +   "console: ERROR: Failed loading resource: res://resources/pickups/old-boot.png.",
    +   "console:    at: _load (core\\io\\resource_loader.cpp:317)",
    +   "console: ERROR: Condition \"img.is_null() || img->is_empty()\" is true. Returning: Ref<Image>()",
    +   "console:    at: load_image_from_file (scene\\resources\\compressed_texture.cpp:343)",
    +   "console: ERROR: Failed loading resource: res://.godot/imported/tin-can.png-8d501993c9c3d420539166a37bf87a0b.ctex.",
    +   "console:    at: _load (core\\io\\resource_loader.cpp:317)",
    +   "console: ERROR: Failed loading resource: res://resources/pickups/tin-can.png.",
    +   "console:    at: _load (core\\io\\resource_loader.cpp:317)",
    +   "console: ERROR: Condition \"img.is_null() || img->is_empty()\" is true. Returning: Ref<Image>()",
    +   "console:    at: load_image_from_file (scene\\resources\\compressed_texture.cpp:343)",
    +   "console: ERROR: Failed loading resource: res://.godot/imported/speed-reel.png-2f472c4ec1f16e54e1a959c42a50cb7a.ctex.",
    +   "console:    at: _load (core\\io\\resource_loader.cpp:317)",
    +   "console: ERROR: Failed loading resource: res://resources/powerups/speed-reel.png.",
    +   "console:    at: _load (core\\io\\resource_loader.cpp:317)",
    +   "console: ERROR: Condition \"img.is_null() || img->is_empty()\" is true. Returning: Ref<Image>()",
    +   "console:    at: load_image_from_file (scene\\resources\\compressed_texture.cpp:343)",
    +   "console: ERROR: Failed loading resource: res://.godot/imported/purple-giant-swim.png-e3dd90ee30cb0648ab2f98b60c55b957.ctex.",
    +   "console:    at: _load (core\\io\\resource_loader.cpp:317)",
    +   "console: ERROR: Failed loading resource: res://resources/fish/purple-giant-swim.png.",
    +   "console:    at: _load (core\\io\\resource_loader.cpp:317)",
    +   "console: ERROR: Condition \"img.is_null() || img->is_empty()\" is true. Returning: Ref<Image>()",
    +   "console:    at: load_image_from_file (scene\\resources\\compressed_texture.cpp:343)",
    +   "console: ERROR: Failed loading resource: res://.godot/imported/purple-giant-caught.png-0f269105a0618c79cfa42845560912cd.ctex.",
    +   "console:    at: _load (core\\io\\resource_loader.cpp:317)",
    +   "console: ERROR: Failed loading resource: res://resources/fish/purple-giant-caught.png.",
    +   "console:    at: _load (core\\io\\resource_loader.cpp:317)",
    +   "console: ERROR: Condition \"img.is_null() || img->is_empty()\" is true. Returning: Ref<Image>()",
    +   "console:    at: load_image_from_file (scene\\resources\\compressed_texture.cpp:343)",
    +   "console: ERROR: Failed loading resource: res://.godot/imported/pearl-shell.png-407d7aad2fb7af8d4007c646d8d1cf2e.ctex.",
    +   "console:    at: _load (core\\io\\resource_loader.cpp:317)",
    +   "console: ERROR: Failed loading resource: res://resources/pickups/pearl-shell.png.",
    +   "console:    at: _load (core\\io\\resource_loader.cpp:317)",
    +   "console: ERROR: Condition \"img.is_null() || img->is_empty()\" is true. Returning: Ref<Image>()",
    +   "console:    at: load_image_from_file (scene\\resources\\compressed_texture.cpp:343)",
    +   "console: ERROR: Failed loading resource: res://.godot/imported/tire.png-c26f578583a32f1a9c1c9f2acdbd0330.ctex.",
    +   "console:    at: _load (core\\io\\resource_loader.cpp:317)",
    +   "console: ERROR: Failed loading resource: res://resources/pickups/tire.png.",
    +   "console:    at: _load (core\\io\\resource_loader.cpp:317)",
    +   "console: ERROR: Condition \"img.is_null() || img->is_empty()\" is true. Returning: Ref<Image>()",
    +   "console:    at: load_image_from_file (scene\\resources\\compressed_texture.cpp:343)",
    +   "console: ERROR: Failed loading resource: res://.godot/imported/pufferfish-swim.png-d59415bc822be0d9ac451420e3c1fe52.ctex.",
    +   "console:    at: _load (core\\io\\resource_loader.cpp:317)",
    +   "console: ERROR: Failed loading resource: res://resources/fish/pufferfish-swim.png.",
    +   "console:    at: _load (core\\io\\resource_loader.cpp:317)",
    +   "console: ERROR: Condition \"img.is_null() || img->is_empty()\" is true. Returning: Ref<Image>()",
    +   "console:    at: load_image_from_file (scene\\resources\\compressed_texture.cpp:343)",
    +   "console: ERROR: Failed loading resource: res://.godot/imported/pufferfish-caught.png-eef9d991bdc95cdd13e86710a435cf5a.ctex.",
    +   "console:    at: _load (core\\io\\resource_loader.cpp:317)",
    +   "console: ERROR: Failed loading resource: res://resources/fish/pufferfish-caught.png.",
    +   "console:    at: _load (core\\io\\resource_loader.cpp:317)",
    +   "console: ERROR: Condition \"img.is_null() || img->is_empty()\" is true. Returning: Ref<Image>()",
    +   "console:    at: load_image_from_file (scene\\resources\\compressed_texture.cpp:343)",
    +   "console: ERROR: Failed loading resource: res://.godot/imported/seahorse-swim.png-6094f29e7fa01e7637da16a8ff41e04e.ctex.",
    +   "console:    at: _load (core\\io\\resource_loader.cpp:317)",
    +   "console: ERROR: Failed loading resource: res://resources/fish/seahorse-swim.png.",
    +   "console:    at: _load (core\\io\\resource_loader.cpp:317)",
    +   "console: ERROR: Condition \"img.is_null() || img->is_empty()\" is true. Returning: Ref<Image>()",
    +   "console:    at: load_image_from_file (scene\\resources\\compressed_texture.cpp:343)",
    +   "console: ERROR: Failed loading resource: res://.godot/imported/seahorse-caught.png-86468c76bbe455c12927574e8ecba89e.ctex.",
    +   "console:    at: _load (core\\io\\resource_loader.cpp:317)",
    +   "console: ERROR: Failed loading resource: res://resources/fish/seahorse-caught.png.",
    +   "console:    at: _load (core\\io\\resource_loader.cpp:317)",
    +   "console: ERROR: Condition \"img.is_null() || img->is_empty()\" is true. Returning: Ref<Image>()",
    +   "console:    at: load_image_from_file (scene\\resources\\compressed_texture.cpp:343)",
    +   "console: ERROR: Failed loading resource: res://.godot/imported/giant-hook.png-432a27d8fb2c10fc479a296094ea71f1.ctex.",
    +   "console:    at: _load (core\\io\\resource_loader.cpp:317)",
    +   "console: ERROR: Failed loading resource: res://resources/powerups/giant-hook.png.",
    +   "console:    at: _load (core\\io\\resource_loader.cpp:317)",
    +   "console: ERROR: Condition \"img.is_null() || img->is_empty()\" is true. Returning: Ref<Image>()",
    +   "console:    at: load_image_from_file (scene\\resources\\compressed_texture.cpp:343)",
    +   "console: ERROR: Failed loading resource: res://.godot/imported/orange-rare-swim.png-0fc04f7531799bde76aea21d0a2d219a.ctex.",
    +   "console:    at: _load (core\\io\\resource_loader.cpp:317)",
    +   "console: ERROR: Failed loading resource: res://resources/fish/orange-rare-swim.png.",
    +   "console:    at: _load (core\\io\\resource_loader.cpp:317)",
    +   "console: ERROR: Condition \"img.is_null() || img->is_empty()\" is true. Returning: Ref<Image>()",
    +   "console:    at: load_image_from_file (scene\\resources\\compressed_texture.cpp:343)",
    +   "console: ERROR: Failed loading resource: res://.godot/imported/orange-rare-caught.png-045946cc4077fe9ef0c9a9a80028eabe.ctex.",
    +   "console:    at: _load (core\\io\\resource_loader.cpp:317)",
    +   "console: ERROR: Failed loading resource: res://resources/fish/orange-rare-caught.png.",
    +   "console:    at: _load (core\\io\\resource_loader.cpp:317)",
    +   "console: ERROR: Condition \"img.is_null() || img->is_empty()\" is true. Returning: Ref<Image>()",
    +   "console:    at: load_image_from_file (scene\\resources\\compressed_texture.cpp:343)",
    +   "console: ERROR: Failed loading resource: res://.godot/imported/treasure-chest.png-626816cb3e5027ec058c0dc07a253720.ctex.",
    +   "console:    at: _load (core\\io\\resource_loader.cpp:317)",
    +   "console: ERROR: Failed loading resource: res://resources/pickups/treasure-chest.png.",
    +   "console:    at: _load (core\\io\\resource_loader.cpp:317)",
    +   "console: ERROR: Condition \"img.is_null() || img->is_empty()\" is true. Returning: Ref<Image>()",
    +   "console:    at: load_image_from_file (scene\\resources\\compressed_texture.cpp:343)",
    +   "console: ERROR: Failed loading resource: res://.godot/imported/squid.png-e137f4fc2ec8cc5ea4cf51465731dffa.ctex.",
    +   "console:    at: _load (core\\io\\resource_loader.cpp:317)",
    +   "console: ERROR: Failed loading resource: res://resources/creatures/squid.png.",
    +   "console:    at: _load (core\\io\\resource_loader.cpp:317)",
    +   "console: ERROR: Condition \"img.is_null() || img->is_empty()\" is true. Returning: Ref<Image>()",
    +   "console:    at: load_image_from_file (scene\\resources\\compressed_texture.cpp:343)",
    +   "console: ERROR: Failed loading resource: res://.godot/imported/sea-turtle.png-bb400f5204b9e372d7f963ad2ea866bf.ctex.",
    +   "console:    at: _load (core\\io\\resource_loader.cpp:317)",
    +   "console: ERROR: Failed loading resource: res://resources/creatures/sea-turtle.png.",
    +   "console:    at: _load (core\\io\\resource_loader.cpp:317)",
    +   "console: ERROR: Condition \"img.is_null() || img->is_empty()\" is true. Returning: Ref<Image>()",
    +   "console:    at: load_image_from_file (scene\\resources\\compressed_texture.cpp:343)",
    +   "console: ERROR: Failed loading resource: res://.godot/imported/freeze-crystal.png-f0f65d0466d2bd680a00a4a62f02a2e8.ctex.",
    +   "console:    at: _load (core\\io\\resource_loader.cpp:317)",
    +   "console: ERROR: Failed loading resource: res://resources/powerups/freeze-crystal.png.",
    +   "console:    at: _load (core\\io\\resource_loader.cpp:317)",
    +   "console: ERROR: Condition \"img.is_null() || img->is_empty()\" is true. Returning: Ref<Image>()",
    +   "console:    at: load_image_from_file (scene\\resources\\compressed_texture.cpp:343)",
    +   "console: ERROR: Failed loading resource: res://.godot/imported/claw-hook.png-658ac30bfb83d5f7eca89426361d584e.ctex.",
    +   "console:    at: _load (core\\io\\resource_loader.cpp:317)",
    +   "console: ERROR: Failed loading resource: res://resources/tools/claw-hook.png.",
    +   "console:    at: _load (core\\io\\resource_loader.cpp:317)",
    +   "console: ERROR: Condition \"img.is_null() || img->is_empty()\" is true. Returning: Ref<Image>()",
    +   "console:    at: load_image_from_file (scene\\resources\\compressed_texture.cpp:343)",
    +   "console: ERROR: Failed loading resource: res://.godot/imported/icon-coin.svg-c93d0f43093edde5eb300f03d7a12239.ctex.",
    +   "console:    at: _load (core\\io\\resource_loader.cpp:317)",
    +   "console: ERROR: Failed loading resource: res://resources/ui/icon-coin.svg.",
    +   "console:    at: _load (core\\io\\resource_loader.cpp:317)",
    +   "console: ERROR: Condition \"img.is_null() || img->is_empty()\" is true. Returning: Ref<Image>()",
    +   "console:    at: load_image_from_file (scene\\resources\\compressed_texture.cpp:343)",
    +   "console: ERROR: Failed loading resource: res://.godot/imported/icon-clock.svg-6546705e8cf8393b8ea9021e02292a05.ctex.",
    +   "console:    at: _load (core\\io\\resource_loader.cpp:317)",
    +   "console: ERROR: Failed loading resource: res://resources/ui/icon-clock.svg.",
    +   "console:    at: _load (core\\io\\resource_loader.cpp:317)",
    +   "console: ERROR: Catchable has an invalid definition: BlueSmall",
    +   "console:    at: push_error (core\\variant\\variant_utility.cpp:1023)",
    +   "console: ERROR: Catchable has an invalid definition: GreenScrap",
    +   "console:    at: push_error (core\\variant\\variant_utility.cpp:1023)",
    +   "console: ERROR: Catchable has an invalid definition: YellowStriped",
    +   "console:    at: push_error (core\\variant\\variant_utility.cpp:1023)",
    +   "console: ERROR: Catchable has an invalid definition: Crab",
    +   "console:    at: push_error (core\\variant\\variant_utility.cpp:1023)",
    +   "console: ERROR: Catchable has an invalid definition: Jellyfish",
    +   "console:    at: push_error (core\\variant\\variant_utility.cpp:1023)",
    +   "console: ERROR: Catchable has an invalid definition: OldBoot",
    +   "console:    at: push_error (core\\variant\\variant_utility.cpp:1023)",
    +   "console: ERROR: Catchable has an invalid definition: TinCan",
    +   "console:    at: push_error (core\\variant\\variant_utility.cpp:1023)",
    +   "console: ERROR: PowerupPickup has an invalid definition: SpeedReel",
    +   "console:    at: push_error (core\\variant\\variant_utility.cpp:1023)",
    +   "console: ERROR: Catchable has an invalid definition: PurpleGiant",
    +   "console:    at: push_error (core\\variant\\variant_utility.cpp:1023)",
    +   "console: ERROR: Catchable has an invalid definition: PearlShell",
    +   "console:    at: push_error (core\\variant\\variant_utility.cpp:1023)",
    +   "console: ERROR: Catchable has an invalid definition: Tire",
    +   "console:    at: push_error (core\\variant\\variant_utility.cpp:1023)",
    +   "console: ERROR: Catchable has an invalid definition: Pufferfish",
    +   "console:    at: push_error (core\\variant\\variant_utility.cpp:1023)",
    +   "console: ERROR: Catchable has an invalid definition: Seahorse",
    +   "console:    at: push_error (core\\variant\\variant_utility.cpp:1023)",
    +   "console: ERROR: PowerupPickup has an invalid definition: GiantHook",
    +   "console:    at: push_error (core\\variant\\variant_utility.cpp:1023)",
    +   "console: ERROR: Catchable has an invalid definition: OrangeRare",
    +   "console:    at: push_error (core\\variant\\variant_utility.cpp:1023)",
    +   "console: ERROR: Catchable has an invalid definition: TreasureChest",
    +   "console:    at: push_error (core\\variant\\variant_utility.cpp:1023)",
    +   "console: ERROR: Catchable has an invalid definition: Squid",
    +   "console:    at: push_error (core\\variant\\variant_utility.cpp:1023)",
    +   "console: ERROR: Catchable has an invalid definition: SeaTurtle",
    +   "console:    at: push_error (core\\variant\\variant_utility.cpp:1023)",
    +   "console: ERROR: PowerupPickup has an invalid definition: FreezeCrystal",
    +   "console:    at: push_error (core\\variant\\variant_utility.cpp:1023)",
    + ]

       at fixtures.ts:11

       9 |     })
      10 |     await use(browserErrors)
    > 11 |     expect(browserErrors, 'browser console and page errors').toEqual([])
         |                                                              ^
      12 |   }, { auto: true }],
      13 | })
      14 |
        at Object.exports.test._test.test.extend.browserErrors.auto (D:\godot\project\fishing-baby\tests\e2e\fixtures.ts:11:62)

    attachment #1: screenshot (image/png) ──────────────────────────────────────────────────────────
    test-results\start-empty-E2E-CORE-01-开始、Web-输入焦点与空钩零分-chromium\test-failed-1.png
    ────────────────────────────────────────────────────────────────────────────────────────────────

    Error Context: test-results\start-empty-E2E-CORE-01-开始、Web-输入焦点与空钩零分-chromium\error-context.md

    Retry #1 ───────────────────────────────────────────────────────────────────────────────────────

    Error: browser console and page errors

    expect(received).toEqual(expected) // deep equality

    - Expected  -   1
    + Received  + 312

    - Array []
    + Array [
    +   "console: SCRIPT ERROR: Parse Error: Cannot infer the type of \"camera\" variable because the value doesn't have a set type.",
    +   "console:    at: GDScript::reload (res://addons/godotiq/godotiq_runtime.gd:463)",
    +   "console: SCRIPT ERROR: Parse Error: Cannot infer the type of \"screen_pos\" variable because the value doesn't have a set type.",
    +   "console:    at: GDScript::reload (res://addons/godotiq/godotiq_runtime.gd:468)",
    +   "console: SCRIPT ERROR: Parse Error: Cannot infer the type of \"world\" variable because the value doesn't have a set type.",
    +   "console:    at: GDScript::reload (res://addons/godotiq/godotiq_runtime.gd:944)",
    +   "console: SCRIPT ERROR: Parse Error: Could not find type \"Node3D\" in the current scope.",
    +   "console:    at: GDScript::reload (res://addons/godotiq/godotiq_runtime.gd:958)",
    +   "console: SCRIPT ERROR: Parse Error: Could not find type \"Node3D\" in the current scope.",
    +   "console:    at: GDScript::reload (res://addons/godotiq/godotiq_runtime.gd:963)",
    +   "console: SCRIPT ERROR: Parse Error: Could not find type \"Node3D\" in the current scope.",
    +   "console:    at: GDScript::reload (res://addons/godotiq/godotiq_runtime.gd:972)",
    +   "console: SCRIPT ERROR: Parse Error: Could not find type \"Node3D\" in the current scope.",
    +   "console:    at: GDScript::reload (res://addons/godotiq/godotiq_runtime.gd:977)",
    +   "console: SCRIPT ERROR: Parse Error: Identifier \"NavigationServer3D\" not declared in the current scope.",
    +   "console:    at: GDScript::reload (res://addons/godotiq/godotiq_runtime.gd:984)",
    +   "console: SCRIPT ERROR: Parse Error: Cannot infer the type of \"closest_from\" variable because the value doesn't have a set type.",
    +   "console:    at: GDScript::reload (res://addons/godotiq/godotiq_runtime.gd:984)",
    +   "console: SCRIPT ERROR: Parse Error: Identifier \"NavigationServer3D\" not declared in the current scope.",
    +   "console:    at: GDScript::reload (res://addons/godotiq/godotiq_runtime.gd:985)",
    +   "console: SCRIPT ERROR: Parse Error: Cannot infer the type of \"closest_to\" variable because the value doesn't have a set type.",
    +   "console:    at: GDScript::reload (res://addons/godotiq/godotiq_runtime.gd:985)",
    +   "console: SCRIPT ERROR: Parse Error: Identifier \"NavigationServer3D\" not declared in the current scope.",
    +   "console:    at: GDScript::reload (res://addons/godotiq/godotiq_runtime.gd:991)",
    +   "console: SCRIPT ERROR: Parse Error: Could not find type \"RichTextLabel\" in the current scope.",
    +   "console:    at: GDScript::reload (res://addons/godotiq/godotiq_runtime.gd:1268)",
    +   "console: SCRIPT ERROR: Parse Error: Could not find type \"RichTextLabel\" in the current scope.",
    +   "console:    at: GDScript::reload (res://addons/godotiq/godotiq_runtime.gd:1269)",
    +   "console: SCRIPT ERROR: Parse Error: Could not find type \"TextEdit\" in the current scope.",
    +   "console:    at: GDScript::reload (res://addons/godotiq/godotiq_runtime.gd:1274)",
    +   "console: SCRIPT ERROR: Parse Error: Could not find type \"TextEdit\" in the current scope.",
    +   "console:    at: GDScript::reload (res://addons/godotiq/godotiq_runtime.gd:1275)",
    +   "console: SCRIPT ERROR: Parse Error: Could not find type \"SpinBox\" in the current scope.",
    +   "console:    at: GDScript::reload (res://addons/godotiq/godotiq_runtime.gd:1281)",
    +   "console: SCRIPT ERROR: Parse Error: Could not find type \"SpinBox\" in the current scope.",
    +   "console:    at: GDScript::reload (res://addons/godotiq/godotiq_runtime.gd:1283)",
    +   "console: SCRIPT ERROR: Parse Error: Could not find type \"Camera3D\" in the current scope.",
    +   "console:    at: GDScript::reload (res://addons/godotiq/godotiq_runtime.gd:1383)",
    +   "console: SCRIPT ERROR: Parse Error: Identifier \"Camera3D\" not declared in the current scope.",
    +   "console:    at: GDScript::reload (res://addons/godotiq/godotiq_runtime.gd:1389)",
    +   "console: SCRIPT ERROR: Parse Error: Cannot infer the type of \"drone\" variable because the value doesn't have a set type.",
    +   "console:    at: GDScript::reload (res://addons/godotiq/godotiq_runtime.gd:1389)",
    +   "console: SCRIPT ERROR: Parse Error: Could not find type \"Camera3D\" in the current scope.",
    +   "console:    at: GDScript::reload (res://addons/godotiq/godotiq_runtime.gd:1447)",
    +   "console: SCRIPT ERROR: Parse Error: Could not find type \"Node3D\" in the current scope.",
    +   "console:    at: GDScript::reload (res://addons/godotiq/godotiq_runtime.gd:1525)",
    +   "console: ERROR: Failed to load script \"res://addons/godotiq/godotiq_runtime.gd\" with error \"Parse error\".",
    +   "console:    at: load (modules\\gdscript\\gdscript_resource_format.cpp:46)",
    +   "console: ERROR: Failed to instantiate an autoload, script 'res://addons/godotiq/godotiq_runtime.gd' does not inherit from 'Node'.",
    +   "console:    at: start (main\\main.cpp:4535)",
    +   "console: ERROR: Condition \"img.is_null() || img->is_empty()\" is true. Returning: Ref<Image>()",
    +   "console:    at: load_image_from_file (scene\\resources\\compressed_texture.cpp:343)",
    +   "console: ERROR: Failed loading resource: res://.godot/imported/ocean-background.png-2a45ccb46859053b8f01bbc11fd6a736.ctex.",
    +   "console:    at: _load (core\\io\\resource_loader.cpp:317)",
    +   "console: ERROR: Failed loading resource: res://resources/environment/ocean-background.png.",
    +   "console:    at: _load (core\\io\\resource_loader.cpp:317)",
    +   "console: ERROR: Condition \"img.is_null() || img->is_empty()\" is true. Returning: Ref<Image>()",
    +   "console:    at: load_image_from_file (scene\\resources\\compressed_texture.cpp:343)",
    +   "console: ERROR: Failed loading resource: res://.godot/imported/cloud-03-large-center.png-23e9b0f50f26c0e4ccb7ec3994e89e45.ctex.",
    +   "console:    at: _load (core\\io\\resource_loader.cpp:317)",
    +   "console: ERROR: Failed loading resource: res://resources/environment_sliced/clouds/cloud-03-large-center.png.",
    +   "console:    at: _load (core\\io\\resource_loader.cpp:317)",
    +   "console: ERROR: Condition \"img.is_null() || img->is_empty()\" is true. Returning: Ref<Image>()",
    +   "console:    at: load_image_from_file (scene\\resources\\compressed_texture.cpp:343)",
    +   "console: ERROR: Failed loading resource: res://.godot/imported/lighthouse-island.png-b3bf27c0debb00384efdb040f2be3868.ctex.",
    +   "console:    at: _load (core\\io\\resource_loader.cpp:317)",
    +   "console: ERROR: Failed loading resource: res://resources/environment_sliced/island/lighthouse-island.png.",
    +   "console:    at: _load (core\\io\\resource_loader.cpp:317)",
    +   "console: ERROR: Condition \"img.is_null() || img->is_empty()\" is true. Returning: Ref<Image>()",
    +   "console:    at: load_image_from_file (scene\\resources\\compressed_texture.cpp:343)",
    +   "console: ERROR: Failed loading resource: res://.godot/imported/seabed-decoration.png-f0d4b69ace78ba4676e9477aac2cf5b4.ctex.",
    +   "console:    at: _load (core\\io\\resource_loader.cpp:317)",
    +   "console: ERROR: Failed loading resource: res://resources/environment/seabed-decoration.png.",
    +   "console:    at: _load (core\\io\\resource_loader.cpp:317)",
    +   "console: ERROR: Condition \"img.is_null() || img->is_empty()\" is true. Returning: Ref<Image>()",
    +   "console:    at: load_image_from_file (scene\\resources\\compressed_texture.cpp:343)",
    +   "console: ERROR: Failed loading resource: res://.godot/imported/surface-wave-strip.png-8263ffc31adf7bb182c47f2703cc9232.ctex.",
    +   "console:    at: _load (core\\io\\resource_loader.cpp:317)",
    +   "console: ERROR: Failed loading resource: res://resources/environment/surface-wave-strip.png.",
    +   "console:    at: _load (core\\io\\resource_loader.cpp:317)",
    +   "console: ERROR: Condition \"img.is_null() || img->is_empty()\" is true. Returning: Ref<Image>()",
    +   "console:    at: load_image_from_file (scene\\resources\\compressed_texture.cpp:343)",
    +   "console: ERROR: Failed loading resource: res://.godot/imported/boat_body.png-a44818dd24af39bc0deb40c36aac93e6.ctex.",
    +   "console:    at: _load (core\\io\\resource_loader.cpp:317)",
    +   "console: ERROR: Failed loading resource: res://resources/characters/boat_body.png.",
    +   "console:    at: _load (core\\io\\resource_loader.cpp:317)",
    +   "console: ERROR: Condition \"img.is_null() || img->is_empty()\" is true. Returning: Ref<Image>()",
    +   "console:    at: load_image_from_file (scene\\resources\\compressed_texture.cpp:343)",
    +   "console: ERROR: Failed loading resource: res://.godot/imported/boy_head.png-1ace9c3ae029aca0706dd42ca966152d.ctex.",
    +   "console:    at: _load (core\\io\\resource_loader.cpp:317)",
    +   "console: ERROR: Failed loading resource: res://resources/characters/boy_head.png.",
    +   "console:    at: _load (core\\io\\resource_loader.cpp:317)",
    +   "console: ERROR: Condition \"img.is_null() || img->is_empty()\" is true. Returning: Ref<Image>()",
    +   "console:    at: load_image_from_file (scene\\resources\\compressed_texture.cpp:343)",
    +   "console: ERROR: Failed loading resource: res://.godot/imported/girl_head.png-e2bbf8e3c7c5f8647fccc7c28d70452e.ctex.",
    +   "console:    at: _load (core\\io\\resource_loader.cpp:317)",
    +   "console: ERROR: Failed loading resource: res://resources/characters/girl_head.png.",
    +   "console:    at: _load (core\\io\\resource_loader.cpp:317)",
    +   "console: ERROR: Condition \"img.is_null() || img->is_empty()\" is true. Returning: Ref<Image>()",
    +   "console:    at: load_image_from_file (scene\\resources\\compressed_texture.cpp:343)",
    +   "console: ERROR: Failed loading resource: res://.godot/imported/blue-small-swim.png-108bfc0cf186a41df4ad87f6f014e3a5.ctex.",
    +   "console:    at: _load (core\\io\\resource_loader.cpp:317)",
    +   "console: ERROR: Failed loading resource: res://resources/fish/blue-small-swim.png.",
    +   "console:    at: _load (core\\io\\resource_loader.cpp:317)",
    +   "console: ERROR: Condition \"img.is_null() || img->is_empty()\" is true. Returning: Ref<Image>()",
    +   "console:    at: load_image_from_file (scene\\resources\\compressed_texture.cpp:343)",
    +   "console: ERROR: Failed loading resource: res://.godot/imported/blue-small-caught.png-50a2af6503b08e32bb30bed5b533ea4d.ctex.",
    +   "console:    at: _load (core\\io\\resource_loader.cpp:317)",
    +   "console: ERROR: Failed loading resource: res://resources/fish/blue-small-caught.png.",
    +   "console:    at: _load (core\\io\\resource_loader.cpp:317)",
    +   "console: ERROR: Condition \"img.is_null() || img->is_empty()\" is true. Returning: Ref<Image>()",
    +   "console:    at: load_image_from_file (scene\\resources\\compressed_texture.cpp:343)",
    +   "console: ERROR: Failed loading resource: res://.godot/imported/green-scrap-swim.png-ea4b871e4dc5a9c0a1b85b615e88e4a2.ctex.",
    +   "console:    at: _load (core\\io\\resource_loader.cpp:317)",
    +   "console: ERROR: Failed loading resource: res://resources/fish/green-scrap-swim.png.",
    +   "console:    at: _load (core\\io\\resource_loader.cpp:317)",
    +   "console: ERROR: Condition \"img.is_null() || img->is_empty()\" is true. Returning: Ref<Image>()",
    +   "console:    at: load_image_from_file (scene\\resources\\compressed_texture.cpp:343)",
    +   "console: ERROR: Failed loading resource: res://.godot/imported/green-scrap-caught.png-3e77a518be6ae73c7aefba624c602a65.ctex.",
    +   "console:    at: _load (core\\io\\resource_loader.cpp:317)",
    +   "console: ERROR: Failed loading resource: res://resources/fish/green-scrap-caught.png.",
    +   "console:    at: _load (core\\io\\resource_loader.cpp:317)",
    +   "console: ERROR: Condition \"img.is_null() || img->is_empty()\" is true. Returning: Ref<Image>()",
    +   "console:    at: load_image_from_file (scene\\resources\\compressed_texture.cpp:343)",
    +   "console: ERROR: Failed loading resource: res://.godot/imported/yellow-striped-swim.png-2ed02746ea87c33e1eba940383d8cc49.ctex.",
    +   "console:    at: _load (core\\io\\resource_loader.cpp:317)",
    +   "console: ERROR: Failed loading resource: res://resources/fish/yellow-striped-swim.png.",
    +   "console:    at: _load (core\\io\\resource_loader.cpp:317)",
    +   "console: ERROR: Condition \"img.is_null() || img->is_empty()\" is true. Returning: Ref<Image>()",
    +   "console:    at: load_image_from_file (scene\\resources\\compressed_texture.cpp:343)",
    +   "console: ERROR: Failed loading resource: res://.godot/imported/yellow-striped-caught.png-9be6116b1904b3e231806f4c62136729.ctex.",
    +   "console:    at: _load (core\\io\\resource_loader.cpp:317)",
    +   "console: ERROR: Failed loading resource: res://resources/fish/yellow-striped-caught.png.",
    +   "console:    at: _load (core\\io\\resource_loader.cpp:317)",
    +   "console: ERROR: Condition \"img.is_null() || img->is_empty()\" is true. Returning: Ref<Image>()",
    +   "console:    at: load_image_from_file (scene\\resources\\compressed_texture.cpp:343)",
    +   "console: ERROR: Failed loading resource: res://.godot/imported/crab.png-2d22402a2bcc28e5d37f3445427315c8.ctex.",
    +   "console:    at: _load (core\\io\\resource_loader.cpp:317)",
    +   "console: ERROR: Failed loading resource: res://resources/creatures/crab.png.",
    +   "console:    at: _load (core\\io\\resource_loader.cpp:317)",
    +   "console: ERROR: Condition \"img.is_null() || img->is_empty()\" is true. Returning: Ref<Image>()",
    +   "console:    at: load_image_from_file (scene\\resources\\compressed_texture.cpp:343)",
    +   "console: ERROR: Failed loading resource: res://.godot/imported/jellyfish.png-97f7a9ea8459531aa3483f4c014a16d2.ctex.",
    +   "console:    at: _load (core\\io\\resource_loader.cpp:317)",
    +   "console: ERROR: Failed loading resource: res://resources/creatures/jellyfish.png.",
    +   "console:    at: _load (core\\io\\resource_loader.cpp:317)",
    +   "console: ERROR: Condition \"img.is_null() || img->is_empty()\" is true. Returning: Ref<Image>()",
    +   "console:    at: load_image_from_file (scene\\resources\\compressed_texture.cpp:343)",
    +   "console: ERROR: Failed loading resource: res://.godot/imported/old-boot.png-660b38fd139cb277d9b5187fd80f9adb.ctex.",
    +   "console:    at: _load (core\\io\\resource_loader.cpp:317)",
    +   "console: ERROR: Failed loading resource: res://resources/pickups/old-boot.png.",
    +   "console:    at: _load (core\\io\\resource_loader.cpp:317)",
    +   "console: ERROR: Condition \"img.is_null() || img->is_empty()\" is true. Returning: Ref<Image>()",
    +   "console:    at: load_image_from_file (scene\\resources\\compressed_texture.cpp:343)",
    +   "console: ERROR: Failed loading resource: res://.godot/imported/tin-can.png-8d501993c9c3d420539166a37bf87a0b.ctex.",
    +   "console:    at: _load (core\\io\\resource_loader.cpp:317)",
    +   "console: ERROR: Failed loading resource: res://resources/pickups/tin-can.png.",
    +   "console:    at: _load (core\\io\\resource_loader.cpp:317)",
    +   "console: ERROR: Condition \"img.is_null() || img->is_empty()\" is true. Returning: Ref<Image>()",
    +   "console:    at: load_image_from_file (scene\\resources\\compressed_texture.cpp:343)",
    +   "console: ERROR: Failed loading resource: res://.godot/imported/speed-reel.png-2f472c4ec1f16e54e1a959c42a50cb7a.ctex.",
    +   "console:    at: _load (core\\io\\resource_loader.cpp:317)",
    +   "console: ERROR: Failed loading resource: res://resources/powerups/speed-reel.png.",
    +   "console:    at: _load (core\\io\\resource_loader.cpp:317)",
    +   "console: ERROR: Condition \"img.is_null() || img->is_empty()\" is true. Returning: Ref<Image>()",
    +   "console:    at: load_image_from_file (scene\\resources\\compressed_texture.cpp:343)",
    +   "console: ERROR: Failed loading resource: res://.godot/imported/purple-giant-swim.png-e3dd90ee30cb0648ab2f98b60c55b957.ctex.",
    +   "console:    at: _load (core\\io\\resource_loader.cpp:317)",
    +   "console: ERROR: Failed loading resource: res://resources/fish/purple-giant-swim.png.",
    +   "console:    at: _load (core\\io\\resource_loader.cpp:317)",
    +   "console: ERROR: Condition \"img.is_null() || img->is_empty()\" is true. Returning: Ref<Image>()",
    +   "console:    at: load_image_from_file (scene\\resources\\compressed_texture.cpp:343)",
    +   "console: ERROR: Failed loading resource: res://.godot/imported/purple-giant-caught.png-0f269105a0618c79cfa42845560912cd.ctex.",
    +   "console:    at: _load (core\\io\\resource_loader.cpp:317)",
    +   "console: ERROR: Failed loading resource: res://resources/fish/purple-giant-caught.png.",
    +   "console:    at: _load (core\\io\\resource_loader.cpp:317)",
    +   "console: ERROR: Condition \"img.is_null() || img->is_empty()\" is true. Returning: Ref<Image>()",
    +   "console:    at: load_image_from_file (scene\\resources\\compressed_texture.cpp:343)",
    +   "console: ERROR: Failed loading resource: res://.godot/imported/pearl-shell.png-407d7aad2fb7af8d4007c646d8d1cf2e.ctex.",
    +   "console:    at: _load (core\\io\\resource_loader.cpp:317)",
    +   "console: ERROR: Failed loading resource: res://resources/pickups/pearl-shell.png.",
    +   "console:    at: _load (core\\io\\resource_loader.cpp:317)",
    +   "console: ERROR: Condition \"img.is_null() || img->is_empty()\" is true. Returning: Ref<Image>()",
    +   "console:    at: load_image_from_file (scene\\resources\\compressed_texture.cpp:343)",
    +   "console: ERROR: Failed loading resource: res://.godot/imported/tire.png-c26f578583a32f1a9c1c9f2acdbd0330.ctex.",
    +   "console:    at: _load (core\\io\\resource_loader.cpp:317)",
    +   "console: ERROR: Failed loading resource: res://resources/pickups/tire.png.",
    +   "console:    at: _load (core\\io\\resource_loader.cpp:317)",
    +   "console: ERROR: Condition \"img.is_null() || img->is_empty()\" is true. Returning: Ref<Image>()",
    +   "console:    at: load_image_from_file (scene\\resources\\compressed_texture.cpp:343)",
    +   "console: ERROR: Failed loading resource: res://.godot/imported/pufferfish-swim.png-d59415bc822be0d9ac451420e3c1fe52.ctex.",
    +   "console:    at: _load (core\\io\\resource_loader.cpp:317)",
    +   "console: ERROR: Failed loading resource: res://resources/fish/pufferfish-swim.png.",
    +   "console:    at: _load (core\\io\\resource_loader.cpp:317)",
    +   "console: ERROR: Condition \"img.is_null() || img->is_empty()\" is true. Returning: Ref<Image>()",
    +   "console:    at: load_image_from_file (scene\\resources\\compressed_texture.cpp:343)",
    +   "console: ERROR: Failed loading resource: res://.godot/imported/pufferfish-caught.png-eef9d991bdc95cdd13e86710a435cf5a.ctex.",
    +   "console:    at: _load (core\\io\\resource_loader.cpp:317)",
    +   "console: ERROR: Failed loading resource: res://resources/fish/pufferfish-caught.png.",
    +   "console:    at: _load (core\\io\\resource_loader.cpp:317)",
    +   "console: ERROR: Condition \"img.is_null() || img->is_empty()\" is true. Returning: Ref<Image>()",
    +   "console:    at: load_image_from_file (scene\\resources\\compressed_texture.cpp:343)",
    +   "console: ERROR: Failed loading resource: res://.godot/imported/seahorse-swim.png-6094f29e7fa01e7637da16a8ff41e04e.ctex.",
    +   "console:    at: _load (core\\io\\resource_loader.cpp:317)",
    +   "console: ERROR: Failed loading resource: res://resources/fish/seahorse-swim.png.",
    +   "console:    at: _load (core\\io\\resource_loader.cpp:317)",
    +   "console: ERROR: Condition \"img.is_null() || img->is_empty()\" is true. Returning: Ref<Image>()",
    +   "console:    at: load_image_from_file (scene\\resources\\compressed_texture.cpp:343)",
    +   "console: ERROR: Failed loading resource: res://.godot/imported/seahorse-caught.png-86468c76bbe455c12927574e8ecba89e.ctex.",
    +   "console:    at: _load (core\\io\\resource_loader.cpp:317)",
    +   "console: ERROR: Failed loading resource: res://resources/fish/seahorse-caught.png.",
    +   "console:    at: _load (core\\io\\resource_loader.cpp:317)",
    +   "console: ERROR: Condition \"img.is_null() || img->is_empty()\" is true. Returning: Ref<Image>()",
    +   "console:    at: load_image_from_file (scene\\resources\\compressed_texture.cpp:343)",
    +   "console: ERROR: Failed loading resource: res://.godot/imported/giant-hook.png-432a27d8fb2c10fc479a296094ea71f1.ctex.",
    +   "console:    at: _load (core\\io\\resource_loader.cpp:317)",
    +   "console: ERROR: Failed loading resource: res://resources/powerups/giant-hook.png.",
    +   "console:    at: _load (core\\io\\resource_loader.cpp:317)",
    +   "console: ERROR: Condition \"img.is_null() || img->is_empty()\" is true. Returning: Ref<Image>()",
    +   "console:    at: load_image_from_file (scene\\resources\\compressed_texture.cpp:343)",
    +   "console: ERROR: Failed loading resource: res://.godot/imported/orange-rare-swim.png-0fc04f7531799bde76aea21d0a2d219a.ctex.",
    +   "console:    at: _load (core\\io\\resource_loader.cpp:317)",
    +   "console: ERROR: Failed loading resource: res://resources/fish/orange-rare-swim.png.",
    +   "console:    at: _load (core\\io\\resource_loader.cpp:317)",
    +   "console: ERROR: Condition \"img.is_null() || img->is_empty()\" is true. Returning: Ref<Image>()",
    +   "console:    at: load_image_from_file (scene\\resources\\compressed_texture.cpp:343)",
    +   "console: ERROR: Failed loading resource: res://.godot/imported/orange-rare-caught.png-045946cc4077fe9ef0c9a9a80028eabe.ctex.",
    +   "console:    at: _load (core\\io\\resource_loader.cpp:317)",
    +   "console: ERROR: Failed loading resource: res://resources/fish/orange-rare-caught.png.",
    +   "console:    at: _load (core\\io\\resource_loader.cpp:317)",
    +   "console: ERROR: Condition \"img.is_null() || img->is_empty()\" is true. Returning: Ref<Image>()",
    +   "console:    at: load_image_from_file (scene\\resources\\compressed_texture.cpp:343)",
    +   "console: ERROR: Failed loading resource: res://.godot/imported/treasure-chest.png-626816cb3e5027ec058c0dc07a253720.ctex.",
    +   "console:    at: _load (core\\io\\resource_loader.cpp:317)",
    +   "console: ERROR: Failed loading resource: res://resources/pickups/treasure-chest.png.",
    +   "console:    at: _load (core\\io\\resource_loader.cpp:317)",
    +   "console: ERROR: Condition \"img.is_null() || img->is_empty()\" is true. Returning: Ref<Image>()",
    +   "console:    at: load_image_from_file (scene\\resources\\compressed_texture.cpp:343)",
    +   "console: ERROR: Failed loading resource: res://.godot/imported/squid.png-e137f4fc2ec8cc5ea4cf51465731dffa.ctex.",
    +   "console:    at: _load (core\\io\\resource_loader.cpp:317)",
    +   "console: ERROR: Failed loading resource: res://resources/creatures/squid.png.",
    +   "console:    at: _load (core\\io\\resource_loader.cpp:317)",
    +   "console: ERROR: Condition \"img.is_null() || img->is_empty()\" is true. Returning: Ref<Image>()",
    +   "console:    at: load_image_from_file (scene\\resources\\compressed_texture.cpp:343)",
    +   "console: ERROR: Failed loading resource: res://.godot/imported/sea-turtle.png-bb400f5204b9e372d7f963ad2ea866bf.ctex.",
    +   "console:    at: _load (core\\io\\resource_loader.cpp:317)",
    +   "console: ERROR: Failed loading resource: res://resources/creatures/sea-turtle.png.",
    +   "console:    at: _load (core\\io\\resource_loader.cpp:317)",
    +   "console: ERROR: Condition \"img.is_null() || img->is_empty()\" is true. Returning: Ref<Image>()",
    +   "console:    at: load_image_from_file (scene\\resources\\compressed_texture.cpp:343)",
    +   "console: ERROR: Failed loading resource: res://.godot/imported/freeze-crystal.png-f0f65d0466d2bd680a00a4a62f02a2e8.ctex.",
    +   "console:    at: _load (core\\io\\resource_loader.cpp:317)",
    +   "console: ERROR: Failed loading resource: res://resources/powerups/freeze-crystal.png.",
    +   "console:    at: _load (core\\io\\resource_loader.cpp:317)",
    +   "console: ERROR: Condition \"img.is_null() || img->is_empty()\" is true. Returning: Ref<Image>()",
    +   "console:    at: load_image_from_file (scene\\resources\\compressed_texture.cpp:343)",
    +   "console: ERROR: Failed loading resource: res://.godot/imported/claw-hook.png-658ac30bfb83d5f7eca89426361d584e.ctex.",
    +   "console:    at: _load (core\\io\\resource_loader.cpp:317)",
    +   "console: ERROR: Failed loading resource: res://resources/tools/claw-hook.png.",
    +   "console:    at: _load (core\\io\\resource_loader.cpp:317)",
    +   "console: ERROR: Condition \"img.is_null() || img->is_empty()\" is true. Returning: Ref<Image>()",
    +   "console:    at: load_image_from_file (scene\\resources\\compressed_texture.cpp:343)",
    +   "console: ERROR: Failed loading resource: res://.godot/imported/icon-coin.svg-c93d0f43093edde5eb300f03d7a12239.ctex.",
    +   "console:    at: _load (core\\io\\resource_loader.cpp:317)",
    +   "console: ERROR: Failed loading resource: res://resources/ui/icon-coin.svg.",
    +   "console:    at: _load (core\\io\\resource_loader.cpp:317)",
    +   "console: ERROR: Condition \"img.is_null() || img->is_empty()\" is true. Returning: Ref<Image>()",
    +   "console:    at: load_image_from_file (scene\\resources\\compressed_texture.cpp:343)",
    +   "console: ERROR: Failed loading resource: res://.godot/imported/icon-clock.svg-6546705e8cf8393b8ea9021e02292a05.ctex.",
    +   "console:    at: _load (core\\io\\resource_loader.cpp:317)",
    +   "console: ERROR: Failed loading resource: res://resources/ui/icon-clock.svg.",
    +   "console:    at: _load (core\\io\\resource_loader.cpp:317)",
    +   "console: ERROR: Catchable has an invalid definition: BlueSmall",
    +   "console:    at: push_error (core\\variant\\variant_utility.cpp:1023)",
    +   "console: ERROR: Catchable has an invalid definition: GreenScrap",
    +   "console:    at: push_error (core\\variant\\variant_utility.cpp:1023)",
    +   "console: ERROR: Catchable has an invalid definition: YellowStriped",
    +   "console:    at: push_error (core\\variant\\variant_utility.cpp:1023)",
    +   "console: ERROR: Catchable has an invalid definition: Crab",
    +   "console:    at: push_error (core\\variant\\variant_utility.cpp:1023)",
    +   "console: ERROR: Catchable has an invalid definition: Jellyfish",
    +   "console:    at: push_error (core\\variant\\variant_utility.cpp:1023)",
    +   "console: ERROR: Catchable has an invalid definition: OldBoot",
    +   "console:    at: push_error (core\\variant\\variant_utility.cpp:1023)",
    +   "console: ERROR: Catchable has an invalid definition: TinCan",
    +   "console:    at: push_error (core\\variant\\variant_utility.cpp:1023)",
    +   "console: ERROR: PowerupPickup has an invalid definition: SpeedReel",
    +   "console:    at: push_error (core\\variant\\variant_utility.cpp:1023)",
    +   "console: ERROR: Catchable has an invalid definition: PurpleGiant",
    +   "console:    at: push_error (core\\variant\\variant_utility.cpp:1023)",
    +   "console: ERROR: Catchable has an invalid definition: PearlShell",
    +   "console:    at: push_error (core\\variant\\variant_utility.cpp:1023)",
    +   "console: ERROR: Catchable has an invalid definition: Tire",
    +   "console:    at: push_error (core\\variant\\variant_utility.cpp:1023)",
    +   "console: ERROR: Catchable has an invalid definition: Pufferfish",
    +   "console:    at: push_error (core\\variant\\variant_utility.cpp:1023)",
    +   "console: ERROR: Catchable has an invalid definition: Seahorse",
    +   "console:    at: push_error (core\\variant\\variant_utility.cpp:1023)",
    +   "console: ERROR: PowerupPickup has an invalid definition: GiantHook",
    +   "console:    at: push_error (core\\variant\\variant_utility.cpp:1023)",
    +   "console: ERROR: Catchable has an invalid definition: OrangeRare",
    +   "console:    at: push_error (core\\variant\\variant_utility.cpp:1023)",
    +   "console: ERROR: Catchable has an invalid definition: TreasureChest",
    +   "console:    at: push_error (core\\variant\\variant_utility.cpp:1023)",
    +   "console: ERROR: Catchable has an invalid definition: Squid",
    +   "console:    at: push_error (core\\variant\\variant_utility.cpp:1023)",
    +   "console: ERROR: Catchable has an invalid definition: SeaTurtle",
    +   "console:    at: push_error (core\\variant\\variant_utility.cpp:1023)",
    +   "console: ERROR: PowerupPickup has an invalid definition: FreezeCrystal",
    +   "console:    at: push_error (core\\variant\\variant_utility.cpp:1023)",
    + ]

       at fixtures.ts:11

       9 |     })
      10 |     await use(browserErrors)
    > 11 |     expect(browserErrors, 'browser console and page errors').toEqual([])
         |                                                              ^
      12 |   }, { auto: true }],
      13 | })
      14 |
        at Object.exports.test._test.test.extend.browserErrors.auto (D:\godot\project\fishing-baby\tests\e2e\fixtures.ts:11:62)

    attachment #1: screenshot (image/png) ──────────────────────────────────────────────────────────
    test-results\start-empty-E2E-CORE-01-开始、Web-输入焦点与空钩零分-chromium-retry1\test-failed-1.png
    ────────────────────────────────────────────────────────────────────────────────────────────────

    Error Context: test-results\start-empty-E2E-CORE-01-开始、Web-输入焦点与空钩零分-chromium-retry1\error-context.md

    attachment #3: trace (application/zip) ─────────────────────────────────────────────────────────
    test-results\start-empty-E2E-CORE-01-开始、Web-输入焦点与空钩零分-chromium-retry1\trace.zip
    Usage:

        npx playwright show-trace test-results\start-empty-E2E-CORE-01-开始、Web-输入焦点与空钩零分-chromium-retry1\trace.zip

    ────────────────────────────────────────────────────────────────────────────────────────────────

  3) [chromium] › tests\e2e\viewport-matrix.spec.ts:50:5 › E2E-VIEW-01 Web 视口布局矩阵 ──────────────────

    Error: expect(received).toEqual(expected) // deep equality

    - Expected  -   1
    + Received  + 932

    - Array []
    + Array [
    +   "console: SCRIPT ERROR: Parse Error: Cannot infer the type of \"camera\" variable because the value doesn't have a set type.",
    +   "console:    at: GDScript::reload (res://addons/godotiq/godotiq_runtime.gd:463)",
    +   "console: SCRIPT ERROR: Parse Error: Cannot infer the type of \"screen_pos\" variable because the value doesn't have a set type.",
    +   "console:    at: GDScript::reload (res://addons/godotiq/godotiq_runtime.gd:468)",
    +   "console: SCRIPT ERROR: Parse Error: Cannot infer the type of \"world\" variable because the value doesn't have a set type.",
    +   "console:    at: GDScript::reload (res://addons/godotiq/godotiq_runtime.gd:944)",
    +   "console: SCRIPT ERROR: Parse Error: Could not find type \"Node3D\" in the current scope.",
    +   "console:    at: GDScript::reload (res://addons/godotiq/godotiq_runtime.gd:958)",
    +   "console: SCRIPT ERROR: Parse Error: Could not find type \"Node3D\" in the current scope.",
    +   "console:    at: GDScript::reload (res://addons/godotiq/godotiq_runtime.gd:963)",
    +   "console: SCRIPT ERROR: Parse Error: Could not find type \"Node3D\" in the current scope.",
    +   "console:    at: GDScript::reload (res://addons/godotiq/godotiq_runtime.gd:972)",
    +   "console: SCRIPT ERROR: Parse Error: Could not find type \"Node3D\" in the current scope.",
    +   "console:    at: GDScript::reload (res://addons/godotiq/godotiq_runtime.gd:977)",
    +   "console: SCRIPT ERROR: Parse Error: Identifier \"NavigationServer3D\" not declared in the current scope.",
    +   "console:    at: GDScript::reload (res://addons/godotiq/godotiq_runtime.gd:984)",
    +   "console: SCRIPT ERROR: Parse Error: Cannot infer the type of \"closest_from\" variable because the value doesn't have a set type.",
    +   "console:    at: GDScript::reload (res://addons/godotiq/godotiq_runtime.gd:984)",
    +   "console: SCRIPT ERROR: Parse Error: Identifier \"NavigationServer3D\" not declared in the current scope.",
    +   "console:    at: GDScript::reload (res://addons/godotiq/godotiq_runtime.gd:985)",
    +   "console: SCRIPT ERROR: Parse Error: Cannot infer the type of \"closest_to\" variable because the value doesn't have a set type.",
    +   "console:    at: GDScript::reload (res://addons/godotiq/godotiq_runtime.gd:985)",
    +   "console: SCRIPT ERROR: Parse Error: Identifier \"NavigationServer3D\" not declared in the current scope.",
    +   "console:    at: GDScript::reload (res://addons/godotiq/godotiq_runtime.gd:991)",
    +   "console: SCRIPT ERROR: Parse Error: Could not find type \"RichTextLabel\" in the current scope.",
    +   "console:    at: GDScript::reload (res://addons/godotiq/godotiq_runtime.gd:1268)",
    +   "console: SCRIPT ERROR: Parse Error: Could not find type \"RichTextLabel\" in the current scope.",
    +   "console:    at: GDScript::reload (res://addons/godotiq/godotiq_runtime.gd:1269)",
    +   "console: SCRIPT ERROR: Parse Error: Could not find type \"TextEdit\" in the current scope.",
    +   "console:    at: GDScript::reload (res://addons/godotiq/godotiq_runtime.gd:1274)",
    +   "console: SCRIPT ERROR: Parse Error: Could not find type \"TextEdit\" in the current scope.",
    +   "console:    at: GDScript::reload (res://addons/godotiq/godotiq_runtime.gd:1275)",
    +   "console: SCRIPT ERROR: Parse Error: Could not find type \"SpinBox\" in the current scope.",
    +   "console:    at: GDScript::reload (res://addons/godotiq/godotiq_runtime.gd:1281)",
    +   "console: SCRIPT ERROR: Parse Error: Could not find type \"SpinBox\" in the current scope.",
    +   "console:    at: GDScript::reload (res://addons/godotiq/godotiq_runtime.gd:1283)",
    +   "console: SCRIPT ERROR: Parse Error: Could not find type \"Camera3D\" in the current scope.",
    +   "console:    at: GDScript::reload (res://addons/godotiq/godotiq_runtime.gd:1383)",
    +   "console: SCRIPT ERROR: Parse Error: Identifier \"Camera3D\" not declared in the current scope.",
    +   "console:    at: GDScript::reload (res://addons/godotiq/godotiq_runtime.gd:1389)",
    +   "console: SCRIPT ERROR: Parse Error: Cannot infer the type of \"drone\" variable because the value doesn't have a set type.",
    +   "console:    at: GDScript::reload (res://addons/godotiq/godotiq_runtime.gd:1389)",
    +   "console: SCRIPT ERROR: Parse Error: Could not find type \"Camera3D\" in the current scope.",
    +   "console:    at: GDScript::reload (res://addons/godotiq/godotiq_runtime.gd:1447)",
    +   "console: SCRIPT ERROR: Parse Error: Could not find type \"Node3D\" in the current scope.",
    +   "console:    at: GDScript::reload (res://addons/godotiq/godotiq_runtime.gd:1525)",
    +   "console: ERROR: Failed to load script \"res://addons/godotiq/godotiq_runtime.gd\" with error \"Parse error\".",
    +   "console:    at: load (modules\\gdscript\\gdscript_resource_format.cpp:46)",
    +   "console: ERROR: Failed to instantiate an autoload, script 'res://addons/godotiq/godotiq_runtime.gd' does not inherit from 'Node'.",
    +   "console:    at: start (main\\main.cpp:4535)",
    +   "console: ERROR: Condition \"img.is_null() || img->is_empty()\" is true. Returning: Ref<Image>()",
    +   "console:    at: load_image_from_file (scene\\resources\\compressed_texture.cpp:343)",
    +   "console: ERROR: Failed loading resource: res://.godot/imported/ocean-background.png-2a45ccb46859053b8f01bbc11fd6a736.ctex.",
    +   "console:    at: _load (core\\io\\resource_loader.cpp:317)",
    +   "console: ERROR: Failed loading resource: res://resources/environment/ocean-background.png.",
    +   "console:    at: _load (core\\io\\resource_loader.cpp:317)",
    +   "console: ERROR: Condition \"img.is_null() || img->is_empty()\" is true. Returning: Ref<Image>()",
    +   "console:    at: load_image_from_file (scene\\resources\\compressed_texture.cpp:343)",
    +   "console: ERROR: Failed loading resource: res://.godot/imported/cloud-03-large-center.png-23e9b0f50f26c0e4ccb7ec3994e89e45.ctex.",
    +   "console:    at: _load (core\\io\\resource_loader.cpp:317)",
    +   "console: ERROR: Failed loading resource: res://resources/environment_sliced/clouds/cloud-03-large-center.png.",
    +   "console:    at: _load (core\\io\\resource_loader.cpp:317)",
    +   "console: ERROR: Condition \"img.is_null() || img->is_empty()\" is true. Returning: Ref<Image>()",
    +   "console:    at: load_image_from_file (scene\\resources\\compressed_texture.cpp:343)",
    +   "console: ERROR: Failed loading resource: res://.godot/imported/lighthouse-island.png-b3bf27c0debb00384efdb040f2be3868.ctex.",
    +   "console:    at: _load (core\\io\\resource_loader.cpp:317)",
    +   "console: ERROR: Failed loading resource: res://resources/environment_sliced/island/lighthouse-island.png.",
    +   "console:    at: _load (core\\io\\resource_loader.cpp:317)",
    +   "console: ERROR: Condition \"img.is_null() || img->is_empty()\" is true. Returning: Ref<Image>()",
    +   "console:    at: load_image_from_file (scene\\resources\\compressed_texture.cpp:343)",
    +   "console: ERROR: Failed loading resource: res://.godot/imported/seabed-decoration.png-f0d4b69ace78ba4676e9477aac2cf5b4.ctex.",
    +   "console:    at: _load (core\\io\\resource_loader.cpp:317)",
    +   "console: ERROR: Failed loading resource: res://resources/environment/seabed-decoration.png.",
    +   "console:    at: _load (core\\io\\resource_loader.cpp:317)",
    +   "console: ERROR: Condition \"img.is_null() || img->is_empty()\" is true. Returning: Ref<Image>()",
    +   "console:    at: load_image_from_file (scene\\resources\\compressed_texture.cpp:343)",
    +   "console: ERROR: Failed loading resource: res://.godot/imported/surface-wave-strip.png-8263ffc31adf7bb182c47f2703cc9232.ctex.",
    +   "console:    at: _load (core\\io\\resource_loader.cpp:317)",
    +   "console: ERROR: Failed loading resource: res://resources/environment/surface-wave-strip.png.",
    +   "console:    at: _load (core\\io\\resource_loader.cpp:317)",
    +   "console: ERROR: Condition \"img.is_null() || img->is_empty()\" is true. Returning: Ref<Image>()",
    +   "console:    at: load_image_from_file (scene\\resources\\compressed_texture.cpp:343)",
    +   "console: ERROR: Failed loading resource: res://.godot/imported/boat_body.png-a44818dd24af39bc0deb40c36aac93e6.ctex.",
    +   "console:    at: _load (core\\io\\resource_loader.cpp:317)",
    +   "console: ERROR: Failed loading resource: res://resources/characters/boat_body.png.",
    +   "console:    at: _load (core\\io\\resource_loader.cpp:317)",
    +   "console: ERROR: Condition \"img.is_null() || img->is_empty()\" is true. Returning: Ref<Image>()",
    +   "console:    at: load_image_from_file (scene\\resources\\compressed_texture.cpp:343)",
    +   "console: ERROR: Failed loading resource: res://.godot/imported/boy_head.png-1ace9c3ae029aca0706dd42ca966152d.ctex.",
    +   "console:    at: _load (core\\io\\resource_loader.cpp:317)",
    +   "console: ERROR: Failed loading resource: res://resources/characters/boy_head.png.",
    +   "console:    at: _load (core\\io\\resource_loader.cpp:317)",
    +   "console: ERROR: Condition \"img.is_null() || img->is_empty()\" is true. Returning: Ref<Image>()",
    +   "console:    at: load_image_from_file (scene\\resources\\compressed_texture.cpp:343)",
    +   "console: ERROR: Failed loading resource: res://.godot/imported/girl_head.png-e2bbf8e3c7c5f8647fccc7c28d70452e.ctex.",
    +   "console:    at: _load (core\\io\\resource_loader.cpp:317)",
    +   "console: ERROR: Failed loading resource: res://resources/characters/girl_head.png.",
    +   "console:    at: _load (core\\io\\resource_loader.cpp:317)",
    +   "console: ERROR: Condition \"img.is_null() || img->is_empty()\" is true. Returning: Ref<Image>()",
    +   "console:    at: load_image_from_file (scene\\resources\\compressed_texture.cpp:343)",
    +   "console: ERROR: Failed loading resource: res://.godot/imported/blue-small-swim.png-108bfc0cf186a41df4ad87f6f014e3a5.ctex.",
    +   "console:    at: _load (core\\io\\resource_loader.cpp:317)",
    +   "console: ERROR: Failed loading resource: res://resources/fish/blue-small-swim.png.",
    +   "console:    at: _load (core\\io\\resource_loader.cpp:317)",
    +   "console: ERROR: Condition \"img.is_null() || img->is_empty()\" is true. Returning: Ref<Image>()",
    +   "console:    at: load_image_from_file (scene\\resources\\compressed_texture.cpp:343)",
    +   "console: ERROR: Failed loading resource: res://.godot/imported/blue-small-caught.png-50a2af6503b08e32bb30bed5b533ea4d.ctex.",
    +   "console:    at: _load (core\\io\\resource_loader.cpp:317)",
    +   "console: ERROR: Failed loading resource: res://resources/fish/blue-small-caught.png.",
    +   "console:    at: _load (core\\io\\resource_loader.cpp:317)",
    +   "console: ERROR: Condition \"img.is_null() || img->is_empty()\" is true. Returning: Ref<Image>()",
    +   "console:    at: load_image_from_file (scene\\resources\\compressed_texture.cpp:343)",
    +   "console: ERROR: Failed loading resource: res://.godot/imported/green-scrap-swim.png-ea4b871e4dc5a9c0a1b85b615e88e4a2.ctex.",
    +   "console:    at: _load (core\\io\\resource_loader.cpp:317)",
    +   "console: ERROR: Failed loading resource: res://resources/fish/green-scrap-swim.png.",
    +   "console:    at: _load (core\\io\\resource_loader.cpp:317)",
    +   "console: ERROR: Condition \"img.is_null() || img->is_empty()\" is true. Returning: Ref<Image>()",
    +   "console:    at: load_image_from_file (scene\\resources\\compressed_texture.cpp:343)",
    +   "console: ERROR: Failed loading resource: res://.godot/imported/green-scrap-caught.png-3e77a518be6ae73c7aefba624c602a65.ctex.",
    +   "console:    at: _load (core\\io\\resource_loader.cpp:317)",
    +   "console: ERROR: Failed loading resource: res://resources/fish/green-scrap-caught.png.",
    +   "console:    at: _load (core\\io\\resource_loader.cpp:317)",
    +   "console: ERROR: Condition \"img.is_null() || img->is_empty()\" is true. Returning: Ref<Image>()",
    +   "console:    at: load_image_from_file (scene\\resources\\compressed_texture.cpp:343)",
    +   "console: ERROR: Failed loading resource: res://.godot/imported/yellow-striped-swim.png-2ed02746ea87c33e1eba940383d8cc49.ctex.",
    +   "console:    at: _load (core\\io\\resource_loader.cpp:317)",
    +   "console: ERROR: Failed loading resource: res://resources/fish/yellow-striped-swim.png.",
    +   "console:    at: _load (core\\io\\resource_loader.cpp:317)",
    +   "console: ERROR: Condition \"img.is_null() || img->is_empty()\" is true. Returning: Ref<Image>()",
    +   "console:    at: load_image_from_file (scene\\resources\\compressed_texture.cpp:343)",
    +   "console: ERROR: Failed loading resource: res://.godot/imported/yellow-striped-caught.png-9be6116b1904b3e231806f4c62136729.ctex.",
    +   "console:    at: _load (core\\io\\resource_loader.cpp:317)",
    +   "console: ERROR: Failed loading resource: res://resources/fish/yellow-striped-caught.png.",
    +   "console:    at: _load (core\\io\\resource_loader.cpp:317)",
    +   "console: ERROR: Condition \"img.is_null() || img->is_empty()\" is true. Returning: Ref<Image>()",
    +   "console:    at: load_image_from_file (scene\\resources\\compressed_texture.cpp:343)",
    +   "console: ERROR: Failed loading resource: res://.godot/imported/crab.png-2d22402a2bcc28e5d37f3445427315c8.ctex.",
    +   "console:    at: _load (core\\io\\resource_loader.cpp:317)",
    +   "console: ERROR: Failed loading resource: res://resources/creatures/crab.png.",
    +   "console:    at: _load (core\\io\\resource_loader.cpp:317)",
    +   "console: ERROR: Condition \"img.is_null() || img->is_empty()\" is true. Returning: Ref<Image>()",
    +   "console:    at: load_image_from_file (scene\\resources\\compressed_texture.cpp:343)",
    +   "console: ERROR: Failed loading resource: res://.godot/imported/jellyfish.png-97f7a9ea8459531aa3483f4c014a16d2.ctex.",
    +   "console:    at: _load (core\\io\\resource_loader.cpp:317)",
    +   "console: ERROR: Failed loading resource: res://resources/creatures/jellyfish.png.",
    +   "console:    at: _load (core\\io\\resource_loader.cpp:317)",
    +   "console: ERROR: Condition \"img.is_null() || img->is_empty()\" is true. Returning: Ref<Image>()",
    +   "console:    at: load_image_from_file (scene\\resources\\compressed_texture.cpp:343)",
    +   "console: ERROR: Failed loading resource: res://.godot/imported/old-boot.png-660b38fd139cb277d9b5187fd80f9adb.ctex.",
    +   "console:    at: _load (core\\io\\resource_loader.cpp:317)",
    +   "console: ERROR: Failed loading resource: res://resources/pickups/old-boot.png.",
    +   "console:    at: _load (core\\io\\resource_loader.cpp:317)",
    +   "console: ERROR: Condition \"img.is_null() || img->is_empty()\" is true. Returning: Ref<Image>()",
    +   "console:    at: load_image_from_file (scene\\resources\\compressed_texture.cpp:343)",
    +   "console: ERROR: Failed loading resource: res://.godot/imported/tin-can.png-8d501993c9c3d420539166a37bf87a0b.ctex.",
    +   "console:    at: _load (core\\io\\resource_loader.cpp:317)",
    +   "console: ERROR: Failed loading resource: res://resources/pickups/tin-can.png.",
    +   "console:    at: _load (core\\io\\resource_loader.cpp:317)",
    +   "console: ERROR: Condition \"img.is_null() || img->is_empty()\" is true. Returning: Ref<Image>()",
    +   "console:    at: load_image_from_file (scene\\resources\\compressed_texture.cpp:343)",
    +   "console: ERROR: Failed loading resource: res://.godot/imported/speed-reel.png-2f472c4ec1f16e54e1a959c42a50cb7a.ctex.",
    +   "console:    at: _load (core\\io\\resource_loader.cpp:317)",
    +   "console: ERROR: Failed loading resource: res://resources/powerups/speed-reel.png.",
    +   "console:    at: _load (core\\io\\resource_loader.cpp:317)",
    +   "console: ERROR: Condition \"img.is_null() || img->is_empty()\" is true. Returning: Ref<Image>()",
    +   "console:    at: load_image_from_file (scene\\resources\\compressed_texture.cpp:343)",
    +   "console: ERROR: Failed loading resource: res://.godot/imported/purple-giant-swim.png-e3dd90ee30cb0648ab2f98b60c55b957.ctex.",
    +   "console:    at: _load (core\\io\\resource_loader.cpp:317)",
    +   "console: ERROR: Failed loading resource: res://resources/fish/purple-giant-swim.png.",
    +   "console:    at: _load (core\\io\\resource_loader.cpp:317)",
    +   "console: ERROR: Condition \"img.is_null() || img->is_empty()\" is true. Returning: Ref<Image>()",
    +   "console:    at: load_image_from_file (scene\\resources\\compressed_texture.cpp:343)",
    +   "console: ERROR: Failed loading resource: res://.godot/imported/purple-giant-caught.png-0f269105a0618c79cfa42845560912cd.ctex.",
    +   "console:    at: _load (core\\io\\resource_loader.cpp:317)",
    +   "console: ERROR: Failed loading resource: res://resources/fish/purple-giant-caught.png.",
    +   "console:    at: _load (core\\io\\resource_loader.cpp:317)",
    +   "console: ERROR: Condition \"img.is_null() || img->is_empty()\" is true. Returning: Ref<Image>()",
    +   "console:    at: load_image_from_file (scene\\resources\\compressed_texture.cpp:343)",
    +   "console: ERROR: Failed loading resource: res://.godot/imported/pearl-shell.png-407d7aad2fb7af8d4007c646d8d1cf2e.ctex.",
    +   "console:    at: _load (core\\io\\resource_loader.cpp:317)",
    +   "console: ERROR: Failed loading resource: res://resources/pickups/pearl-shell.png.",
    +   "console:    at: _load (core\\io\\resource_loader.cpp:317)",
    +   "console: ERROR: Condition \"img.is_null() || img->is_empty()\" is true. Returning: Ref<Image>()",
    +   "console:    at: load_image_from_file (scene\\resources\\compressed_texture.cpp:343)",
    +   "console: ERROR: Failed loading resource: res://.godot/imported/tire.png-c26f578583a32f1a9c1c9f2acdbd0330.ctex.",
    +   "console:    at: _load (core\\io\\resource_loader.cpp:317)",
    +   "console: ERROR: Failed loading resource: res://resources/pickups/tire.png.",
    +   "console:    at: _load (core\\io\\resource_loader.cpp:317)",
    +   "console: ERROR: Condition \"img.is_null() || img->is_empty()\" is true. Returning: Ref<Image>()",
    +   "console:    at: load_image_from_file (scene\\resources\\compressed_texture.cpp:343)",
    +   "console: ERROR: Failed loading resource: res://.godot/imported/pufferfish-swim.png-d59415bc822be0d9ac451420e3c1fe52.ctex.",
    +   "console:    at: _load (core\\io\\resource_loader.cpp:317)",
    +   "console: ERROR: Failed loading resource: res://resources/fish/pufferfish-swim.png.",
    +   "console:    at: _load (core\\io\\resource_loader.cpp:317)",
    +   "console: ERROR: Condition \"img.is_null() || img->is_empty()\" is true. Returning: Ref<Image>()",
    +   "console:    at: load_image_from_file (scene\\resources\\compressed_texture.cpp:343)",
    +   "console: ERROR: Failed loading resource: res://.godot/imported/pufferfish-caught.png-eef9d991bdc95cdd13e86710a435cf5a.ctex.",
    +   "console:    at: _load (core\\io\\resource_loader.cpp:317)",
    +   "console: ERROR: Failed loading resource: res://resources/fish/pufferfish-caught.png.",
    +   "console:    at: _load (core\\io\\resource_loader.cpp:317)",
    +   "console: ERROR: Condition \"img.is_null() || img->is_empty()\" is true. Returning: Ref<Image>()",
    +   "console:    at: load_image_from_file (scene\\resources\\compressed_texture.cpp:343)",
    +   "console: ERROR: Failed loading resource: res://.godot/imported/seahorse-swim.png-6094f29e7fa01e7637da16a8ff41e04e.ctex.",
    +   "console:    at: _load (core\\io\\resource_loader.cpp:317)",
    +   "console: ERROR: Failed loading resource: res://resources/fish/seahorse-swim.png.",
    +   "console:    at: _load (core\\io\\resource_loader.cpp:317)",
    +   "console: ERROR: Condition \"img.is_null() || img->is_empty()\" is true. Returning: Ref<Image>()",
    +   "console:    at: load_image_from_file (scene\\resources\\compressed_texture.cpp:343)",
    +   "console: ERROR: Failed loading resource: res://.godot/imported/seahorse-caught.png-86468c76bbe455c12927574e8ecba89e.ctex.",
    +   "console:    at: _load (core\\io\\resource_loader.cpp:317)",
    +   "console: ERROR: Failed loading resource: res://resources/fish/seahorse-caught.png.",
    +   "console:    at: _load (core\\io\\resource_loader.cpp:317)",
    +   "console: ERROR: Condition \"img.is_null() || img->is_empty()\" is true. Returning: Ref<Image>()",
    +   "console:    at: load_image_from_file (scene\\resources\\compressed_texture.cpp:343)",
    +   "console: ERROR: Failed loading resource: res://.godot/imported/giant-hook.png-432a27d8fb2c10fc479a296094ea71f1.ctex.",
    +   "console:    at: _load (core\\io\\resource_loader.cpp:317)",
    +   "console: ERROR: Failed loading resource: res://resources/powerups/giant-hook.png.",
    +   "console:    at: _load (core\\io\\resource_loader.cpp:317)",
    +   "console: ERROR: Condition \"img.is_null() || img->is_empty()\" is true. Returning: Ref<Image>()",
    +   "console:    at: load_image_from_file (scene\\resources\\compressed_texture.cpp:343)",
    +   "console: ERROR: Failed loading resource: res://.godot/imported/orange-rare-swim.png-0fc04f7531799bde76aea21d0a2d219a.ctex.",
    +   "console:    at: _load (core\\io\\resource_loader.cpp:317)",
    +   "console: ERROR: Failed loading resource: res://resources/fish/orange-rare-swim.png.",
    +   "console:    at: _load (core\\io\\resource_loader.cpp:317)",
    +   "console: ERROR: Condition \"img.is_null() || img->is_empty()\" is true. Returning: Ref<Image>()",
    +   "console:    at: load_image_from_file (scene\\resources\\compressed_texture.cpp:343)",
    +   "console: ERROR: Failed loading resource: res://.godot/imported/orange-rare-caught.png-045946cc4077fe9ef0c9a9a80028eabe.ctex.",
    +   "console:    at: _load (core\\io\\resource_loader.cpp:317)",
    +   "console: ERROR: Failed loading resource: res://resources/fish/orange-rare-caught.png.",
    +   "console:    at: _load (core\\io\\resource_loader.cpp:317)",
    +   "console: ERROR: Condition \"img.is_null() || img->is_empty()\" is true. Returning: Ref<Image>()",
    +   "console:    at: load_image_from_file (scene\\resources\\compressed_texture.cpp:343)",
    +   "console: ERROR: Failed loading resource: res://.godot/imported/treasure-chest.png-626816cb3e5027ec058c0dc07a253720.ctex.",
    +   "console:    at: _load (core\\io\\resource_loader.cpp:317)",
    +   "console: ERROR: Failed loading resource: res://resources/pickups/treasure-chest.png.",
    +   "console:    at: _load (core\\io\\resource_loader.cpp:317)",
    +   "console: ERROR: Condition \"img.is_null() || img->is_empty()\" is true. Returning: Ref<Image>()",
    +   "console:    at: load_image_from_file (scene\\resources\\compressed_texture.cpp:343)",
    +   "console: ERROR: Failed loading resource: res://.godot/imported/squid.png-e137f4fc2ec8cc5ea4cf51465731dffa.ctex.",
    +   "console:    at: _load (core\\io\\resource_loader.cpp:317)",
    +   "console: ERROR: Failed loading resource: res://resources/creatures/squid.png.",
    +   "console:    at: _load (core\\io\\resource_loader.cpp:317)",
    +   "console: ERROR: Condition \"img.is_null() || img->is_empty()\" is true. Returning: Ref<Image>()",
    +   "console:    at: load_image_from_file (scene\\resources\\compressed_texture.cpp:343)",
    +   "console: ERROR: Failed loading resource: res://.godot/imported/sea-turtle.png-bb400f5204b9e372d7f963ad2ea866bf.ctex.",
    +   "console:    at: _load (core\\io\\resource_loader.cpp:317)",
    +   "console: ERROR: Failed loading resource: res://resources/creatures/sea-turtle.png.",
    +   "console:    at: _load (core\\io\\resource_loader.cpp:317)",
    +   "console: ERROR: Condition \"img.is_null() || img->is_empty()\" is true. Returning: Ref<Image>()",
    +   "console:    at: load_image_from_file (scene\\resources\\compressed_texture.cpp:343)",
    +   "console: ERROR: Failed loading resource: res://.godot/imported/freeze-crystal.png-f0f65d0466d2bd680a00a4a62f02a2e8.ctex.",
    +   "console:    at: _load (core\\io\\resource_loader.cpp:317)",
    +   "console: ERROR: Failed loading resource: res://resources/powerups/freeze-crystal.png.",
    +   "console:    at: _load (core\\io\\resource_loader.cpp:317)",
    +   "console: ERROR: Condition \"img.is_null() || img->is_empty()\" is true. Returning: Ref<Image>()",
    +   "console:    at: load_image_from_file (scene\\resources\\compressed_texture.cpp:343)",
    +   "console: ERROR: Failed loading resource: res://.godot/imported/claw-hook.png-658ac30bfb83d5f7eca89426361d584e.ctex.",
    +   "console:    at: _load (core\\io\\resource_loader.cpp:317)",
    +   "console: ERROR: Failed loading resource: res://resources/tools/claw-hook.png.",
    +   "console:    at: _load (core\\io\\resource_loader.cpp:317)",
    +   "console: ERROR: Condition \"img.is_null() || img->is_empty()\" is true. Returning: Ref<Image>()",
    +   "console:    at: load_image_from_file (scene\\resources\\compressed_texture.cpp:343)",
    +   "console: ERROR: Failed loading resource: res://.godot/imported/icon-coin.svg-c93d0f43093edde5eb300f03d7a12239.ctex.",
    +   "console:    at: _load (core\\io\\resource_loader.cpp:317)",
    +   "console: ERROR: Failed loading resource: res://resources/ui/icon-coin.svg.",
    +   "console:    at: _load (core\\io\\resource_loader.cpp:317)",
    +   "console: ERROR: Condition \"img.is_null() || img->is_empty()\" is true. Returning: Ref<Image>()",
    +   "console:    at: load_image_from_file (scene\\resources\\compressed_texture.cpp:343)",
    +   "console: ERROR: Failed loading resource: res://.godot/imported/icon-clock.svg-6546705e8cf8393b8ea9021e02292a05.ctex.",
    +   "console:    at: _load (core\\io\\resource_loader.cpp:317)",
    +   "console: ERROR: Failed loading resource: res://resources/ui/icon-clock.svg.",
    +   "console:    at: _load (core\\io\\resource_loader.cpp:317)",
    +   "console: ERROR: Catchable has an invalid definition: BlueSmall",
    +   "console:    at: push_error (core\\variant\\variant_utility.cpp:1023)",
    +   "console: ERROR: Catchable has an invalid definition: GreenScrap",
    +   "console:    at: push_error (core\\variant\\variant_utility.cpp:1023)",
    +   "console: ERROR: Catchable has an invalid definition: YellowStriped",
    +   "console:    at: push_error (core\\variant\\variant_utility.cpp:1023)",
    +   "console: ERROR: Catchable has an invalid definition: Crab",
    +   "console:    at: push_error (core\\variant\\variant_utility.cpp:1023)",
    +   "console: ERROR: Catchable has an invalid definition: Jellyfish",
    +   "console:    at: push_error (core\\variant\\variant_utility.cpp:1023)",
    +   "console: ERROR: Catchable has an invalid definition: OldBoot",
    +   "console:    at: push_error (core\\variant\\variant_utility.cpp:1023)",
    +   "console: ERROR: Catchable has an invalid definition: TinCan",
    +   "console:    at: push_error (core\\variant\\variant_utility.cpp:1023)",
    +   "console: ERROR: PowerupPickup has an invalid definition: SpeedReel",
    +   "console:    at: push_error (core\\variant\\variant_utility.cpp:1023)",
    +   "console: ERROR: Catchable has an invalid definition: PurpleGiant",
    +   "console:    at: push_error (core\\variant\\variant_utility.cpp:1023)",
    +   "console: ERROR: Catchable has an invalid definition: PearlShell",
    +   "console:    at: push_error (core\\variant\\variant_utility.cpp:1023)",
    +   "console: ERROR: Catchable has an invalid definition: Tire",
    +   "console:    at: push_error (core\\variant\\variant_utility.cpp:1023)",
    +   "console: ERROR: Catchable has an invalid definition: Pufferfish",
    +   "console:    at: push_error (core\\variant\\variant_utility.cpp:1023)",
    +   "console: ERROR: Catchable has an invalid definition: Seahorse",
    +   "console:    at: push_error (core\\variant\\variant_utility.cpp:1023)",
    +   "console: ERROR: PowerupPickup has an invalid definition: GiantHook",
    +   "console:    at: push_error (core\\variant\\variant_utility.cpp:1023)",
    +   "console: ERROR: Catchable has an invalid definition: OrangeRare",
    +   "console:    at: push_error (core\\variant\\variant_utility.cpp:1023)",
    +   "console: ERROR: Catchable has an invalid definition: TreasureChest",
    +   "console:    at: push_error (core\\variant\\variant_utility.cpp:1023)",
    +   "console: ERROR: Catchable has an invalid definition: Squid",
    +   "console:    at: push_error (core\\variant\\variant_utility.cpp:1023)",
    +   "console: ERROR: Catchable has an invalid definition: SeaTurtle",
    +   "console:    at: push_error (core\\variant\\variant_utility.cpp:1023)",
    +   "console: ERROR: PowerupPickup has an invalid definition: FreezeCrystal",
    +   "console:    at: push_error (core\\variant\\variant_utility.cpp:1023)",
    +   "console: SCRIPT ERROR: Parse Error: Cannot infer the type of \"camera\" variable because the value doesn't have a set type.",
    +   "console:    at: GDScript::reload (res://addons/godotiq/godotiq_runtime.gd:463)",
    +   "console: SCRIPT ERROR: Parse Error: Cannot infer the type of \"screen_pos\" variable because the value doesn't have a set type.",
    +   "console:    at: GDScript::reload (res://addons/godotiq/godotiq_runtime.gd:468)",
    +   "console: SCRIPT ERROR: Parse Error: Cannot infer the type of \"world\" variable because the value doesn't have a set type.",
    +   "console:    at: GDScript::reload (res://addons/godotiq/godotiq_runtime.gd:944)",
    +   "console: SCRIPT ERROR: Parse Error: Could not find type \"Node3D\" in the current scope.",
    +   "console:    at: GDScript::reload (res://addons/godotiq/godotiq_runtime.gd:958)",
    +   "console: SCRIPT ERROR: Parse Error: Could not find type \"Node3D\" in the current scope.",
    +   "console:    at: GDScript::reload (res://addons/godotiq/godotiq_runtime.gd:963)",
    +   "console: SCRIPT ERROR: Parse Error: Could not find type \"Node3D\" in the current scope.",
    +   "console:    at: GDScript::reload (res://addons/godotiq/godotiq_runtime.gd:972)",
    +   "console: SCRIPT ERROR: Parse Error: Could not find type \"Node3D\" in the current scope.",
    +   "console:    at: GDScript::reload (res://addons/godotiq/godotiq_runtime.gd:977)",
    +   "console: SCRIPT ERROR: Parse Error: Identifier \"NavigationServer3D\" not declared in the current scope.",
    +   "console:    at: GDScript::reload (res://addons/godotiq/godotiq_runtime.gd:984)",
    +   "console: SCRIPT ERROR: Parse Error: Cannot infer the type of \"closest_from\" variable because the value doesn't have a set type.",
    +   "console:    at: GDScript::reload (res://addons/godotiq/godotiq_runtime.gd:984)",
    +   "console: SCRIPT ERROR: Parse Error: Identifier \"NavigationServer3D\" not declared in the current scope.",
    +   "console:    at: GDScript::reload (res://addons/godotiq/godotiq_runtime.gd:985)",
    +   "console: SCRIPT ERROR: Parse Error: Cannot infer the type of \"closest_to\" variable because the value doesn't have a set type.",
    +   "console:    at: GDScript::reload (res://addons/godotiq/godotiq_runtime.gd:985)",
    +   "console: SCRIPT ERROR: Parse Error: Identifier \"NavigationServer3D\" not declared in the current scope.",
    +   "console:    at: GDScript::reload (res://addons/godotiq/godotiq_runtime.gd:991)",
    +   "console: SCRIPT ERROR: Parse Error: Could not find type \"RichTextLabel\" in the current scope.",
    +   "console:    at: GDScript::reload (res://addons/godotiq/godotiq_runtime.gd:1268)",
    +   "console: SCRIPT ERROR: Parse Error: Could not find type \"RichTextLabel\" in the current scope.",
    +   "console:    at: GDScript::reload (res://addons/godotiq/godotiq_runtime.gd:1269)",
    +   "console: SCRIPT ERROR: Parse Error: Could not find type \"TextEdit\" in the current scope.",
    +   "console:    at: GDScript::reload (res://addons/godotiq/godotiq_runtime.gd:1274)",
    +   "console: SCRIPT ERROR: Parse Error: Could not find type \"TextEdit\" in the current scope.",
    +   "console:    at: GDScript::reload (res://addons/godotiq/godotiq_runtime.gd:1275)",
    +   "console: SCRIPT ERROR: Parse Error: Could not find type \"SpinBox\" in the current scope.",
    +   "console:    at: GDScript::reload (res://addons/godotiq/godotiq_runtime.gd:1281)",
    +   "console: SCRIPT ERROR: Parse Error: Could not find type \"SpinBox\" in the current scope.",
    +   "console:    at: GDScript::reload (res://addons/godotiq/godotiq_runtime.gd:1283)",
    +   "console: SCRIPT ERROR: Parse Error: Could not find type \"Camera3D\" in the current scope.",
    +   "console:    at: GDScript::reload (res://addons/godotiq/godotiq_runtime.gd:1383)",
    +   "console: SCRIPT ERROR: Parse Error: Identifier \"Camera3D\" not declared in the current scope.",
    +   "console:    at: GDScript::reload (res://addons/godotiq/godotiq_runtime.gd:1389)",
    +   "console: SCRIPT ERROR: Parse Error: Cannot infer the type of \"drone\" variable because the value doesn't have a set type.",
    +   "console:    at: GDScript::reload (res://addons/godotiq/godotiq_runtime.gd:1389)",
    +   "console: SCRIPT ERROR: Parse Error: Could not find type \"Camera3D\" in the current scope.",
    +   "console:    at: GDScript::reload (res://addons/godotiq/godotiq_runtime.gd:1447)",
    +   "console: SCRIPT ERROR: Parse Error: Could not find type \"Node3D\" in the current scope.",
    +   "console:    at: GDScript::reload (res://addons/godotiq/godotiq_runtime.gd:1525)",
    +   "console: ERROR: Failed to load script \"res://addons/godotiq/godotiq_runtime.gd\" with error \"Parse error\".",
    +   "console:    at: load (modules\\gdscript\\gdscript_resource_format.cpp:46)",
    +   "console: ERROR: Failed to instantiate an autoload, script 'res://addons/godotiq/godotiq_runtime.gd' does not inherit from 'Node'.",
    +   "console:    at: start (main\\main.cpp:4535)",
    +   "console: ERROR: Condition \"img.is_null() || img->is_empty()\" is true. Returning: Ref<Image>()",
    +   "console:    at: load_image_from_file (scene\\resources\\compressed_texture.cpp:343)",
    +   "console: ERROR: Failed loading resource: res://.godot/imported/ocean-background.png-2a45ccb46859053b8f01bbc11fd6a736.ctex.",
    +   "console:    at: _load (core\\io\\resource_loader.cpp:317)",
    +   "console: ERROR: Failed loading resource: res://resources/environment/ocean-background.png.",
    +   "console:    at: _load (core\\io\\resource_loader.cpp:317)",
    +   "console: ERROR: Condition \"img.is_null() || img->is_empty()\" is true. Returning: Ref<Image>()",
    +   "console:    at: load_image_from_file (scene\\resources\\compressed_texture.cpp:343)",
    +   "console: ERROR: Failed loading resource: res://.godot/imported/cloud-03-large-center.png-23e9b0f50f26c0e4ccb7ec3994e89e45.ctex.",
    +   "console:    at: _load (core\\io\\resource_loader.cpp:317)",
    +   "console: ERROR: Failed loading resource: res://resources/environment_sliced/clouds/cloud-03-large-center.png.",
    +   "console:    at: _load (core\\io\\resource_loader.cpp:317)",
    +   "console: ERROR: Condition \"img.is_null() || img->is_empty()\" is true. Returning: Ref<Image>()",
    +   "console:    at: load_image_from_file (scene\\resources\\compressed_texture.cpp:343)",
    +   "console: ERROR: Failed loading resource: res://.godot/imported/lighthouse-island.png-b3bf27c0debb00384efdb040f2be3868.ctex.",
    +   "console:    at: _load (core\\io\\resource_loader.cpp:317)",
    +   "console: ERROR: Failed loading resource: res://resources/environment_sliced/island/lighthouse-island.png.",
    +   "console:    at: _load (core\\io\\resource_loader.cpp:317)",
    +   "console: ERROR: Condition \"img.is_null() || img->is_empty()\" is true. Returning: Ref<Image>()",
    +   "console:    at: load_image_from_file (scene\\resources\\compressed_texture.cpp:343)",
    +   "console: ERROR: Failed loading resource: res://.godot/imported/seabed-decoration.png-f0d4b69ace78ba4676e9477aac2cf5b4.ctex.",
    +   "console:    at: _load (core\\io\\resource_loader.cpp:317)",
    +   "console: ERROR: Failed loading resource: res://resources/environment/seabed-decoration.png.",
    +   "console:    at: _load (core\\io\\resource_loader.cpp:317)",
    +   "console: ERROR: Condition \"img.is_null() || img->is_empty()\" is true. Returning: Ref<Image>()",
    +   "console:    at: load_image_from_file (scene\\resources\\compressed_texture.cpp:343)",
    +   "console: ERROR: Failed loading resource: res://.godot/imported/surface-wave-strip.png-8263ffc31adf7bb182c47f2703cc9232.ctex.",
    +   "console:    at: _load (core\\io\\resource_loader.cpp:317)",
    +   "console: ERROR: Failed loading resource: res://resources/environment/surface-wave-strip.png.",
    +   "console:    at: _load (core\\io\\resource_loader.cpp:317)",
    +   "console: ERROR: Condition \"img.is_null() || img->is_empty()\" is true. Returning: Ref<Image>()",
    +   "console:    at: load_image_from_file (scene\\resources\\compressed_texture.cpp:343)",
    +   "console: ERROR: Failed loading resource: res://.godot/imported/boat_body.png-a44818dd24af39bc0deb40c36aac93e6.ctex.",
    +   "console:    at: _load (core\\io\\resource_loader.cpp:317)",
    +   "console: ERROR: Failed loading resource: res://resources/characters/boat_body.png.",
    +   "console:    at: _load (core\\io\\resource_loader.cpp:317)",
    +   "console: ERROR: Condition \"img.is_null() || img->is_empty()\" is true. Returning: Ref<Image>()",
    +   "console:    at: load_image_from_file (scene\\resources\\compressed_texture.cpp:343)",
    +   "console: ERROR: Failed loading resource: res://.godot/imported/boy_head.png-1ace9c3ae029aca0706dd42ca966152d.ctex.",
    +   "console:    at: _load (core\\io\\resource_loader.cpp:317)",
    +   "console: ERROR: Failed loading resource: res://resources/characters/boy_head.png.",
    +   "console:    at: _load (core\\io\\resource_loader.cpp:317)",
    +   "console: ERROR: Condition \"img.is_null() || img->is_empty()\" is true. Returning: Ref<Image>()",
    +   "console:    at: load_image_from_file (scene\\resources\\compressed_texture.cpp:343)",
    +   "console: ERROR: Failed loading resource: res://.godot/imported/girl_head.png-e2bbf8e3c7c5f8647fccc7c28d70452e.ctex.",
    +   "console:    at: _load (core\\io\\resource_loader.cpp:317)",
    +   "console: ERROR: Failed loading resource: res://resources/characters/girl_head.png.",
    +   "console:    at: _load (core\\io\\resource_loader.cpp:317)",
    +   "console: ERROR: Condition \"img.is_null() || img->is_empty()\" is true. Returning: Ref<Image>()",
    +   "console:    at: load_image_from_file (scene\\resources\\compressed_texture.cpp:343)",
    +   "console: ERROR: Failed loading resource: res://.godot/imported/blue-small-swim.png-108bfc0cf186a41df4ad87f6f014e3a5.ctex.",
    +   "console:    at: _load (core\\io\\resource_loader.cpp:317)",
    +   "console: ERROR: Failed loading resource: res://resources/fish/blue-small-swim.png.",
    +   "console:    at: _load (core\\io\\resource_loader.cpp:317)",
    +   "console: ERROR: Condition \"img.is_null() || img->is_empty()\" is true. Returning: Ref<Image>()",
    +   "console:    at: load_image_from_file (scene\\resources\\compressed_texture.cpp:343)",
    +   "console: ERROR: Failed loading resource: res://.godot/imported/blue-small-caught.png-50a2af6503b08e32bb30bed5b533ea4d.ctex.",
    +   "console:    at: _load (core\\io\\resource_loader.cpp:317)",
    +   "console: ERROR: Failed loading resource: res://resources/fish/blue-small-caught.png.",
    +   "console:    at: _load (core\\io\\resource_loader.cpp:317)",
    +   "console: ERROR: Condition \"img.is_null() || img->is_empty()\" is true. Returning: Ref<Image>()",
    +   "console:    at: load_image_from_file (scene\\resources\\compressed_texture.cpp:343)",
    +   "console: ERROR: Failed loading resource: res://.godot/imported/green-scrap-swim.png-ea4b871e4dc5a9c0a1b85b615e88e4a2.ctex.",
    +   "console:    at: _load (core\\io\\resource_loader.cpp:317)",
    +   "console: ERROR: Failed loading resource: res://resources/fish/green-scrap-swim.png.",
    +   "console:    at: _load (core\\io\\resource_loader.cpp:317)",
    +   "console: ERROR: Condition \"img.is_null() || img->is_empty()\" is true. Returning: Ref<Image>()",
    +   "console:    at: load_image_from_file (scene\\resources\\compressed_texture.cpp:343)",
    +   "console: ERROR: Failed loading resource: res://.godot/imported/green-scrap-caught.png-3e77a518be6ae73c7aefba624c602a65.ctex.",
    +   "console:    at: _load (core\\io\\resource_loader.cpp:317)",
    +   "console: ERROR: Failed loading resource: res://resources/fish/green-scrap-caught.png.",
    +   "console:    at: _load (core\\io\\resource_loader.cpp:317)",
    +   "console: ERROR: Condition \"img.is_null() || img->is_empty()\" is true. Returning: Ref<Image>()",
    +   "console:    at: load_image_from_file (scene\\resources\\compressed_texture.cpp:343)",
    +   "console: ERROR: Failed loading resource: res://.godot/imported/yellow-striped-swim.png-2ed02746ea87c33e1eba940383d8cc49.ctex.",
    +   "console:    at: _load (core\\io\\resource_loader.cpp:317)",
    +   "console: ERROR: Failed loading resource: res://resources/fish/yellow-striped-swim.png.",
    +   "console:    at: _load (core\\io\\resource_loader.cpp:317)",
    +   "console: ERROR: Condition \"img.is_null() || img->is_empty()\" is true. Returning: Ref<Image>()",
    +   "console:    at: load_image_from_file (scene\\resources\\compressed_texture.cpp:343)",
    +   "console: ERROR: Failed loading resource: res://.godot/imported/yellow-striped-caught.png-9be6116b1904b3e231806f4c62136729.ctex.",
    +   "console:    at: _load (core\\io\\resource_loader.cpp:317)",
    +   "console: ERROR: Failed loading resource: res://resources/fish/yellow-striped-caught.png.",
    +   "console:    at: _load (core\\io\\resource_loader.cpp:317)",
    +   "console: ERROR: Condition \"img.is_null() || img->is_empty()\" is true. Returning: Ref<Image>()",
    +   "console:    at: load_image_from_file (scene\\resources\\compressed_texture.cpp:343)",
    +   "console: ERROR: Failed loading resource: res://.godot/imported/crab.png-2d22402a2bcc28e5d37f3445427315c8.ctex.",
    +   "console:    at: _load (core\\io\\resource_loader.cpp:317)",
    +   "console: ERROR: Failed loading resource: res://resources/creatures/crab.png.",
    +   "console:    at: _load (core\\io\\resource_loader.cpp:317)",
    +   "console: ERROR: Condition \"img.is_null() || img->is_empty()\" is true. Returning: Ref<Image>()",
    +   "console:    at: load_image_from_file (scene\\resources\\compressed_texture.cpp:343)",
    +   "console: ERROR: Failed loading resource: res://.godot/imported/jellyfish.png-97f7a9ea8459531aa3483f4c014a16d2.ctex.",
    +   "console:    at: _load (core\\io\\resource_loader.cpp:317)",
    +   "console: ERROR: Failed loading resource: res://resources/creatures/jellyfish.png.",
    +   "console:    at: _load (core\\io\\resource_loader.cpp:317)",
    +   "console: ERROR: Condition \"img.is_null() || img->is_empty()\" is true. Returning: Ref<Image>()",
    +   "console:    at: load_image_from_file (scene\\resources\\compressed_texture.cpp:343)",
    +   "console: ERROR: Failed loading resource: res://.godot/imported/old-boot.png-660b38fd139cb277d9b5187fd80f9adb.ctex.",
    +   "console:    at: _load (core\\io\\resource_loader.cpp:317)",
    +   "console: ERROR: Failed loading resource: res://resources/pickups/old-boot.png.",
    +   "console:    at: _load (core\\io\\resource_loader.cpp:317)",
    +   "console: ERROR: Condition \"img.is_null() || img->is_empty()\" is true. Returning: Ref<Image>()",
    +   "console:    at: load_image_from_file (scene\\resources\\compressed_texture.cpp:343)",
    +   "console: ERROR: Failed loading resource: res://.godot/imported/tin-can.png-8d501993c9c3d420539166a37bf87a0b.ctex.",
    +   "console:    at: _load (core\\io\\resource_loader.cpp:317)",
    +   "console: ERROR: Failed loading resource: res://resources/pickups/tin-can.png.",
    +   "console:    at: _load (core\\io\\resource_loader.cpp:317)",
    +   "console: ERROR: Condition \"img.is_null() || img->is_empty()\" is true. Returning: Ref<Image>()",
    +   "console:    at: load_image_from_file (scene\\resources\\compressed_texture.cpp:343)",
    +   "console: ERROR: Failed loading resource: res://.godot/imported/speed-reel.png-2f472c4ec1f16e54e1a959c42a50cb7a.ctex.",
    +   "console:    at: _load (core\\io\\resource_loader.cpp:317)",
    +   "console: ERROR: Failed loading resource: res://resources/powerups/speed-reel.png.",
    +   "console:    at: _load (core\\io\\resource_loader.cpp:317)",
    +   "console: ERROR: Condition \"img.is_null() || img->is_empty()\" is true. Returning: Ref<Image>()",
    +   "console:    at: load_image_from_file (scene\\resources\\compressed_texture.cpp:343)",
    +   "console: ERROR: Failed loading resource: res://.godot/imported/purple-giant-swim.png-e3dd90ee30cb0648ab2f98b60c55b957.ctex.",
    +   "console:    at: _load (core\\io\\resource_loader.cpp:317)",
    +   "console: ERROR: Failed loading resource: res://resources/fish/purple-giant-swim.png.",
    +   "console:    at: _load (core\\io\\resource_loader.cpp:317)",
    +   "console: ERROR: Condition \"img.is_null() || img->is_empty()\" is true. Returning: Ref<Image>()",
    +   "console:    at: load_image_from_file (scene\\resources\\compressed_texture.cpp:343)",
    +   "console: ERROR: Failed loading resource: res://.godot/imported/purple-giant-caught.png-0f269105a0618c79cfa42845560912cd.ctex.",
    +   "console:    at: _load (core\\io\\resource_loader.cpp:317)",
    +   "console: ERROR: Failed loading resource: res://resources/fish/purple-giant-caught.png.",
    +   "console:    at: _load (core\\io\\resource_loader.cpp:317)",
    +   "console: ERROR: Condition \"img.is_null() || img->is_empty()\" is true. Returning: Ref<Image>()",
    +   "console:    at: load_image_from_file (scene\\resources\\compressed_texture.cpp:343)",
    +   "console: ERROR: Failed loading resource: res://.godot/imported/pearl-shell.png-407d7aad2fb7af8d4007c646d8d1cf2e.ctex.",
    +   "console:    at: _load (core\\io\\resource_loader.cpp:317)",
    +   "console: ERROR: Failed loading resource: res://resources/pickups/pearl-shell.png.",
    +   "console:    at: _load (core\\io\\resource_loader.cpp:317)",
    +   "console: ERROR: Condition \"img.is_null() || img->is_empty()\" is true. Returning: Ref<Image>()",
    +   "console:    at: load_image_from_file (scene\\resources\\compressed_texture.cpp:343)",
    +   "console: ERROR: Failed loading resource: res://.godot/imported/tire.png-c26f578583a32f1a9c1c9f2acdbd0330.ctex.",
    +   "console:    at: _load (core\\io\\resource_loader.cpp:317)",
    +   "console: ERROR: Failed loading resource: res://resources/pickups/tire.png.",
    +   "console:    at: _load (core\\io\\resource_loader.cpp:317)",
    +   "console: ERROR: Condition \"img.is_null() || img->is_empty()\" is true. Returning: Ref<Image>()",
    +   "console:    at: load_image_from_file (scene\\resources\\compressed_texture.cpp:343)",
    +   "console: ERROR: Failed loading resource: res://.godot/imported/pufferfish-swim.png-d59415bc822be0d9ac451420e3c1fe52.ctex.",
    +   "console:    at: _load (core\\io\\resource_loader.cpp:317)",
    +   "console: ERROR: Failed loading resource: res://resources/fish/pufferfish-swim.png.",
    +   "console:    at: _load (core\\io\\resource_loader.cpp:317)",
    +   "console: ERROR: Condition \"img.is_null() || img->is_empty()\" is true. Returning: Ref<Image>()",
    +   "console:    at: load_image_from_file (scene\\resources\\compressed_texture.cpp:343)",
    +   "console: ERROR: Failed loading resource: res://.godot/imported/pufferfish-caught.png-eef9d991bdc95cdd13e86710a435cf5a.ctex.",
    +   "console:    at: _load (core\\io\\resource_loader.cpp:317)",
    +   "console: ERROR: Failed loading resource: res://resources/fish/pufferfish-caught.png.",
    +   "console:    at: _load (core\\io\\resource_loader.cpp:317)",
    +   "console: ERROR: Condition \"img.is_null() || img->is_empty()\" is true. Returning: Ref<Image>()",
    +   "console:    at: load_image_from_file (scene\\resources\\compressed_texture.cpp:343)",
    +   "console: ERROR: Failed loading resource: res://.godot/imported/seahorse-swim.png-6094f29e7fa01e7637da16a8ff41e04e.ctex.",
    +   "console:    at: _load (core\\io\\resource_loader.cpp:317)",
    +   "console: ERROR: Failed loading resource: res://resources/fish/seahorse-swim.png.",
    +   "console:    at: _load (core\\io\\resource_loader.cpp:317)",
    +   "console: ERROR: Condition \"img.is_null() || img->is_empty()\" is true. Returning: Ref<Image>()",
    +   "console:    at: load_image_from_file (scene\\resources\\compressed_texture.cpp:343)",
    +   "console: ERROR: Failed loading resource: res://.godot/imported/seahorse-caught.png-86468c76bbe455c12927574e8ecba89e.ctex.",
    +   "console:    at: _load (core\\io\\resource_loader.cpp:317)",
    +   "console: ERROR: Failed loading resource: res://resources/fish/seahorse-caught.png.",
    +   "console:    at: _load (core\\io\\resource_loader.cpp:317)",
    +   "console: ERROR: Condition \"img.is_null() || img->is_empty()\" is true. Returning: Ref<Image>()",
    +   "console:    at: load_image_from_file (scene\\resources\\compressed_texture.cpp:343)",
    +   "console: ERROR: Failed loading resource: res://.godot/imported/giant-hook.png-432a27d8fb2c10fc479a296094ea71f1.ctex.",
    +   "console:    at: _load (core\\io\\resource_loader.cpp:317)",
    +   "console: ERROR: Failed loading resource: res://resources/powerups/giant-hook.png.",
    +   "console:    at: _load (core\\io\\resource_loader.cpp:317)",
    +   "console: ERROR: Condition \"img.is_null() || img->is_empty()\" is true. Returning: Ref<Image>()",
    +   "console:    at: load_image_from_file (scene\\resources\\compressed_texture.cpp:343)",
    +   "console: ERROR: Failed loading resource: res://.godot/imported/orange-rare-swim.png-0fc04f7531799bde76aea21d0a2d219a.ctex.",
    +   "console:    at: _load (core\\io\\resource_loader.cpp:317)",
    +   "console: ERROR: Failed loading resource: res://resources/fish/orange-rare-swim.png.",
    +   "console:    at: _load (core\\io\\resource_loader.cpp:317)",
    +   "console: ERROR: Condition \"img.is_null() || img->is_empty()\" is true. Returning: Ref<Image>()",
    +   "console:    at: load_image_from_file (scene\\resources\\compressed_texture.cpp:343)",
    +   "console: ERROR: Failed loading resource: res://.godot/imported/orange-rare-caught.png-045946cc4077fe9ef0c9a9a80028eabe.ctex.",
    +   "console:    at: _load (core\\io\\resource_loader.cpp:317)",
    +   "console: ERROR: Failed loading resource: res://resources/fish/orange-rare-caught.png.",
    +   "console:    at: _load (core\\io\\resource_loader.cpp:317)",
    +   "console: ERROR: Condition \"img.is_null() || img->is_empty()\" is true. Returning: Ref<Image>()",
    +   "console:    at: load_image_from_file (scene\\resources\\compressed_texture.cpp:343)",
    +   "console: ERROR: Failed loading resource: res://.godot/imported/treasure-chest.png-626816cb3e5027ec058c0dc07a253720.ctex.",
    +   "console:    at: _load (core\\io\\resource_loader.cpp:317)",
    +   "console: ERROR: Failed loading resource: res://resources/pickups/treasure-chest.png.",
    +   "console:    at: _load (core\\io\\resource_loader.cpp:317)",
    +   "console: ERROR: Condition \"img.is_null() || img->is_empty()\" is true. Returning: Ref<Image>()",
    +   "console:    at: load_image_from_file (scene\\resources\\compressed_texture.cpp:343)",
    +   "console: ERROR: Failed loading resource: res://.godot/imported/squid.png-e137f4fc2ec8cc5ea4cf51465731dffa.ctex.",
    +   "console:    at: _load (core\\io\\resource_loader.cpp:317)",
    +   "console: ERROR: Failed loading resource: res://resources/creatures/squid.png.",
    +   "console:    at: _load (core\\io\\resource_loader.cpp:317)",
    +   "console: ERROR: Condition \"img.is_null() || img->is_empty()\" is true. Returning: Ref<Image>()",
    +   "console:    at: load_image_from_file (scene\\resources\\compressed_texture.cpp:343)",
    +   "console: ERROR: Failed loading resource: res://.godot/imported/sea-turtle.png-bb400f5204b9e372d7f963ad2ea866bf.ctex.",
    +   "console:    at: _load (core\\io\\resource_loader.cpp:317)",
    +   "console: ERROR: Failed loading resource: res://resources/creatures/sea-turtle.png.",
    +   "console:    at: _load (core\\io\\resource_loader.cpp:317)",
    +   "console: ERROR: Condition \"img.is_null() || img->is_empty()\" is true. Returning: Ref<Image>()",
    +   "console:    at: load_image_from_file (scene\\resources\\compressed_texture.cpp:343)",
    +   "console: ERROR: Failed loading resource: res://.godot/imported/freeze-crystal.png-f0f65d0466d2bd680a00a4a62f02a2e8.ctex.",
    +   "console:    at: _load (core\\io\\resource_loader.cpp:317)",
    +   "console: ERROR: Failed loading resource: res://resources/powerups/freeze-crystal.png.",
    +   "console:    at: _load (core\\io\\resource_loader.cpp:317)",
    +   "console: ERROR: Condition \"img.is_null() || img->is_empty()\" is true. Returning: Ref<Image>()",
    +   "console:    at: load_image_from_file (scene\\resources\\compressed_texture.cpp:343)",
    +   "console: ERROR: Failed loading resource: res://.godot/imported/claw-hook.png-658ac30bfb83d5f7eca89426361d584e.ctex.",
    +   "console:    at: _load (core\\io\\resource_loader.cpp:317)",
    +   "console: ERROR: Failed loading resource: res://resources/tools/claw-hook.png.",
    +   "console:    at: _load (core\\io\\resource_loader.cpp:317)",
    +   "console: ERROR: Condition \"img.is_null() || img->is_empty()\" is true. Returning: Ref<Image>()",
    +   "console:    at: load_image_from_file (scene\\resources\\compressed_texture.cpp:343)",
    +   "console: ERROR: Failed loading resource: res://.godot/imported/icon-coin.svg-c93d0f43093edde5eb300f03d7a12239.ctex.",
    +   "console:    at: _load (core\\io\\resource_loader.cpp:317)",
    +   "console: ERROR: Failed loading resource: res://resources/ui/icon-coin.svg.",
    +   "console:    at: _load (core\\io\\resource_loader.cpp:317)",
    +   "console: ERROR: Condition \"img.is_null() || img->is_empty()\" is true. Returning: Ref<Image>()",
    +   "console:    at: load_image_from_file (scene\\resources\\compressed_texture.cpp:343)",
    +   "console: ERROR: Failed loading resource: res://.godot/imported/icon-clock.svg-6546705e8cf8393b8ea9021e02292a05.ctex.",
    +   "console:    at: _load (core\\io\\resource_loader.cpp:317)",
    +   "console: ERROR: Failed loading resource: res://resources/ui/icon-clock.svg.",
    +   "console:    at: _load (core\\io\\resource_loader.cpp:317)",
    +   "console: ERROR: Catchable has an invalid definition: BlueSmall",
    +   "console:    at: push_error (core\\variant\\variant_utility.cpp:1023)",
    +   "console: ERROR: Catchable has an invalid definition: GreenScrap",
    +   "console:    at: push_error (core\\variant\\variant_utility.cpp:1023)",
    +   "console: ERROR: Catchable has an invalid definition: YellowStriped",
    +   "console:    at: push_error (core\\variant\\variant_utility.cpp:1023)",
    +   "console: ERROR: Catchable has an invalid definition: Crab",
    +   "console:    at: push_error (core\\variant\\variant_utility.cpp:1023)",
    +   "console: ERROR: Catchable has an invalid definition: Jellyfish",
    +   "console:    at: push_error (core\\variant\\variant_utility.cpp:1023)",
    +   "console: ERROR: Catchable has an invalid definition: OldBoot",
    +   "console:    at: push_error (core\\variant\\variant_utility.cpp:1023)",
    +   "console: ERROR: Catchable has an invalid definition: TinCan",
    +   "console:    at: push_error (core\\variant\\variant_utility.cpp:1023)",
    +   "console: ERROR: PowerupPickup has an invalid definition: SpeedReel",
    +   "console:    at: push_error (core\\variant\\variant_utility.cpp:1023)",
    +   "console: ERROR: Catchable has an invalid definition: PurpleGiant",
    +   "console:    at: push_error (core\\variant\\variant_utility.cpp:1023)",
    +   "console: ERROR: Catchable has an invalid definition: PearlShell",
    +   "console:    at: push_error (core\\variant\\variant_utility.cpp:1023)",
    +   "console: ERROR: Catchable has an invalid definition: Tire",
    +   "console:    at: push_error (core\\variant\\variant_utility.cpp:1023)",
    +   "console: ERROR: Catchable has an invalid definition: Pufferfish",
    +   "console:    at: push_error (core\\variant\\variant_utility.cpp:1023)",
    +   "console: ERROR: Catchable has an invalid definition: Seahorse",
    +   "console:    at: push_error (core\\variant\\variant_utility.cpp:1023)",
    +   "console: ERROR: PowerupPickup has an invalid definition: GiantHook",
    +   "console:    at: push_error (core\\variant\\variant_utility.cpp:1023)",
    +   "console: ERROR: Catchable has an invalid definition: OrangeRare",
    +   "console:    at: push_error (core\\variant\\variant_utility.cpp:1023)",
    +   "console: ERROR: Catchable has an invalid definition: TreasureChest",
    +   "console:    at: push_error (core\\variant\\variant_utility.cpp:1023)",
    +   "console: ERROR: Catchable has an invalid definition: Squid",
    +   "console:    at: push_error (core\\variant\\variant_utility.cpp:1023)",
    +   "console: ERROR: Catchable has an invalid definition: SeaTurtle",
    +   "console:    at: push_error (core\\variant\\variant_utility.cpp:1023)",
    +   "console: ERROR: PowerupPickup has an invalid definition: FreezeCrystal",
    +   "console:    at: push_error (core\\variant\\variant_utility.cpp:1023)",
    +   "console: SCRIPT ERROR: Parse Error: Cannot infer the type of \"camera\" variable because the value doesn't have a set type.",
    +   "console:    at: GDScript::reload (res://addons/godotiq/godotiq_runtime.gd:463)",
    +   "console: SCRIPT ERROR: Parse Error: Cannot infer the type of \"screen_pos\" variable because the value doesn't have a set type.",
    +   "console:    at: GDScript::reload (res://addons/godotiq/godotiq_runtime.gd:468)",
    +   "console: SCRIPT ERROR: Parse Error: Cannot infer the type of \"world\" variable because the value doesn't have a set type.",
    +   "console:    at: GDScript::reload (res://addons/godotiq/godotiq_runtime.gd:944)",
    +   "console: SCRIPT ERROR: Parse Error: Could not find type \"Node3D\" in the current scope.",
    +   "console:    at: GDScript::reload (res://addons/godotiq/godotiq_runtime.gd:958)",
    +   "console: SCRIPT ERROR: Parse Error: Could not find type \"Node3D\" in the current scope.",
    +   "console:    at: GDScript::reload (res://addons/godotiq/godotiq_runtime.gd:963)",
    +   "console: SCRIPT ERROR: Parse Error: Could not find type \"Node3D\" in the current scope.",
    +   "console:    at: GDScript::reload (res://addons/godotiq/godotiq_runtime.gd:972)",
    +   "console: SCRIPT ERROR: Parse Error: Could not find type \"Node3D\" in the current scope.",
    +   "console:    at: GDScript::reload (res://addons/godotiq/godotiq_runtime.gd:977)",
    +   "console: SCRIPT ERROR: Parse Error: Identifier \"NavigationServer3D\" not declared in the current scope.",
    +   "console:    at: GDScript::reload (res://addons/godotiq/godotiq_runtime.gd:984)",
    +   "console: SCRIPT ERROR: Parse Error: Cannot infer the type of \"closest_from\" variable because the value doesn't have a set type.",
    +   "console:    at: GDScript::reload (res://addons/godotiq/godotiq_runtime.gd:984)",
    +   "console: SCRIPT ERROR: Parse Error: Identifier \"NavigationServer3D\" not declared in the current scope.",
    +   "console:    at: GDScript::reload (res://addons/godotiq/godotiq_runtime.gd:985)",
    +   "console: SCRIPT ERROR: Parse Error: Cannot infer the type of \"closest_to\" variable because the value doesn't have a set type.",
    +   "console:    at: GDScript::reload (res://addons/godotiq/godotiq_runtime.gd:985)",
    +   "console: SCRIPT ERROR: Parse Error: Identifier \"NavigationServer3D\" not declared in the current scope.",
    +   "console:    at: GDScript::reload (res://addons/godotiq/godotiq_runtime.gd:991)",
    +   "console: SCRIPT ERROR: Parse Error: Could not find type \"RichTextLabel\" in the current scope.",
    +   "console:    at: GDScript::reload (res://addons/godotiq/godotiq_runtime.gd:1268)",
    +   "console: SCRIPT ERROR: Parse Error: Could not find type \"RichTextLabel\" in the current scope.",
    +   "console:    at: GDScript::reload (res://addons/godotiq/godotiq_runtime.gd:1269)",
    +   "console: SCRIPT ERROR: Parse Error: Could not find type \"TextEdit\" in the current scope.",
    +   "console:    at: GDScript::reload (res://addons/godotiq/godotiq_runtime.gd:1274)",
    +   "console: SCRIPT ERROR: Parse Error: Could not find type \"TextEdit\" in the current scope.",
    +   "console:    at: GDScript::reload (res://addons/godotiq/godotiq_runtime.gd:1275)",
    +   "console: SCRIPT ERROR: Parse Error: Could not find type \"SpinBox\" in the current scope.",
    +   "console:    at: GDScript::reload (res://addons/godotiq/godotiq_runtime.gd:1281)",
    +   "console: SCRIPT ERROR: Parse Error: Could not find type \"SpinBox\" in the current scope.",
    +   "console:    at: GDScript::reload (res://addons/godotiq/godotiq_runtime.gd:1283)",
    +   "console: SCRIPT ERROR: Parse Error: Could not find type \"Camera3D\" in the current scope.",
    +   "console:    at: GDScript::reload (res://addons/godotiq/godotiq_runtime.gd:1383)",
    +   "console: SCRIPT ERROR: Parse Error: Identifier \"Camera3D\" not declared in the current scope.",
    +   "console:    at: GDScript::reload (res://addons/godotiq/godotiq_runtime.gd:1389)",
    +   "console: SCRIPT ERROR: Parse Error: Cannot infer the type of \"drone\" variable because the value doesn't have a set type.",
    +   "console:    at: GDScript::reload (res://addons/godotiq/godotiq_runtime.gd:1389)",
    +   "console: SCRIPT ERROR: Parse Error: Could not find type \"Camera3D\" in the current scope.",
    +   "console:    at: GDScript::reload (res://addons/godotiq/godotiq_runtime.gd:1447)",
    +   "console: SCRIPT ERROR: Parse Error: Could not find type \"Node3D\" in the current scope.",
    +   "console:    at: GDScript::reload (res://addons/godotiq/godotiq_runtime.gd:1525)",
    +   "console: ERROR: Failed to load script \"res://addons/godotiq/godotiq_runtime.gd\" with error \"Parse error\".",
    +   "console:    at: load (modules\\gdscript\\gdscript_resource_format.cpp:46)",
    +   "console: ERROR: Failed to instantiate an autoload, script 'res://addons/godotiq/godotiq_runtime.gd' does not inherit from 'Node'.",
    +   "console:    at: start (main\\main.cpp:4535)",
    +   "console: ERROR: Condition \"img.is_null() || img->is_empty()\" is true. Returning: Ref<Image>()",
    +   "console:    at: load_image_from_file (scene\\resources\\compressed_texture.cpp:343)",
    +   "console: ERROR: Failed loading resource: res://.godot/imported/ocean-background.png-2a45ccb46859053b8f01bbc11fd6a736.ctex.",
    +   "console:    at: _load (core\\io\\resource_loader.cpp:317)",
    +   "console: ERROR: Failed loading resource: res://resources/environment/ocean-background.png.",
    +   "console:    at: _load (core\\io\\resource_loader.cpp:317)",
    +   "console: ERROR: Condition \"img.is_null() || img->is_empty()\" is true. Returning: Ref<Image>()",
    +   "console:    at: load_image_from_file (scene\\resources\\compressed_texture.cpp:343)",
    +   "console: ERROR: Failed loading resource: res://.godot/imported/cloud-03-large-center.png-23e9b0f50f26c0e4ccb7ec3994e89e45.ctex.",
    +   "console:    at: _load (core\\io\\resource_loader.cpp:317)",
    +   "console: ERROR: Failed loading resource: res://resources/environment_sliced/clouds/cloud-03-large-center.png.",
    +   "console:    at: _load (core\\io\\resource_loader.cpp:317)",
    +   "console: ERROR: Condition \"img.is_null() || img->is_empty()\" is true. Returning: Ref<Image>()",
    +   "console:    at: load_image_from_file (scene\\resources\\compressed_texture.cpp:343)",
    +   "console: ERROR: Failed loading resource: res://.godot/imported/lighthouse-island.png-b3bf27c0debb00384efdb040f2be3868.ctex.",
    +   "console:    at: _load (core\\io\\resource_loader.cpp:317)",
    +   "console: ERROR: Failed loading resource: res://resources/environment_sliced/island/lighthouse-island.png.",
    +   "console:    at: _load (core\\io\\resource_loader.cpp:317)",
    +   "console: ERROR: Condition \"img.is_null() || img->is_empty()\" is true. Returning: Ref<Image>()",
    +   "console:    at: load_image_from_file (scene\\resources\\compressed_texture.cpp:343)",
    +   "console: ERROR: Failed loading resource: res://.godot/imported/seabed-decoration.png-f0d4b69ace78ba4676e9477aac2cf5b4.ctex.",
    +   "console:    at: _load (core\\io\\resource_loader.cpp:317)",
    +   "console: ERROR: Failed loading resource: res://resources/environment/seabed-decoration.png.",
    +   "console:    at: _load (core\\io\\resource_loader.cpp:317)",
    +   "console: ERROR: Condition \"img.is_null() || img->is_empty()\" is true. Returning: Ref<Image>()",
    +   "console:    at: load_image_from_file (scene\\resources\\compressed_texture.cpp:343)",
    +   "console: ERROR: Failed loading resource: res://.godot/imported/surface-wave-strip.png-8263ffc31adf7bb182c47f2703cc9232.ctex.",
    +   "console:    at: _load (core\\io\\resource_loader.cpp:317)",
    +   "console: ERROR: Failed loading resource: res://resources/environment/surface-wave-strip.png.",
    +   "console:    at: _load (core\\io\\resource_loader.cpp:317)",
    +   "console: ERROR: Condition \"img.is_null() || img->is_empty()\" is true. Returning: Ref<Image>()",
    +   "console:    at: load_image_from_file (scene\\resources\\compressed_texture.cpp:343)",
    +   "console: ERROR: Failed loading resource: res://.godot/imported/boat_body.png-a44818dd24af39bc0deb40c36aac93e6.ctex.",
    +   "console:    at: _load (core\\io\\resource_loader.cpp:317)",
    +   "console: ERROR: Failed loading resource: res://resources/characters/boat_body.png.",
    +   "console:    at: _load (core\\io\\resource_loader.cpp:317)",
    +   "console: ERROR: Condition \"img.is_null() || img->is_empty()\" is true. Returning: Ref<Image>()",
    +   "console:    at: load_image_from_file (scene\\resources\\compressed_texture.cpp:343)",
    +   "console: ERROR: Failed loading resource: res://.godot/imported/boy_head.png-1ace9c3ae029aca0706dd42ca966152d.ctex.",
    +   "console:    at: _load (core\\io\\resource_loader.cpp:317)",
    +   "console: ERROR: Failed loading resource: res://resources/characters/boy_head.png.",
    +   "console:    at: _load (core\\io\\resource_loader.cpp:317)",
    +   "console: ERROR: Condition \"img.is_null() || img->is_empty()\" is true. Returning: Ref<Image>()",
    +   "console:    at: load_image_from_file (scene\\resources\\compressed_texture.cpp:343)",
    +   "console: ERROR: Failed loading resource: res://.godot/imported/girl_head.png-e2bbf8e3c7c5f8647fccc7c28d70452e.ctex.",
    +   "console:    at: _load (core\\io\\resource_loader.cpp:317)",
    +   "console: ERROR: Failed loading resource: res://resources/characters/girl_head.png.",
    +   "console:    at: _load (core\\io\\resource_loader.cpp:317)",
    +   "console: ERROR: Condition \"img.is_null() || img->is_empty()\" is true. Returning: Ref<Image>()",
    +   "console:    at: load_image_from_file (scene\\resources\\compressed_texture.cpp:343)",
    +   "console: ERROR: Failed loading resource: res://.godot/imported/blue-small-swim.png-108bfc0cf186a41df4ad87f6f014e3a5.ctex.",
    +   "console:    at: _load (core\\io\\resource_loader.cpp:317)",
    +   "console: ERROR: Failed loading resource: res://resources/fish/blue-small-swim.png.",
    +   "console:    at: _load (core\\io\\resource_loader.cpp:317)",
    +   "console: ERROR: Condition \"img.is_null() || img->is_empty()\" is true. Returning: Ref<Image>()",
    +   "console:    at: load_image_from_file (scene\\resources\\compressed_texture.cpp:343)",
    +   "console: ERROR: Failed loading resource: res://.godot/imported/blue-small-caught.png-50a2af6503b08e32bb30bed5b533ea4d.ctex.",
    +   "console:    at: _load (core\\io\\resource_loader.cpp:317)",
    +   "console: ERROR: Failed loading resource: res://resources/fish/blue-small-caught.png.",
    +   "console:    at: _load (core\\io\\resource_loader.cpp:317)",
    +   "console: ERROR: Condition \"img.is_null() || img->is_empty()\" is true. Returning: Ref<Image>()",
    +   "console:    at: load_image_from_file (scene\\resources\\compressed_texture.cpp:343)",
    +   "console: ERROR: Failed loading resource: res://.godot/imported/green-scrap-swim.png-ea4b871e4dc5a9c0a1b85b615e88e4a2.ctex.",
    +   "console:    at: _load (core\\io\\resource_loader.cpp:317)",
    +   "console: ERROR: Failed loading resource: res://resources/fish/green-scrap-swim.png.",
    +   "console:    at: _load (core\\io\\resource_loader.cpp:317)",
    +   "console: ERROR: Condition \"img.is_null() || img->is_empty()\" is true. Returning: Ref<Image>()",
    +   "console:    at: load_image_from_file (scene\\resources\\compressed_texture.cpp:343)",
    +   "console: ERROR: Failed loading resource: res://.godot/imported/green-scrap-caught.png-3e77a518be6ae73c7aefba624c602a65.ctex.",
    +   "console:    at: _load (core\\io\\resource_loader.cpp:317)",
    +   "console: ERROR: Failed loading resource: res://resources/fish/green-scrap-caught.png.",
    +   "console:    at: _load (core\\io\\resource_loader.cpp:317)",
    +   "console: ERROR: Condition \"img.is_null() || img->is_empty()\" is true. Returning: Ref<Image>()",
    +   "console:    at: load_image_from_file (scene\\resources\\compressed_texture.cpp:343)",
    +   "console: ERROR: Failed loading resource: res://.godot/imported/yellow-striped-swim.png-2ed02746ea87c33e1eba940383d8cc49.ctex.",
    +   "console:    at: _load (core\\io\\resource_loader.cpp:317)",
    +   "console: ERROR: Failed loading resource: res://resources/fish/yellow-striped-swim.png.",
    +   "console:    at: _load (core\\io\\resource_loader.cpp:317)",
    +   "console: ERROR: Condition \"img.is_null() || img->is_empty()\" is true. Returning: Ref<Image>()",
    +   "console:    at: load_image_from_file (scene\\resources\\compressed_texture.cpp:343)",
    +   "console: ERROR: Failed loading resource: res://.godot/imported/yellow-striped-caught.png-9be6116b1904b3e231806f4c62136729.ctex.",
    +   "console:    at: _load (core\\io\\resource_loader.cpp:317)",
    +   "console: ERROR: Failed loading resource: res://resources/fish/yellow-striped-caught.png.",
    +   "console:    at: _load (core\\io\\resource_loader.cpp:317)",
    +   "console: ERROR: Condition \"img.is_null() || img->is_empty()\" is true. Returning: Ref<Image>()",
    +   "console:    at: load_image_from_file (scene\\resources\\compressed_texture.cpp:343)",
    +   "console: ERROR: Failed loading resource: res://.godot/imported/crab.png-2d22402a2bcc28e5d37f3445427315c8.ctex.",
    +   "console:    at: _load (core\\io\\resource_loader.cpp:317)",
    +   "console: ERROR: Failed loading resource: res://resources/creatures/crab.png.",
    +   "console:    at: _load (core\\io\\resource_loader.cpp:317)",
    +   "console: ERROR: Condition \"img.is_null() || img->is_empty()\" is true. Returning: Ref<Image>()",
    +   "console:    at: load_image_from_file (scene\\resources\\compressed_texture.cpp:343)",
    +   "console: ERROR: Failed loading resource: res://.godot/imported/jellyfish.png-97f7a9ea8459531aa3483f4c014a16d2.ctex.",
    +   "console:    at: _load (core\\io\\resource_loader.cpp:317)",
    +   "console: ERROR: Failed loading resource: res://resources/creatures/jellyfish.png.",
    +   "console:    at: _load (core\\io\\resource_loader.cpp:317)",
    +   "console: ERROR: Condition \"img.is_null() || img->is_empty()\" is true. Returning: Ref<Image>()",
    +   "console:    at: load_image_from_file (scene\\resources\\compressed_texture.cpp:343)",
    +   "console: ERROR: Failed loading resource: res://.godot/imported/old-boot.png-660b38fd139cb277d9b5187fd80f9adb.ctex.",
    +   "console:    at: _load (core\\io\\resource_loader.cpp:317)",
    +   "console: ERROR: Failed loading resource: res://resources/pickups/old-boot.png.",
    +   "console:    at: _load (core\\io\\resource_loader.cpp:317)",
    +   "console: ERROR: Condition \"img.is_null() || img->is_empty()\" is true. Returning: Ref<Image>()",
    +   "console:    at: load_image_from_file (scene\\resources\\compressed_texture.cpp:343)",
    +   "console: ERROR: Failed loading resource: res://.godot/imported/tin-can.png-8d501993c9c3d420539166a37bf87a0b.ctex.",
    +   "console:    at: _load (core\\io\\resource_loader.cpp:317)",
    +   "console: ERROR: Failed loading resource: res://resources/pickups/tin-can.png.",
    +   "console:    at: _load (core\\io\\resource_loader.cpp:317)",
    +   "console: ERROR: Condition \"img.is_null() || img->is_empty()\" is true. Returning: Ref<Image>()",
    +   "console:    at: load_image_from_file (scene\\resources\\compressed_texture.cpp:343)",
    +   "console: ERROR: Failed loading resource: res://.godot/imported/speed-reel.png-2f472c4ec1f16e54e1a959c42a50cb7a.ctex.",
    +   "console:    at: _load (core\\io\\resource_loader.cpp:317)",
    +   "console: ERROR: Failed loading resource: res://resources/powerups/speed-reel.png.",
    +   "console:    at: _load (core\\io\\resource_loader.cpp:317)",
    +   "console: ERROR: Condition \"img.is_null() || img->is_empty()\" is true. Returning: Ref<Image>()",
    +   "console:    at: load_image_from_file (scene\\resources\\compressed_texture.cpp:343)",
    +   "console: ERROR: Failed loading resource: res://.godot/imported/purple-giant-swim.png-e3dd90ee30cb0648ab2f98b60c55b957.ctex.",
    +   "console:    at: _load (core\\io\\resource_loader.cpp:317)",
    +   "console: ERROR: Failed loading resource: res://resources/fish/purple-giant-swim.png.",
    +   "console:    at: _load (core\\io\\resource_loader.cpp:317)",
    +   "console: ERROR: Condition \"img.is_null() || img->is_empty()\" is true. Returning: Ref<Image>()",
    +   "console:    at: load_image_from_file (scene\\resources\\compressed_texture.cpp:343)",
    +   "console: ERROR: Failed loading resource: res://.godot/imported/purple-giant-caught.png-0f269105a0618c79cfa42845560912cd.ctex.",
    +   "console:    at: _load (core\\io\\resource_loader.cpp:317)",
    +   "console: ERROR: Failed loading resource: res://resources/fish/purple-giant-caught.png.",
    +   "console:    at: _load (core\\io\\resource_loader.cpp:317)",
    +   "console: ERROR: Condition \"img.is_null() || img->is_empty()\" is true. Returning: Ref<Image>()",
    +   "console:    at: load_image_from_file (scene\\resources\\compressed_texture.cpp:343)",
    +   "console: ERROR: Failed loading resource: res://.godot/imported/pearl-shell.png-407d7aad2fb7af8d4007c646d8d1cf2e.ctex.",
    +   "console:    at: _load (core\\io\\resource_loader.cpp:317)",
    +   "console: ERROR: Failed loading resource: res://resources/pickups/pearl-shell.png.",
    +   "console:    at: _load (core\\io\\resource_loader.cpp:317)",
    +   "console: ERROR: Condition \"img.is_null() || img->is_empty()\" is true. Returning: Ref<Image>()",
    +   "console:    at: load_image_from_file (scene\\resources\\compressed_texture.cpp:343)",
    +   "console: ERROR: Failed loading resource: res://.godot/imported/tire.png-c26f578583a32f1a9c1c9f2acdbd0330.ctex.",
    +   "console:    at: _load (core\\io\\resource_loader.cpp:317)",
    +   "console: ERROR: Failed loading resource: res://resources/pickups/tire.png.",
    +   "console:    at: _load (core\\io\\resource_loader.cpp:317)",
    +   "console: ERROR: Condition \"img.is_null() || img->is_empty()\" is true. Returning: Ref<Image>()",
    +   "console:    at: load_image_from_file (scene\\resources\\compressed_texture.cpp:343)",
    +   "console: ERROR: Failed loading resource: res://.godot/imported/pufferfish-swim.png-d59415bc822be0d9ac451420e3c1fe52.ctex.",
    +   "console:    at: _load (core\\io\\resource_loader.cpp:317)",
    +   "console: ERROR: Failed loading resource: res://resources/fish/pufferfish-swim.png.",
    +   "console:    at: _load (core\\io\\resource_loader.cpp:317)",
    +   "console: ERROR: Condition \"img.is_null() || img->is_empty()\" is true. Returning: Ref<Image>()",
    +   "console:    at: load_image_from_file (scene\\resources\\compressed_texture.cpp:343)",
    +   "console: ERROR: Failed loading resource: res://.godot/imported/pufferfish-caught.png-eef9d991bdc95cdd13e86710a435cf5a.ctex.",
    +   "console:    at: _load (core\\io\\resource_loader.cpp:317)",
    +   "console: ERROR: Failed loading resource: res://resources/fish/pufferfish-caught.png.",
    +   "console:    at: _load (core\\io\\resource_loader.cpp:317)",
    +   "console: ERROR: Condition \"img.is_null() || img->is_empty()\" is true. Returning: Ref<Image>()",
    +   "console:    at: load_image_from_file (scene\\resources\\compressed_texture.cpp:343)",
    +   "console: ERROR: Failed loading resource: res://.godot/imported/seahorse-swim.png-6094f29e7fa01e7637da16a8ff41e04e.ctex.",
    +   "console:    at: _load (core\\io\\resource_loader.cpp:317)",
    +   "console: ERROR: Failed loading resource: res://resources/fish/seahorse-swim.png.",
    +   "console:    at: _load (core\\io\\resource_loader.cpp:317)",
    +   "console: ERROR: Condition \"img.is_null() || img->is_empty()\" is true. Returning: Ref<Image>()",
    +   "console:    at: load_image_from_file (scene\\resources\\compressed_texture.cpp:343)",
    +   "console: ERROR: Failed loading resource: res://.godot/imported/seahorse-caught.png-86468c76bbe455c12927574e8ecba89e.ctex.",
    +   "console:    at: _load (core\\io\\resource_loader.cpp:317)",
    +   "console: ERROR: Failed loading resource: res://resources/fish/seahorse-caught.png.",
    +   "console:    at: _load (core\\io\\resource_loader.cpp:317)",
    +   "console: ERROR: Condition \"img.is_null() || img->is_empty()\" is true. Returning: Ref<Image>()",
    +   "console:    at: load_image_from_file (scene\\resources\\compressed_texture.cpp:343)",
    +   "console: ERROR: Failed loading resource: res://.godot/imported/giant-hook.png-432a27d8fb2c10fc479a296094ea71f1.ctex.",
    +   "console:    at: _load (core\\io\\resource_loader.cpp:317)",
    +   "console: ERROR: Failed loading resource: res://resources/powerups/giant-hook.png.",
    +   "console:    at: _load (core\\io\\resource_loader.cpp:317)",
    +   "console: ERROR: Condition \"img.is_null() || img->is_empty()\" is true. Returning: Ref<Image>()",
    +   "console:    at: load_image_from_file (scene\\resources\\compressed_texture.cpp:343)",
    +   "console: ERROR: Failed loading resource: res://.godot/imported/orange-rare-swim.png-0fc04f7531799bde76aea21d0a2d219a.ctex.",
    +   "console:    at: _load (core\\io\\resource_loader.cpp:317)",
    +   "console: ERROR: Failed loading resource: res://resources/fish/orange-rare-swim.png.",
    +   "console:    at: _load (core\\io\\resource_loader.cpp:317)",
    +   "console: ERROR: Condition \"img.is_null() || img->is_empty()\" is true. Returning: Ref<Image>()",
    +   "console:    at: load_image_from_file (scene\\resources\\compressed_texture.cpp:343)",
    +   "console: ERROR: Failed loading resource: res://.godot/imported/orange-rare-caught.png-045946cc4077fe9ef0c9a9a80028eabe.ctex.",
    +   "console:    at: _load (core\\io\\resource_loader.cpp:317)",
    +   "console: ERROR: Failed loading resource: res://resources/fish/orange-rare-caught.png.",
    +   "console:    at: _load (core\\io\\resource_loader.cpp:317)",
    +   "console: ERROR: Condition \"img.is_null() || img->is_empty()\" is true. Returning: Ref<Image>()",
    +   "console:    at: load_image_from_file (scene\\resources\\compressed_texture.cpp:343)",
    +   "console: ERROR: Failed loading resource: res://.godot/imported/treasure-chest.png-626816cb3e5027ec058c0dc07a253720.ctex.",
    +   "console:    at: _load (core\\io\\resource_loader.cpp:317)",
    +   "console: ERROR: Failed loading resource: res://resources/pickups/treasure-chest.png.",
    +   "console:    at: _load (core\\io\\resource_loader.cpp:317)",
    +   "console: ERROR: Condition \"img.is_null() || img->is_empty()\" is true. Returning: Ref<Image>()",
    +   "console:    at: load_image_from_file (scene\\resources\\compressed_texture.cpp:343)",
    +   "console: ERROR: Failed loading resource: res://.godot/imported/squid.png-e137f4fc2ec8cc5ea4cf51465731dffa.ctex.",
    +   "console:    at: _load (core\\io\\resource_loader.cpp:317)",
    +   "console: ERROR: Failed loading resource: res://resources/creatures/squid.png.",
    +   "console:    at: _load (core\\io\\resource_loader.cpp:317)",
    +   "console: ERROR: Condition \"img.is_null() || img->is_empty()\" is true. Returning: Ref<Image>()",
    +   "console:    at: load_image_from_file (scene\\resources\\compressed_texture.cpp:343)",
    +   "console: ERROR: Failed loading resource: res://.godot/imported/sea-turtle.png-bb400f5204b9e372d7f963ad2ea866bf.ctex.",
    +   "console:    at: _load (core\\io\\resource_loader.cpp:317)",
    +   "console: ERROR: Failed loading resource: res://resources/creatures/sea-turtle.png.",
    +   "console:    at: _load (core\\io\\resource_loader.cpp:317)",
    +   "console: ERROR: Condition \"img.is_null() || img->is_empty()\" is true. Returning: Ref<Image>()",
    +   "console:    at: load_image_from_file (scene\\resources\\compressed_texture.cpp:343)",
    +   "console: ERROR: Failed loading resource: res://.godot/imported/freeze-crystal.png-f0f65d0466d2bd680a00a4a62f02a2e8.ctex.",
    +   "console:    at: _load (core\\io\\resource_loader.cpp:317)",
    +   "console: ERROR: Failed loading resource: res://resources/powerups/freeze-crystal.png.",
    +   "console:    at: _load (core\\io\\resource_loader.cpp:317)",
    +   "console: ERROR: Condition \"img.is_null() || img->is_empty()\" is true. Returning: Ref<Image>()",
    +   "console:    at: load_image_from_file (scene\\resources\\compressed_texture.cpp:343)",
    +   "console: ERROR: Failed loading resource: res://.godot/imported/claw-hook.png-658ac30bfb83d5f7eca89426361d584e.ctex.",
    +   "console:    at: _load (core\\io\\resource_loader.cpp:317)",
    +   "console: ERROR: Failed loading resource: res://resources/tools/claw-hook.png.",
    +   "console:    at: _load (core\\io\\resource_loader.cpp:317)",
    +   "console: ERROR: Condition \"img.is_null() || img->is_empty()\" is true. Returning: Ref<Image>()",
    +   "console:    at: load_image_from_file (scene\\resources\\compressed_texture.cpp:343)",
    +   "console: ERROR: Failed loading resource: res://.godot/imported/icon-coin.svg-c93d0f43093edde5eb300f03d7a12239.ctex.",
    +   "console:    at: _load (core\\io\\resource_loader.cpp:317)",
    +   "console: ERROR: Failed loading resource: res://resources/ui/icon-coin.svg.",
    +   "console:    at: _load (core\\io\\resource_loader.cpp:317)",
    +   "console: ERROR: Condition \"img.is_null() || img->is_empty()\" is true. Returning: Ref<Image>()",
    +   "console:    at: load_image_from_file (scene\\resources\\compressed_texture.cpp:343)",
    +   "console: ERROR: Failed loading resource: res://.godot/imported/icon-clock.svg-6546705e8cf8393b8ea9021e02292a05.ctex.",
    +   "console:    at: _load (core\\io\\resource_loader.cpp:317)",
    +   "console: ERROR: Failed loading resource: res://resources/ui/icon-clock.svg.",
    +   "console:    at: _load (core\\io\\resource_loader.cpp:317)",
    +   "console: ERROR: Catchable has an invalid definition: BlueSmall",
    +   "console:    at: push_error (core\\variant\\variant_utility.cpp:1023)",
    +   "console: ERROR: Catchable has an invalid definition: GreenScrap",
    +   "console:    at: push_error (core\\variant\\variant_utility.cpp:1023)",
    +   "console: ERROR: Catchable has an invalid definition: YellowStriped",
    +   "console:    at: push_error (core\\variant\\variant_utility.cpp:1023)",
    +   "console: ERROR: Catchable has an invalid definition: Crab",
    +   "console:    at: push_error (core\\variant\\variant_utility.cpp:1023)",
    +   "console: ERROR: Catchable has an invalid definition: Jellyfish",
    +   "console:    at: push_error (core\\variant\\variant_utility.cpp:1023)",
    +   "console: ERROR: Catchable has an invalid definition: OldBoot",
    +   "console:    at: push_error (core\\variant\\variant_utility.cpp:1023)",
    +   "console: ERROR: Catchable has an invalid definition: TinCan",
    +   "console:    at: push_error (core\\variant\\variant_utility.cpp:1023)",
    +   "console: ERROR: PowerupPickup has an invalid definition: SpeedReel",
    +   "console:    at: push_error (core\\variant\\variant_utility.cpp:1023)",
    +   "console: ERROR: Catchable has an invalid definition: PurpleGiant",
    +   "console:    at: push_error (core\\variant\\variant_utility.cpp:1023)",
    +   "console: ERROR: Catchable has an invalid definition: PearlShell",
    +   "console:    at: push_error (core\\variant\\variant_utility.cpp:1023)",
    +   "console: ERROR: Catchable has an invalid definition: Tire",
    +   "console:    at: push_error (core\\variant\\variant_utility.cpp:1023)",
    +   "console: ERROR: Catchable has an invalid definition: Pufferfish",
    +   "console:    at: push_error (core\\variant\\variant_utility.cpp:1023)",
    +   "console: ERROR: Catchable has an invalid definition: Seahorse",
    +   "console:    at: push_error (core\\variant\\variant_utility.cpp:1023)",
    +   "console: ERROR: PowerupPickup has an invalid definition: GiantHook",
    +   "console:    at: push_error (core\\variant\\variant_utility.cpp:1023)",
    +   "console: ERROR: Catchable has an invalid definition: OrangeRare",
    +   "console:    at: push_error (core\\variant\\variant_utility.cpp:1023)",
    +   "console: ERROR: Catchable has an invalid definition: TreasureChest",
    +   "console:    at: push_error (core\\variant\\variant_utility.cpp:1023)",
    +   "console: ERROR: Catchable has an invalid definition: Squid",
    +   "console:    at: push_error (core\\variant\\variant_utility.cpp:1023)",
    +   "console: ERROR: Catchable has an invalid definition: SeaTurtle",
    +   "console:    at: push_error (core\\variant\\variant_utility.cpp:1023)",
    +   "console: ERROR: PowerupPickup has an invalid definition: FreezeCrystal",
    +   "console:    at: push_error (core\\variant\\variant_utility.cpp:1023)",
    + ]

      124 |   }
      125 |
    > 126 |   expect(browserErrors).toEqual([])
          |                         ^
      127 | })
      128 |
        at D:\godot\project\fishing-baby\tests\e2e\viewport-matrix.spec.ts:126:25

    Error: browser console and page errors

    expect(received).toEqual(expected) // deep equality

    - Expected  -   1
    + Received  + 932

    - Array []
    + Array [
    +   "console: SCRIPT ERROR: Parse Error: Cannot infer the type of \"camera\" variable because the value doesn't have a set type.",
    +   "console:    at: GDScript::reload (res://addons/godotiq/godotiq_runtime.gd:463)",
    +   "console: SCRIPT ERROR: Parse Error: Cannot infer the type of \"screen_pos\" variable because the value doesn't have a set type.",
    +   "console:    at: GDScript::reload (res://addons/godotiq/godotiq_runtime.gd:468)",
    +   "console: SCRIPT ERROR: Parse Error: Cannot infer the type of \"world\" variable because the value doesn't have a set type.",
    +   "console:    at: GDScript::reload (res://addons/godotiq/godotiq_runtime.gd:944)",
    +   "console: SCRIPT ERROR: Parse Error: Could not find type \"Node3D\" in the current scope.",
    +   "console:    at: GDScript::reload (res://addons/godotiq/godotiq_runtime.gd:958)",
    +   "console: SCRIPT ERROR: Parse Error: Could not find type \"Node3D\" in the current scope.",
    +   "console:    at: GDScript::reload (res://addons/godotiq/godotiq_runtime.gd:963)",
    +   "console: SCRIPT ERROR: Parse Error: Could not find type \"Node3D\" in the current scope.",
    +   "console:    at: GDScript::reload (res://addons/godotiq/godotiq_runtime.gd:972)",
    +   "console: SCRIPT ERROR: Parse Error: Could not find type \"Node3D\" in the current scope.",
    +   "console:    at: GDScript::reload (res://addons/godotiq/godotiq_runtime.gd:977)",
    +   "console: SCRIPT ERROR: Parse Error: Identifier \"NavigationServer3D\" not declared in the current scope.",
    +   "console:    at: GDScript::reload (res://addons/godotiq/godotiq_runtime.gd:984)",
    +   "console: SCRIPT ERROR: Parse Error: Cannot infer the type of \"closest_from\" variable because the value doesn't have a set type.",
    +   "console:    at: GDScript::reload (res://addons/godotiq/godotiq_runtime.gd:984)",
    +   "console: SCRIPT ERROR: Parse Error: Identifier \"NavigationServer3D\" not declared in the current scope.",
    +   "console:    at: GDScript::reload (res://addons/godotiq/godotiq_runtime.gd:985)",
    +   "console: SCRIPT ERROR: Parse Error: Cannot infer the type of \"closest_to\" variable because the value doesn't have a set type.",
    +   "console:    at: GDScript::reload (res://addons/godotiq/godotiq_runtime.gd:985)",
    +   "console: SCRIPT ERROR: Parse Error: Identifier \"NavigationServer3D\" not declared in the current scope.",
    +   "console:    at: GDScript::reload (res://addons/godotiq/godotiq_runtime.gd:991)",
    +   "console: SCRIPT ERROR: Parse Error: Could not find type \"RichTextLabel\" in the current scope.",
    +   "console:    at: GDScript::reload (res://addons/godotiq/godotiq_runtime.gd:1268)",
    +   "console: SCRIPT ERROR: Parse Error: Could not find type \"RichTextLabel\" in the current scope.",
    +   "console:    at: GDScript::reload (res://addons/godotiq/godotiq_runtime.gd:1269)",
    +   "console: SCRIPT ERROR: Parse Error: Could not find type \"TextEdit\" in the current scope.",
    +   "console:    at: GDScript::reload (res://addons/godotiq/godotiq_runtime.gd:1274)",
    +   "console: SCRIPT ERROR: Parse Error: Could not find type \"TextEdit\" in the current scope.",
    +   "console:    at: GDScript::reload (res://addons/godotiq/godotiq_runtime.gd:1275)",
    +   "console: SCRIPT ERROR: Parse Error: Could not find type \"SpinBox\" in the current scope.",
    +   "console:    at: GDScript::reload (res://addons/godotiq/godotiq_runtime.gd:1281)",
    +   "console: SCRIPT ERROR: Parse Error: Could not find type \"SpinBox\" in the current scope.",
    +   "console:    at: GDScript::reload (res://addons/godotiq/godotiq_runtime.gd:1283)",
    +   "console: SCRIPT ERROR: Parse Error: Could not find type \"Camera3D\" in the current scope.",
    +   "console:    at: GDScript::reload (res://addons/godotiq/godotiq_runtime.gd:1383)",
    +   "console: SCRIPT ERROR: Parse Error: Identifier \"Camera3D\" not declared in the current scope.",
    +   "console:    at: GDScript::reload (res://addons/godotiq/godotiq_runtime.gd:1389)",
    +   "console: SCRIPT ERROR: Parse Error: Cannot infer the type of \"drone\" variable because the value doesn't have a set type.",
    +   "console:    at: GDScript::reload (res://addons/godotiq/godotiq_runtime.gd:1389)",
    +   "console: SCRIPT ERROR: Parse Error: Could not find type \"Camera3D\" in the current scope.",
    +   "console:    at: GDScript::reload (res://addons/godotiq/godotiq_runtime.gd:1447)",
    +   "console: SCRIPT ERROR: Parse Error: Could not find type \"Node3D\" in the current scope.",
    +   "console:    at: GDScript::reload (res://addons/godotiq/godotiq_runtime.gd:1525)",
    +   "console: ERROR: Failed to load script \"res://addons/godotiq/godotiq_runtime.gd\" with error \"Parse error\".",
    +   "console:    at: load (modules\\gdscript\\gdscript_resource_format.cpp:46)",
    +   "console: ERROR: Failed to instantiate an autoload, script 'res://addons/godotiq/godotiq_runtime.gd' does not inherit from 'Node'.",
    +   "console:    at: start (main\\main.cpp:4535)",
    +   "console: ERROR: Condition \"img.is_null() || img->is_empty()\" is true. Returning: Ref<Image>()",
    +   "console:    at: load_image_from_file (scene\\resources\\compressed_texture.cpp:343)",
    +   "console: ERROR: Failed loading resource: res://.godot/imported/ocean-background.png-2a45ccb46859053b8f01bbc11fd6a736.ctex.",
    +   "console:    at: _load (core\\io\\resource_loader.cpp:317)",
    +   "console: ERROR: Failed loading resource: res://resources/environment/ocean-background.png.",
    +   "console:    at: _load (core\\io\\resource_loader.cpp:317)",
    +   "console: ERROR: Condition \"img.is_null() || img->is_empty()\" is true. Returning: Ref<Image>()",
    +   "console:    at: load_image_from_file (scene\\resources\\compressed_texture.cpp:343)",
    +   "console: ERROR: Failed loading resource: res://.godot/imported/cloud-03-large-center.png-23e9b0f50f26c0e4ccb7ec3994e89e45.ctex.",
    +   "console:    at: _load (core\\io\\resource_loader.cpp:317)",
    +   "console: ERROR: Failed loading resource: res://resources/environment_sliced/clouds/cloud-03-large-center.png.",
    +   "console:    at: _load (core\\io\\resource_loader.cpp:317)",
    +   "console: ERROR: Condition \"img.is_null() || img->is_empty()\" is true. Returning: Ref<Image>()",
    +   "console:    at: load_image_from_file (scene\\resources\\compressed_texture.cpp:343)",
    +   "console: ERROR: Failed loading resource: res://.godot/imported/lighthouse-island.png-b3bf27c0debb00384efdb040f2be3868.ctex.",
    +   "console:    at: _load (core\\io\\resource_loader.cpp:317)",
    +   "console: ERROR: Failed loading resource: res://resources/environment_sliced/island/lighthouse-island.png.",
    +   "console:    at: _load (core\\io\\resource_loader.cpp:317)",
    +   "console: ERROR: Condition \"img.is_null() || img->is_empty()\" is true. Returning: Ref<Image>()",
    +   "console:    at: load_image_from_file (scene\\resources\\compressed_texture.cpp:343)",
    +   "console: ERROR: Failed loading resource: res://.godot/imported/seabed-decoration.png-f0d4b69ace78ba4676e9477aac2cf5b4.ctex.",
    +   "console:    at: _load (core\\io\\resource_loader.cpp:317)",
    +   "console: ERROR: Failed loading resource: res://resources/environment/seabed-decoration.png.",
    +   "console:    at: _load (core\\io\\resource_loader.cpp:317)",
    +   "console: ERROR: Condition \"img.is_null() || img->is_empty()\" is true. Returning: Ref<Image>()",
    +   "console:    at: load_image_from_file (scene\\resources\\compressed_texture.cpp:343)",
    +   "console: ERROR: Failed loading resource: res://.godot/imported/surface-wave-strip.png-8263ffc31adf7bb182c47f2703cc9232.ctex.",
    +   "console:    at: _load (core\\io\\resource_loader.cpp:317)",
    +   "console: ERROR: Failed loading resource: res://resources/environment/surface-wave-strip.png.",
    +   "console:    at: _load (core\\io\\resource_loader.cpp:317)",
    +   "console: ERROR: Condition \"img.is_null() || img->is_empty()\" is true. Returning: Ref<Image>()",
    +   "console:    at: load_image_from_file (scene\\resources\\compressed_texture.cpp:343)",
    +   "console: ERROR: Failed loading resource: res://.godot/imported/boat_body.png-a44818dd24af39bc0deb40c36aac93e6.ctex.",
    +   "console:    at: _load (core\\io\\resource_loader.cpp:317)",
    +   "console: ERROR: Failed loading resource: res://resources/characters/boat_body.png.",
    +   "console:    at: _load (core\\io\\resource_loader.cpp:317)",
    +   "console: ERROR: Condition \"img.is_null() || img->is_empty()\" is true. Returning: Ref<Image>()",
    +   "console:    at: load_image_from_file (scene\\resources\\compressed_texture.cpp:343)",
    +   "console: ERROR: Failed loading resource: res://.godot/imported/boy_head.png-1ace9c3ae029aca0706dd42ca966152d.ctex.",
    +   "console:    at: _load (core\\io\\resource_loader.cpp:317)",
    +   "console: ERROR: Failed loading resource: res://resources/characters/boy_head.png.",
    +   "console:    at: _load (core\\io\\resource_loader.cpp:317)",
    +   "console: ERROR: Condition \"img.is_null() || img->is_empty()\" is true. Returning: Ref<Image>()",
    +   "console:    at: load_image_from_file (scene\\resources\\compressed_texture.cpp:343)",
    +   "console: ERROR: Failed loading resource: res://.godot/imported/girl_head.png-e2bbf8e3c7c5f8647fccc7c28d70452e.ctex.",
    +   "console:    at: _load (core\\io\\resource_loader.cpp:317)",
    +   "console: ERROR: Failed loading resource: res://resources/characters/girl_head.png.",
    +   "console:    at: _load (core\\io\\resource_loader.cpp:317)",
    +   "console: ERROR: Condition \"img.is_null() || img->is_empty()\" is true. Returning: Ref<Image>()",
    +   "console:    at: load_image_from_file (scene\\resources\\compressed_texture.cpp:343)",
    +   "console: ERROR: Failed loading resource: res://.godot/imported/blue-small-swim.png-108bfc0cf186a41df4ad87f6f014e3a5.ctex.",
    +   "console:    at: _load (core\\io\\resource_loader.cpp:317)",
    +   "console: ERROR: Failed loading resource: res://resources/fish/blue-small-swim.png.",
    +   "console:    at: _load (core\\io\\resource_loader.cpp:317)",
    +   "console: ERROR: Condition \"img.is_null() || img->is_empty()\" is true. Returning: Ref<Image>()",
    +   "console:    at: load_image_from_file (scene\\resources\\compressed_texture.cpp:343)",
    +   "console: ERROR: Failed loading resource: res://.godot/imported/blue-small-caught.png-50a2af6503b08e32bb30bed5b533ea4d.ctex.",
    +   "console:    at: _load (core\\io\\resource_loader.cpp:317)",
    +   "console: ERROR: Failed loading resource: res://resources/fish/blue-small-caught.png.",
    +   "console:    at: _load (core\\io\\resource_loader.cpp:317)",
    +   "console: ERROR: Condition \"img.is_null() || img->is_empty()\" is true. Returning: Ref<Image>()",
    +   "console:    at: load_image_from_file (scene\\resources\\compressed_texture.cpp:343)",
    +   "console: ERROR: Failed loading resource: res://.godot/imported/green-scrap-swim.png-ea4b871e4dc5a9c0a1b85b615e88e4a2.ctex.",
    +   "console:    at: _load (core\\io\\resource_loader.cpp:317)",
    +   "console: ERROR: Failed loading resource: res://resources/fish/green-scrap-swim.png.",
    +   "console:    at: _load (core\\io\\resource_loader.cpp:317)",
    +   "console: ERROR: Condition \"img.is_null() || img->is_empty()\" is true. Returning: Ref<Image>()",
    +   "console:    at: load_image_from_file (scene\\resources\\compressed_texture.cpp:343)",
    +   "console: ERROR: Failed loading resource: res://.godot/imported/green-scrap-caught.png-3e77a518be6ae73c7aefba624c602a65.ctex.",
    +   "console:    at: _load (core\\io\\resource_loader.cpp:317)",
    +   "console: ERROR: Failed loading resource: res://resources/fish/green-scrap-caught.png.",
    +   "console:    at: _load (core\\io\\resource_loader.cpp:317)",
    +   "console: ERROR: Condition \"img.is_null() || img->is_empty()\" is true. Returning: Ref<Image>()",
    +   "console:    at: load_image_from_file (scene\\resources\\compressed_texture.cpp:343)",
    +   "console: ERROR: Failed loading resource: res://.godot/imported/yellow-striped-swim.png-2ed02746ea87c33e1eba940383d8cc49.ctex.",
    +   "console:    at: _load (core\\io\\resource_loader.cpp:317)",
    +   "console: ERROR: Failed loading resource: res://resources/fish/yellow-striped-swim.png.",
    +   "console:    at: _load (core\\io\\resource_loader.cpp:317)",
    +   "console: ERROR: Condition \"img.is_null() || img->is_empty()\" is true. Returning: Ref<Image>()",
    +   "console:    at: load_image_from_file (scene\\resources\\compressed_texture.cpp:343)",
    +   "console: ERROR: Failed loading resource: res://.godot/imported/yellow-striped-caught.png-9be6116b1904b3e231806f4c62136729.ctex.",
    +   "console:    at: _load (core\\io\\resource_loader.cpp:317)",
    +   "console: ERROR: Failed loading resource: res://resources/fish/yellow-striped-caught.png.",
    +   "console:    at: _load (core\\io\\resource_loader.cpp:317)",
    +   "console: ERROR: Condition \"img.is_null() || img->is_empty()\" is true. Returning: Ref<Image>()",
    +   "console:    at: load_image_from_file (scene\\resources\\compressed_texture.cpp:343)",
    +   "console: ERROR: Failed loading resource: res://.godot/imported/crab.png-2d22402a2bcc28e5d37f3445427315c8.ctex.",
    +   "console:    at: _load (core\\io\\resource_loader.cpp:317)",
    +   "console: ERROR: Failed loading resource: res://resources/creatures/crab.png.",
    +   "console:    at: _load (core\\io\\resource_loader.cpp:317)",
    +   "console: ERROR: Condition \"img.is_null() || img->is_empty()\" is true. Returning: Ref<Image>()",
    +   "console:    at: load_image_from_file (scene\\resources\\compressed_texture.cpp:343)",
    +   "console: ERROR: Failed loading resource: res://.godot/imported/jellyfish.png-97f7a9ea8459531aa3483f4c014a16d2.ctex.",
    +   "console:    at: _load (core\\io\\resource_loader.cpp:317)",
    +   "console: ERROR: Failed loading resource: res://resources/creatures/jellyfish.png.",
    +   "console:    at: _load (core\\io\\resource_loader.cpp:317)",
    +   "console: ERROR: Condition \"img.is_null() || img->is_empty()\" is true. Returning: Ref<Image>()",
    +   "console:    at: load_image_from_file (scene\\resources\\compressed_texture.cpp:343)",
    +   "console: ERROR: Failed loading resource: res://.godot/imported/old-boot.png-660b38fd139cb277d9b5187fd80f9adb.ctex.",
    +   "console:    at: _load (core\\io\\resource_loader.cpp:317)",
    +   "console: ERROR: Failed loading resource: res://resources/pickups/old-boot.png.",
    +   "console:    at: _load (core\\io\\resource_loader.cpp:317)",
    +   "console: ERROR: Condition \"img.is_null() || img->is_empty()\" is true. Returning: Ref<Image>()",
    +   "console:    at: load_image_from_file (scene\\resources\\compressed_texture.cpp:343)",
    +   "console: ERROR: Failed loading resource: res://.godot/imported/tin-can.png-8d501993c9c3d420539166a37bf87a0b.ctex.",
    +   "console:    at: _load (core\\io\\resource_loader.cpp:317)",
    +   "console: ERROR: Failed loading resource: res://resources/pickups/tin-can.png.",
    +   "console:    at: _load (core\\io\\resource_loader.cpp:317)",
    +   "console: ERROR: Condition \"img.is_null() || img->is_empty()\" is true. Returning: Ref<Image>()",
    +   "console:    at: load_image_from_file (scene\\resources\\compressed_texture.cpp:343)",
    +   "console: ERROR: Failed loading resource: res://.godot/imported/speed-reel.png-2f472c4ec1f16e54e1a959c42a50cb7a.ctex.",
    +   "console:    at: _load (core\\io\\resource_loader.cpp:317)",
    +   "console: ERROR: Failed loading resource: res://resources/powerups/speed-reel.png.",
    +   "console:    at: _load (core\\io\\resource_loader.cpp:317)",
    +   "console: ERROR: Condition \"img.is_null() || img->is_empty()\" is true. Returning: Ref<Image>()",
    +   "console:    at: load_image_from_file (scene\\resources\\compressed_texture.cpp:343)",
    +   "console: ERROR: Failed loading resource: res://.godot/imported/purple-giant-swim.png-e3dd90ee30cb0648ab2f98b60c55b957.ctex.",
    +   "console:    at: _load (core\\io\\resource_loader.cpp:317)",
    +   "console: ERROR: Failed loading resource: res://resources/fish/purple-giant-swim.png.",
    +   "console:    at: _load (core\\io\\resource_loader.cpp:317)",
    +   "console: ERROR: Condition \"img.is_null() || img->is_empty()\" is true. Returning: Ref<Image>()",
    +   "console:    at: load_image_from_file (scene\\resources\\compressed_texture.cpp:343)",
    +   "console: ERROR: Failed loading resource: res://.godot/imported/purple-giant-caught.png-0f269105a0618c79cfa42845560912cd.ctex.",
    +   "console:    at: _load (core\\io\\resource_loader.cpp:317)",
    +   "console: ERROR: Failed loading resource: res://resources/fish/purple-giant-caught.png.",
    +   "console:    at: _load (core\\io\\resource_loader.cpp:317)",
    +   "console: ERROR: Condition \"img.is_null() || img->is_empty()\" is true. Returning: Ref<Image>()",
    +   "console:    at: load_image_from_file (scene\\resources\\compressed_texture.cpp:343)",
    +   "console: ERROR: Failed loading resource: res://.godot/imported/pearl-shell.png-407d7aad2fb7af8d4007c646d8d1cf2e.ctex.",
    +   "console:    at: _load (core\\io\\resource_loader.cpp:317)",
    +   "console: ERROR: Failed loading resource: res://resources/pickups/pearl-shell.png.",
    +   "console:    at: _load (core\\io\\resource_loader.cpp:317)",
    +   "console: ERROR: Condition \"img.is_null() || img->is_empty()\" is true. Returning: Ref<Image>()",
    +   "console:    at: load_image_from_file (scene\\resources\\compressed_texture.cpp:343)",
    +   "console: ERROR: Failed loading resource: res://.godot/imported/tire.png-c26f578583a32f1a9c1c9f2acdbd0330.ctex.",
    +   "console:    at: _load (core\\io\\resource_loader.cpp:317)",
    +   "console: ERROR: Failed loading resource: res://resources/pickups/tire.png.",
    +   "console:    at: _load (core\\io\\resource_loader.cpp:317)",
    +   "console: ERROR: Condition \"img.is_null() || img->is_empty()\" is true. Returning: Ref<Image>()",
    +   "console:    at: load_image_from_file (scene\\resources\\compressed_texture.cpp:343)",
    +   "console: ERROR: Failed loading resource: res://.godot/imported/pufferfish-swim.png-d59415bc822be0d9ac451420e3c1fe52.ctex.",
    +   "console:    at: _load (core\\io\\resource_loader.cpp:317)",
    +   "console: ERROR: Failed loading resource: res://resources/fish/pufferfish-swim.png.",
    +   "console:    at: _load (core\\io\\resource_loader.cpp:317)",
    +   "console: ERROR: Condition \"img.is_null() || img->is_empty()\" is true. Returning: Ref<Image>()",
    +   "console:    at: load_image_from_file (scene\\resources\\compressed_texture.cpp:343)",
    +   "console: ERROR: Failed loading resource: res://.godot/imported/pufferfish-caught.png-eef9d991bdc95cdd13e86710a435cf5a.ctex.",
    +   "console:    at: _load (core\\io\\resource_loader.cpp:317)",
    +   "console: ERROR: Failed loading resource: res://resources/fish/pufferfish-caught.png.",
    +   "console:    at: _load (core\\io\\resource_loader.cpp:317)",
    +   "console: ERROR: Condition \"img.is_null() || img->is_empty()\" is true. Returning: Ref<Image>()",
    +   "console:    at: load_image_from_file (scene\\resources\\compressed_texture.cpp:343)",
    +   "console: ERROR: Failed loading resource: res://.godot/imported/seahorse-swim.png-6094f29e7fa01e7637da16a8ff41e04e.ctex.",
    +   "console:    at: _load (core\\io\\resource_loader.cpp:317)",
    +   "console: ERROR: Failed loading resource: res://resources/fish/seahorse-swim.png.",
    +   "console:    at: _load (core\\io\\resource_loader.cpp:317)",
    +   "console: ERROR: Condition \"img.is_null() || img->is_empty()\" is true. Returning: Ref<Image>()",
    +   "console:    at: load_image_from_file (scene\\resources\\compressed_texture.cpp:343)",
    +   "console: ERROR: Failed loading resource: res://.godot/imported/seahorse-caught.png-86468c76bbe455c12927574e8ecba89e.ctex.",
    +   "console:    at: _load (core\\io\\resource_loader.cpp:317)",
    +   "console: ERROR: Failed loading resource: res://resources/fish/seahorse-caught.png.",
    +   "console:    at: _load (core\\io\\resource_loader.cpp:317)",
    +   "console: ERROR: Condition \"img.is_null() || img->is_empty()\" is true. Returning: Ref<Image>()",
    +   "console:    at: load_image_from_file (scene\\resources\\compressed_texture.cpp:343)",
    +   "console: ERROR: Failed loading resource: res://.godot/imported/giant-hook.png-432a27d8fb2c10fc479a296094ea71f1.ctex.",
    +   "console:    at: _load (core\\io\\resource_loader.cpp:317)",
    +   "console: ERROR: Failed loading resource: res://resources/powerups/giant-hook.png.",
    +   "console:    at: _load (core\\io\\resource_loader.cpp:317)",
    +   "console: ERROR: Condition \"img.is_null() || img->is_empty()\" is true. Returning: Ref<Image>()",
    +   "console:    at: load_image_from_file (scene\\resources\\compressed_texture.cpp:343)",
    +   "console: ERROR: Failed loading resource: res://.godot/imported/orange-rare-swim.png-0fc04f7531799bde76aea21d0a2d219a.ctex.",
    +   "console:    at: _load (core\\io\\resource_loader.cpp:317)",
    +   "console: ERROR: Failed loading resource: res://resources/fish/orange-rare-swim.png.",
    +   "console:    at: _load (core\\io\\resource_loader.cpp:317)",
    +   "console: ERROR: Condition \"img.is_null() || img->is_empty()\" is true. Returning: Ref<Image>()",
    +   "console:    at: load_image_from_file (scene\\resources\\compressed_texture.cpp:343)",
    +   "console: ERROR: Failed loading resource: res://.godot/imported/orange-rare-caught.png-045946cc4077fe9ef0c9a9a80028eabe.ctex.",
    +   "console:    at: _load (core\\io\\resource_loader.cpp:317)",
    +   "console: ERROR: Failed loading resource: res://resources/fish/orange-rare-caught.png.",
    +   "console:    at: _load (core\\io\\resource_loader.cpp:317)",
    +   "console: ERROR: Condition \"img.is_null() || img->is_empty()\" is true. Returning: Ref<Image>()",
    +   "console:    at: load_image_from_file (scene\\resources\\compressed_texture.cpp:343)",
    +   "console: ERROR: Failed loading resource: res://.godot/imported/treasure-chest.png-626816cb3e5027ec058c0dc07a253720.ctex.",
    +   "console:    at: _load (core\\io\\resource_loader.cpp:317)",
    +   "console: ERROR: Failed loading resource: res://resources/pickups/treasure-chest.png.",
    +   "console:    at: _load (core\\io\\resource_loader.cpp:317)",
    +   "console: ERROR: Condition \"img.is_null() || img->is_empty()\" is true. Returning: Ref<Image>()",
    +   "console:    at: load_image_from_file (scene\\resources\\compressed_texture.cpp:343)",
    +   "console: ERROR: Failed loading resource: res://.godot/imported/squid.png-e137f4fc2ec8cc5ea4cf51465731dffa.ctex.",
    +   "console:    at: _load (core\\io\\resource_loader.cpp:317)",
    +   "console: ERROR: Failed loading resource: res://resources/creatures/squid.png.",
    +   "console:    at: _load (core\\io\\resource_loader.cpp:317)",
    +   "console: ERROR: Condition \"img.is_null() || img->is_empty()\" is true. Returning: Ref<Image>()",
    +   "console:    at: load_image_from_file (scene\\resources\\compressed_texture.cpp:343)",
    +   "console: ERROR: Failed loading resource: res://.godot/imported/sea-turtle.png-bb400f5204b9e372d7f963ad2ea866bf.ctex.",
    +   "console:    at: _load (core\\io\\resource_loader.cpp:317)",
    +   "console: ERROR: Failed loading resource: res://resources/creatures/sea-turtle.png.",
    +   "console:    at: _load (core\\io\\resource_loader.cpp:317)",
    +   "console: ERROR: Condition \"img.is_null() || img->is_empty()\" is true. Returning: Ref<Image>()",
    +   "console:    at: load_image_from_file (scene\\resources\\compressed_texture.cpp:343)",
    +   "console: ERROR: Failed loading resource: res://.godot/imported/freeze-crystal.png-f0f65d0466d2bd680a00a4a62f02a2e8.ctex.",
    +   "console:    at: _load (core\\io\\resource_loader.cpp:317)",
    +   "console: ERROR: Failed loading resource: res://resources/powerups/freeze-crystal.png.",
    +   "console:    at: _load (core\\io\\resource_loader.cpp:317)",
    +   "console: ERROR: Condition \"img.is_null() || img->is_empty()\" is true. Returning: Ref<Image>()",
    +   "console:    at: load_image_from_file (scene\\resources\\compressed_texture.cpp:343)",
    +   "console: ERROR: Failed loading resource: res://.godot/imported/claw-hook.png-658ac30bfb83d5f7eca89426361d584e.ctex.",
    +   "console:    at: _load (core\\io\\resource_loader.cpp:317)",
    +   "console: ERROR: Failed loading resource: res://resources/tools/claw-hook.png.",
    +   "console:    at: _load (core\\io\\resource_loader.cpp:317)",
    +   "console: ERROR: Condition \"img.is_null() || img->is_empty()\" is true. Returning: Ref<Image>()",
    +   "console:    at: load_image_from_file (scene\\resources\\compressed_texture.cpp:343)",
    +   "console: ERROR: Failed loading resource: res://.godot/imported/icon-coin.svg-c93d0f43093edde5eb300f03d7a12239.ctex.",
    +   "console:    at: _load (core\\io\\resource_loader.cpp:317)",
    +   "console: ERROR: Failed loading resource: res://resources/ui/icon-coin.svg.",
    +   "console:    at: _load (core\\io\\resource_loader.cpp:317)",
    +   "console: ERROR: Condition \"img.is_null() || img->is_empty()\" is true. Returning: Ref<Image>()",
    +   "console:    at: load_image_from_file (scene\\resources\\compressed_texture.cpp:343)",
    +   "console: ERROR: Failed loading resource: res://.godot/imported/icon-clock.svg-6546705e8cf8393b8ea9021e02292a05.ctex.",
    +   "console:    at: _load (core\\io\\resource_loader.cpp:317)",
    +   "console: ERROR: Failed loading resource: res://resources/ui/icon-clock.svg.",
    +   "console:    at: _load (core\\io\\resource_loader.cpp:317)",
    +   "console: ERROR: Catchable has an invalid definition: BlueSmall",
    +   "console:    at: push_error (core\\variant\\variant_utility.cpp:1023)",
    +   "console: ERROR: Catchable has an invalid definition: GreenScrap",
    +   "console:    at: push_error (core\\variant\\variant_utility.cpp:1023)",
    +   "console: ERROR: Catchable has an invalid definition: YellowStriped",
    +   "console:    at: push_error (core\\variant\\variant_utility.cpp:1023)",
    +   "console: ERROR: Catchable has an invalid definition: Crab",
    +   "console:    at: push_error (core\\variant\\variant_utility.cpp:1023)",
    +   "console: ERROR: Catchable has an invalid definition: Jellyfish",
    +   "console:    at: push_error (core\\variant\\variant_utility.cpp:1023)",
    +   "console: ERROR: Catchable has an invalid definition: OldBoot",
    +   "console:    at: push_error (core\\variant\\variant_utility.cpp:1023)",
    +   "console: ERROR: Catchable has an invalid definition: TinCan",
    +   "console:    at: push_error (core\\variant\\variant_utility.cpp:1023)",
    +   "console: ERROR: PowerupPickup has an invalid definition: SpeedReel",
    +   "console:    at: push_error (core\\variant\\variant_utility.cpp:1023)",
    +   "console: ERROR: Catchable has an invalid definition: PurpleGiant",
    +   "console:    at: push_error (core\\variant\\variant_utility.cpp:1023)",
    +   "console: ERROR: Catchable has an invalid definition: PearlShell",
    +   "console:    at: push_error (core\\variant\\variant_utility.cpp:1023)",
    +   "console: ERROR: Catchable has an invalid definition: Tire",
    +   "console:    at: push_error (core\\variant\\variant_utility.cpp:1023)",
    +   "console: ERROR: Catchable has an invalid definition: Pufferfish",
    +   "console:    at: push_error (core\\variant\\variant_utility.cpp:1023)",
    +   "console: ERROR: Catchable has an invalid definition: Seahorse",
    +   "console:    at: push_error (core\\variant\\variant_utility.cpp:1023)",
    +   "console: ERROR: PowerupPickup has an invalid definition: GiantHook",
    +   "console:    at: push_error (core\\variant\\variant_utility.cpp:1023)",
    +   "console: ERROR: Catchable has an invalid definition: OrangeRare",
    +   "console:    at: push_error (core\\variant\\variant_utility.cpp:1023)",
    +   "console: ERROR: Catchable has an invalid definition: TreasureChest",
    +   "console:    at: push_error (core\\variant\\variant_utility.cpp:1023)",
    +   "console: ERROR: Catchable has an invalid definition: Squid",
    +   "console:    at: push_error (core\\variant\\variant_utility.cpp:1023)",
    +   "console: ERROR: Catchable has an invalid definition: SeaTurtle",
    +   "console:    at: push_error (core\\variant\\variant_utility.cpp:1023)",
    +   "console: ERROR: PowerupPickup has an invalid definition: FreezeCrystal",
    +   "console:    at: push_error (core\\variant\\variant_utility.cpp:1023)",
    +   "console: SCRIPT ERROR: Parse Error: Cannot infer the type of \"camera\" variable because the value doesn't have a set type.",
    +   "console:    at: GDScript::reload (res://addons/godotiq/godotiq_runtime.gd:463)",
    +   "console: SCRIPT ERROR: Parse Error: Cannot infer the type of \"screen_pos\" variable because the value doesn't have a set type.",
    +   "console:    at: GDScript::reload (res://addons/godotiq/godotiq_runtime.gd:468)",
    +   "console: SCRIPT ERROR: Parse Error: Cannot infer the type of \"world\" variable because the value doesn't have a set type.",
    +   "console:    at: GDScript::reload (res://addons/godotiq/godotiq_runtime.gd:944)",
    +   "console: SCRIPT ERROR: Parse Error: Could not find type \"Node3D\" in the current scope.",
    +   "console:    at: GDScript::reload (res://addons/godotiq/godotiq_runtime.gd:958)",
    +   "console: SCRIPT ERROR: Parse Error: Could not find type \"Node3D\" in the current scope.",
    +   "console:    at: GDScript::reload (res://addons/godotiq/godotiq_runtime.gd:963)",
    +   "console: SCRIPT ERROR: Parse Error: Could not find type \"Node3D\" in the current scope.",
    +   "console:    at: GDScript::reload (res://addons/godotiq/godotiq_runtime.gd:972)",
    +   "console: SCRIPT ERROR: Parse Error: Could not find type \"Node3D\" in the current scope.",
    +   "console:    at: GDScript::reload (res://addons/godotiq/godotiq_runtime.gd:977)",
    +   "console: SCRIPT ERROR: Parse Error: Identifier \"NavigationServer3D\" not declared in the current scope.",
    +   "console:    at: GDScript::reload (res://addons/godotiq/godotiq_runtime.gd:984)",
    +   "console: SCRIPT ERROR: Parse Error: Cannot infer the type of \"closest_from\" variable because the value doesn't have a set type.",
    +   "console:    at: GDScript::reload (res://addons/godotiq/godotiq_runtime.gd:984)",
    +   "console: SCRIPT ERROR: Parse Error: Identifier \"NavigationServer3D\" not declared in the current scope.",
    +   "console:    at: GDScript::reload (res://addons/godotiq/godotiq_runtime.gd:985)",
    +   "console: SCRIPT ERROR: Parse Error: Cannot infer the type of \"closest_to\" variable because the value doesn't have a set type.",
    +   "console:    at: GDScript::reload (res://addons/godotiq/godotiq_runtime.gd:985)",
    +   "console: SCRIPT ERROR: Parse Error: Identifier \"NavigationServer3D\" not declared in the current scope.",
    +   "console:    at: GDScript::reload (res://addons/godotiq/godotiq_runtime.gd:991)",
    +   "console: SCRIPT ERROR: Parse Error: Could not find type \"RichTextLabel\" in the current scope.",
    +   "console:    at: GDScript::reload (res://addons/godotiq/godotiq_runtime.gd:1268)",
    +   "console: SCRIPT ERROR: Parse Error: Could not find type \"RichTextLabel\" in the current scope.",
    +   "console:    at: GDScript::reload (res://addons/godotiq/godotiq_runtime.gd:1269)",
    +   "console: SCRIPT ERROR: Parse Error: Could not find type \"TextEdit\" in the current scope.",
    +   "console:    at: GDScript::reload (res://addons/godotiq/godotiq_runtime.gd:1274)",
    +   "console: SCRIPT ERROR: Parse Error: Could not find type \"TextEdit\" in the current scope.",
    +   "console:    at: GDScript::reload (res://addons/godotiq/godotiq_runtime.gd:1275)",
    +   "console: SCRIPT ERROR: Parse Error: Could not find type \"SpinBox\" in the current scope.",
    +   "console:    at: GDScript::reload (res://addons/godotiq/godotiq_runtime.gd:1281)",
    +   "console: SCRIPT ERROR: Parse Error: Could not find type \"SpinBox\" in the current scope.",
    +   "console:    at: GDScript::reload (res://addons/godotiq/godotiq_runtime.gd:1283)",
    +   "console: SCRIPT ERROR: Parse Error: Could not find type \"Camera3D\" in the current scope.",
    +   "console:    at: GDScript::reload (res://addons/godotiq/godotiq_runtime.gd:1383)",
    +   "console: SCRIPT ERROR: Parse Error: Identifier \"Camera3D\" not declared in the current scope.",
    +   "console:    at: GDScript::reload (res://addons/godotiq/godotiq_runtime.gd:1389)",
    +   "console: SCRIPT ERROR: Parse Error: Cannot infer the type of \"drone\" variable because the value doesn't have a set type.",
    +   "console:    at: GDScript::reload (res://addons/godotiq/godotiq_runtime.gd:1389)",
    +   "console: SCRIPT ERROR: Parse Error: Could not find type \"Camera3D\" in the current scope.",
    +   "console:    at: GDScript::reload (res://addons/godotiq/godotiq_runtime.gd:1447)",
    +   "console: SCRIPT ERROR: Parse Error: Could not find type \"Node3D\" in the current scope.",
    +   "console:    at: GDScript::reload (res://addons/godotiq/godotiq_runtime.gd:1525)",
    +   "console: ERROR: Failed to load script \"res://addons/godotiq/godotiq_runtime.gd\" with error \"Parse error\".",
    +   "console:    at: load (modules\\gdscript\\gdscript_resource_format.cpp:46)",
    +   "console: ERROR: Failed to instantiate an autoload, script 'res://addons/godotiq/godotiq_runtime.gd' does not inherit from 'Node'.",
    +   "console:    at: start (main\\main.cpp:4535)",
    +   "console: ERROR: Condition \"img.is_null() || img->is_empty()\" is true. Returning: Ref<Image>()",
    +   "console:    at: load_image_from_file (scene\\resources\\compressed_texture.cpp:343)",
    +   "console: ERROR: Failed loading resource: res://.godot/imported/ocean-background.png-2a45ccb46859053b8f01bbc11fd6a736.ctex.",
    +   "console:    at: _load (core\\io\\resource_loader.cpp:317)",
    +   "console: ERROR: Failed loading resource: res://resources/environment/ocean-background.png.",
    +   "console:    at: _load (core\\io\\resource_loader.cpp:317)",
    +   "console: ERROR: Condition \"img.is_null() || img->is_empty()\" is true. Returning: Ref<Image>()",
    +   "console:    at: load_image_from_file (scene\\resources\\compressed_texture.cpp:343)",
    +   "console: ERROR: Failed loading resource: res://.godot/imported/cloud-03-large-center.png-23e9b0f50f26c0e4ccb7ec3994e89e45.ctex.",
    +   "console:    at: _load (core\\io\\resource_loader.cpp:317)",
    +   "console: ERROR: Failed loading resource: res://resources/environment_sliced/clouds/cloud-03-large-center.png.",
    +   "console:    at: _load (core\\io\\resource_loader.cpp:317)",
    +   "console: ERROR: Condition \"img.is_null() || img->is_empty()\" is true. Returning: Ref<Image>()",
    +   "console:    at: load_image_from_file (scene\\resources\\compressed_texture.cpp:343)",
    +   "console: ERROR: Failed loading resource: res://.godot/imported/lighthouse-island.png-b3bf27c0debb00384efdb040f2be3868.ctex.",
    +   "console:    at: _load (core\\io\\resource_loader.cpp:317)",
    +   "console: ERROR: Failed loading resource: res://resources/environment_sliced/island/lighthouse-island.png.",
    +   "console:    at: _load (core\\io\\resource_loader.cpp:317)",
    +   "console: ERROR: Condition \"img.is_null() || img->is_empty()\" is true. Returning: Ref<Image>()",
    +   "console:    at: load_image_from_file (scene\\resources\\compressed_texture.cpp:343)",
    +   "console: ERROR: Failed loading resource: res://.godot/imported/seabed-decoration.png-f0d4b69ace78ba4676e9477aac2cf5b4.ctex.",
    +   "console:    at: _load (core\\io\\resource_loader.cpp:317)",
    +   "console: ERROR: Failed loading resource: res://resources/environment/seabed-decoration.png.",
    +   "console:    at: _load (core\\io\\resource_loader.cpp:317)",
    +   "console: ERROR: Condition \"img.is_null() || img->is_empty()\" is true. Returning: Ref<Image>()",
    +   "console:    at: load_image_from_file (scene\\resources\\compressed_texture.cpp:343)",
    +   "console: ERROR: Failed loading resource: res://.godot/imported/surface-wave-strip.png-8263ffc31adf7bb182c47f2703cc9232.ctex.",
    +   "console:    at: _load (core\\io\\resource_loader.cpp:317)",
    +   "console: ERROR: Failed loading resource: res://resources/environment/surface-wave-strip.png.",
    +   "console:    at: _load (core\\io\\resource_loader.cpp:317)",
    +   "console: ERROR: Condition \"img.is_null() || img->is_empty()\" is true. Returning: Ref<Image>()",
    +   "console:    at: load_image_from_file (scene\\resources\\compressed_texture.cpp:343)",
    +   "console: ERROR: Failed loading resource: res://.godot/imported/boat_body.png-a44818dd24af39bc0deb40c36aac93e6.ctex.",
    +   "console:    at: _load (core\\io\\resource_loader.cpp:317)",
    +   "console: ERROR: Failed loading resource: res://resources/characters/boat_body.png.",
    +   "console:    at: _load (core\\io\\resource_loader.cpp:317)",
    +   "console: ERROR: Condition \"img.is_null() || img->is_empty()\" is true. Returning: Ref<Image>()",
    +   "console:    at: load_image_from_file (scene\\resources\\compressed_texture.cpp:343)",
    +   "console: ERROR: Failed loading resource: res://.godot/imported/boy_head.png-1ace9c3ae029aca0706dd42ca966152d.ctex.",
    +   "console:    at: _load (core\\io\\resource_loader.cpp:317)",
    +   "console: ERROR: Failed loading resource: res://resources/characters/boy_head.png.",
    +   "console:    at: _load (core\\io\\resource_loader.cpp:317)",
    +   "console: ERROR: Condition \"img.is_null() || img->is_empty()\" is true. Returning: Ref<Image>()",
    +   "console:    at: load_image_from_file (scene\\resources\\compressed_texture.cpp:343)",
    +   "console: ERROR: Failed loading resource: res://.godot/imported/girl_head.png-e2bbf8e3c7c5f8647fccc7c28d70452e.ctex.",
    +   "console:    at: _load (core\\io\\resource_loader.cpp:317)",
    +   "console: ERROR: Failed loading resource: res://resources/characters/girl_head.png.",
    +   "console:    at: _load (core\\io\\resource_loader.cpp:317)",
    +   "console: ERROR: Condition \"img.is_null() || img->is_empty()\" is true. Returning: Ref<Image>()",
    +   "console:    at: load_image_from_file (scene\\resources\\compressed_texture.cpp:343)",
    +   "console: ERROR: Failed loading resource: res://.godot/imported/blue-small-swim.png-108bfc0cf186a41df4ad87f6f014e3a5.ctex.",
    +   "console:    at: _load (core\\io\\resource_loader.cpp:317)",
    +   "console: ERROR: Failed loading resource: res://resources/fish/blue-small-swim.png.",
    +   "console:    at: _load (core\\io\\resource_loader.cpp:317)",
    +   "console: ERROR: Condition \"img.is_null() || img->is_empty()\" is true. Returning: Ref<Image>()",
    +   "console:    at: load_image_from_file (scene\\resources\\compressed_texture.cpp:343)",
    +   "console: ERROR: Failed loading resource: res://.godot/imported/blue-small-caught.png-50a2af6503b08e32bb30bed5b533ea4d.ctex.",
    +   "console:    at: _load (core\\io\\resource_loader.cpp:317)",
    +   "console: ERROR: Failed loading resource: res://resources/fish/blue-small-caught.png.",
    +   "console:    at: _load (core\\io\\resource_loader.cpp:317)",
    +   "console: ERROR: Condition \"img.is_null() || img->is_empty()\" is true. Returning: Ref<Image>()",
    +   "console:    at: load_image_from_file (scene\\resources\\compressed_texture.cpp:343)",
    +   "console: ERROR: Failed loading resource: res://.godot/imported/green-scrap-swim.png-ea4b871e4dc5a9c0a1b85b615e88e4a2.ctex.",
    +   "console:    at: _load (core\\io\\resource_loader.cpp:317)",
    +   "console: ERROR: Failed loading resource: res://resources/fish/green-scrap-swim.png.",
    +   "console:    at: _load (core\\io\\resource_loader.cpp:317)",
    +   "console: ERROR: Condition \"img.is_null() || img->is_empty()\" is true. Returning: Ref<Image>()",
    +   "console:    at: load_image_from_file (scene\\resources\\compressed_texture.cpp:343)",
    +   "console: ERROR: Failed loading resource: res://.godot/imported/green-scrap-caught.png-3e77a518be6ae73c7aefba624c602a65.ctex.",
    +   "console:    at: _load (core\\io\\resource_loader.cpp:317)",
    +   "console: ERROR: Failed loading resource: res://resources/fish/green-scrap-caught.png.",
    +   "console:    at: _load (core\\io\\resource_loader.cpp:317)",
    +   "console: ERROR: Condition \"img.is_null() || img->is_empty()\" is true. Returning: Ref<Image>()",
    +   "console:    at: load_image_from_file (scene\\resources\\compressed_texture.cpp:343)",
    +   "console: ERROR: Failed loading resource: res://.godot/imported/yellow-striped-swim.png-2ed02746ea87c33e1eba940383d8cc49.ctex.",
    +   "console:    at: _load (core\\io\\resource_loader.cpp:317)",
    +   "console: ERROR: Failed loading resource: res://resources/fish/yellow-striped-swim.png.",
    +   "console:    at: _load (core\\io\\resource_loader.cpp:317)",
    +   "console: ERROR: Condition \"img.is_null() || img->is_empty()\" is true. Returning: Ref<Image>()",
    +   "console:    at: load_image_from_file (scene\\resources\\compressed_texture.cpp:343)",
    +   "console: ERROR: Failed loading resource: res://.godot/imported/yellow-striped-caught.png-9be6116b1904b3e231806f4c62136729.ctex.",
    +   "console:    at: _load (core\\io\\resource_loader.cpp:317)",
    +   "console: ERROR: Failed loading resource: res://resources/fish/yellow-striped-caught.png.",
    +   "console:    at: _load (core\\io\\resource_loader.cpp:317)",
    +   "console: ERROR: Condition \"img.is_null() || img->is_empty()\" is true. Returning: Ref<Image>()",
    +   "console:    at: load_image_from_file (scene\\resources\\compressed_texture.cpp:343)",
    +   "console: ERROR: Failed loading resource: res://.godot/imported/crab.png-2d22402a2bcc28e5d37f3445427315c8.ctex.",
    +   "console:    at: _load (core\\io\\resource_loader.cpp:317)",
    +   "console: ERROR: Failed loading resource: res://resources/creatures/crab.png.",
    +   "console:    at: _load (core\\io\\resource_loader.cpp:317)",
    +   "console: ERROR: Condition \"img.is_null() || img->is_empty()\" is true. Returning: Ref<Image>()",
    +   "console:    at: load_image_from_file (scene\\resources\\compressed_texture.cpp:343)",
    +   "console: ERROR: Failed loading resource: res://.godot/imported/jellyfish.png-97f7a9ea8459531aa3483f4c014a16d2.ctex.",
    +   "console:    at: _load (core\\io\\resource_loader.cpp:317)",
    +   "console: ERROR: Failed loading resource: res://resources/creatures/jellyfish.png.",
    +   "console:    at: _load (core\\io\\resource_loader.cpp:317)",
    +   "console: ERROR: Condition \"img.is_null() || img->is_empty()\" is true. Returning: Ref<Image>()",
    +   "console:    at: load_image_from_file (scene\\resources\\compressed_texture.cpp:343)",
    +   "console: ERROR: Failed loading resource: res://.godot/imported/old-boot.png-660b38fd139cb277d9b5187fd80f9adb.ctex.",
    +   "console:    at: _load (core\\io\\resource_loader.cpp:317)",
    +   "console: ERROR: Failed loading resource: res://resources/pickups/old-boot.png.",
    +   "console:    at: _load (core\\io\\resource_loader.cpp:317)",
    +   "console: ERROR: Condition \"img.is_null() || img->is_empty()\" is true. Returning: Ref<Image>()",
    +   "console:    at: load_image_from_file (scene\\resources\\compressed_texture.cpp:343)",
    +   "console: ERROR: Failed loading resource: res://.godot/imported/tin-can.png-8d501993c9c3d420539166a37bf87a0b.ctex.",
    +   "console:    at: _load (core\\io\\resource_loader.cpp:317)",
    +   "console: ERROR: Failed loading resource: res://resources/pickups/tin-can.png.",
    +   "console:    at: _load (core\\io\\resource_loader.cpp:317)",
    +   "console: ERROR: Condition \"img.is_null() || img->is_empty()\" is true. Returning: Ref<Image>()",
    +   "console:    at: load_image_from_file (scene\\resources\\compressed_texture.cpp:343)",
    +   "console: ERROR: Failed loading resource: res://.godot/imported/speed-reel.png-2f472c4ec1f16e54e1a959c42a50cb7a.ctex.",
    +   "console:    at: _load (core\\io\\resource_loader.cpp:317)",
    +   "console: ERROR: Failed loading resource: res://resources/powerups/speed-reel.png.",
    +   "console:    at: _load (core\\io\\resource_loader.cpp:317)",
    +   "console: ERROR: Condition \"img.is_null() || img->is_empty()\" is true. Returning: Ref<Image>()",
    +   "console:    at: load_image_from_file (scene\\resources\\compressed_texture.cpp:343)",
    +   "console: ERROR: Failed loading resource: res://.godot/imported/purple-giant-swim.png-e3dd90ee30cb0648ab2f98b60c55b957.ctex.",
    +   "console:    at: _load (core\\io\\resource_loader.cpp:317)",
    +   "console: ERROR: Failed loading resource: res://resources/fish/purple-giant-swim.png.",
    +   "console:    at: _load (core\\io\\resource_loader.cpp:317)",
    +   "console: ERROR: Condition \"img.is_null() || img->is_empty()\" is true. Returning: Ref<Image>()",
    +   "console:    at: load_image_from_file (scene\\resources\\compressed_texture.cpp:343)",
    +   "console: ERROR: Failed loading resource: res://.godot/imported/purple-giant-caught.png-0f269105a0618c79cfa42845560912cd.ctex.",
    +   "console:    at: _load (core\\io\\resource_loader.cpp:317)",
    +   "console: ERROR: Failed loading resource: res://resources/fish/purple-giant-caught.png.",
    +   "console:    at: _load (core\\io\\resource_loader.cpp:317)",
    +   "console: ERROR: Condition \"img.is_null() || img->is_empty()\" is true. Returning: Ref<Image>()",
    +   "console:    at: load_image_from_file (scene\\resources\\compressed_texture.cpp:343)",
    +   "console: ERROR: Failed loading resource: res://.godot/imported/pearl-shell.png-407d7aad2fb7af8d4007c646d8d1cf2e.ctex.",
    +   "console:    at: _load (core\\io\\resource_loader.cpp:317)",
    +   "console: ERROR: Failed loading resource: res://resources/pickups/pearl-shell.png.",
    +   "console:    at: _load (core\\io\\resource_loader.cpp:317)",
    +   "console: ERROR: Condition \"img.is_null() || img->is_empty()\" is true. Returning: Ref<Image>()",
    +   "console:    at: load_image_from_file (scene\\resources\\compressed_texture.cpp:343)",
    +   "console: ERROR: Failed loading resource: res://.godot/imported/tire.png-c26f578583a32f1a9c1c9f2acdbd0330.ctex.",
    +   "console:    at: _load (core\\io\\resource_loader.cpp:317)",
    +   "console: ERROR: Failed loading resource: res://resources/pickups/tire.png.",
    +   "console:    at: _load (core\\io\\resource_loader.cpp:317)",
    +   "console: ERROR: Condition \"img.is_null() || img->is_empty()\" is true. Returning: Ref<Image>()",
    +   "console:    at: load_image_from_file (scene\\resources\\compressed_texture.cpp:343)",
    +   "console: ERROR: Failed loading resource: res://.godot/imported/pufferfish-swim.png-d59415bc822be0d9ac451420e3c1fe52.ctex.",
    +   "console:    at: _load (core\\io\\resource_loader.cpp:317)",
    +   "console: ERROR: Failed loading resource: res://resources/fish/pufferfish-swim.png.",
    +   "console:    at: _load (core\\io\\resource_loader.cpp:317)",
    +   "console: ERROR: Condition \"img.is_null() || img->is_empty()\" is true. Returning: Ref<Image>()",
    +   "console:    at: load_image_from_file (scene\\resources\\compressed_texture.cpp:343)",
    +   "console: ERROR: Failed loading resource: res://.godot/imported/pufferfish-caught.png-eef9d991bdc95cdd13e86710a435cf5a.ctex.",
    +   "console:    at: _load (core\\io\\resource_loader.cpp:317)",
    +   "console: ERROR: Failed loading resource: res://resources/fish/pufferfish-caught.png.",
    +   "console:    at: _load (core\\io\\resource_loader.cpp:317)",
    +   "console: ERROR: Condition \"img.is_null() || img->is_empty()\" is true. Returning: Ref<Image>()",
    +   "console:    at: load_image_from_file (scene\\resources\\compressed_texture.cpp:343)",
    +   "console: ERROR: Failed loading resource: res://.godot/imported/seahorse-swim.png-6094f29e7fa01e7637da16a8ff41e04e.ctex.",
    +   "console:    at: _load (core\\io\\resource_loader.cpp:317)",
    +   "console: ERROR: Failed loading resource: res://resources/fish/seahorse-swim.png.",
    +   "console:    at: _load (core\\io\\resource_loader.cpp:317)",
    +   "console: ERROR: Condition \"img.is_null() || img->is_empty()\" is true. Returning: Ref<Image>()",
    +   "console:    at: load_image_from_file (scene\\resources\\compressed_texture.cpp:343)",
    +   "console: ERROR: Failed loading resource: res://.godot/imported/seahorse-caught.png-86468c76bbe455c12927574e8ecba89e.ctex.",
    +   "console:    at: _load (core\\io\\resource_loader.cpp:317)",
    +   "console: ERROR: Failed loading resource: res://resources/fish/seahorse-caught.png.",
    +   "console:    at: _load (core\\io\\resource_loader.cpp:317)",
    +   "console: ERROR: Condition \"img.is_null() || img->is_empty()\" is true. Returning: Ref<Image>()",
    +   "console:    at: load_image_from_file (scene\\resources\\compressed_texture.cpp:343)",
    +   "console: ERROR: Failed loading resource: res://.godot/imported/giant-hook.png-432a27d8fb2c10fc479a296094ea71f1.ctex.",
    +   "console:    at: _load (core\\io\\resource_loader.cpp:317)",
    +   "console: ERROR: Failed loading resource: res://resources/powerups/giant-hook.png.",
    +   "console:    at: _load (core\\io\\resource_loader.cpp:317)",
    +   "console: ERROR: Condition \"img.is_null() || img->is_empty()\" is true. Returning: Ref<Image>()",
    +   "console:    at: load_image_from_file (scene\\resources\\compressed_texture.cpp:343)",
    +   "console: ERROR: Failed loading resource: res://.godot/imported/orange-rare-swim.png-0fc04f7531799bde76aea21d0a2d219a.ctex.",
    +   "console:    at: _load (core\\io\\resource_loader.cpp:317)",
    +   "console: ERROR: Failed loading resource: res://resources/fish/orange-rare-swim.png.",
    +   "console:    at: _load (core\\io\\resource_loader.cpp:317)",
    +   "console: ERROR: Condition \"img.is_null() || img->is_empty()\" is true. Returning: Ref<Image>()",
    +   "console:    at: load_image_from_file (scene\\resources\\compressed_texture.cpp:343)",
    +   "console: ERROR: Failed loading resource: res://.godot/imported/orange-rare-caught.png-045946cc4077fe9ef0c9a9a80028eabe.ctex.",
    +   "console:    at: _load (core\\io\\resource_loader.cpp:317)",
    +   "console: ERROR: Failed loading resource: res://resources/fish/orange-rare-caught.png.",
    +   "console:    at: _load (core\\io\\resource_loader.cpp:317)",
    +   "console: ERROR: Condition \"img.is_null() || img->is_empty()\" is true. Returning: Ref<Image>()",
    +   "console:    at: load_image_from_file (scene\\resources\\compressed_texture.cpp:343)",
    +   "console: ERROR: Failed loading resource: res://.godot/imported/treasure-chest.png-626816cb3e5027ec058c0dc07a253720.ctex.",
    +   "console:    at: _load (core\\io\\resource_loader.cpp:317)",
    +   "console: ERROR: Failed loading resource: res://resources/pickups/treasure-chest.png.",
    +   "console:    at: _load (core\\io\\resource_loader.cpp:317)",
    +   "console: ERROR: Condition \"img.is_null() || img->is_empty()\" is true. Returning: Ref<Image>()",
    +   "console:    at: load_image_from_file (scene\\resources\\compressed_texture.cpp:343)",
    +   "console: ERROR: Failed loading resource: res://.godot/imported/squid.png-e137f4fc2ec8cc5ea4cf51465731dffa.ctex.",
    +   "console:    at: _load (core\\io\\resource_loader.cpp:317)",
    +   "console: ERROR: Failed loading resource: res://resources/creatures/squid.png.",
    +   "console:    at: _load (core\\io\\resource_loader.cpp:317)",
    +   "console: ERROR: Condition \"img.is_null() || img->is_empty()\" is true. Returning: Ref<Image>()",
    +   "console:    at: load_image_from_file (scene\\resources\\compressed_texture.cpp:343)",
    +   "console: ERROR: Failed loading resource: res://.godot/imported/sea-turtle.png-bb400f5204b9e372d7f963ad2ea866bf.ctex.",
    +   "console:    at: _load (core\\io\\resource_loader.cpp:317)",
    +   "console: ERROR: Failed loading resource: res://resources/creatures/sea-turtle.png.",
    +   "console:    at: _load (core\\io\\resource_loader.cpp:317)",
    +   "console: ERROR: Condition \"img.is_null() || img->is_empty()\" is true. Returning: Ref<Image>()",
    +   "console:    at: load_image_from_file (scene\\resources\\compressed_texture.cpp:343)",
    +   "console: ERROR: Failed loading resource: res://.godot/imported/freeze-crystal.png-f0f65d0466d2bd680a00a4a62f02a2e8.ctex.",
    +   "console:    at: _load (core\\io\\resource_loader.cpp:317)",
    +   "console: ERROR: Failed loading resource: res://resources/powerups/freeze-crystal.png.",
    +   "console:    at: _load (core\\io\\resource_loader.cpp:317)",
    +   "console: ERROR: Condition \"img.is_null() || img->is_empty()\" is true. Returning: Ref<Image>()",
    +   "console:    at: load_image_from_file (scene\\resources\\compressed_texture.cpp:343)",
    +   "console: ERROR: Failed loading resource: res://.godot/imported/claw-hook.png-658ac30bfb83d5f7eca89426361d584e.ctex.",
    +   "console:    at: _load (core\\io\\resource_loader.cpp:317)",
    +   "console: ERROR: Failed loading resource: res://resources/tools/claw-hook.png.",
    +   "console:    at: _load (core\\io\\resource_loader.cpp:317)",
    +   "console: ERROR: Condition \"img.is_null() || img->is_empty()\" is true. Returning: Ref<Image>()",
    +   "console:    at: load_image_from_file (scene\\resources\\compressed_texture.cpp:343)",
    +   "console: ERROR: Failed loading resource: res://.godot/imported/icon-coin.svg-c93d0f43093edde5eb300f03d7a12239.ctex.",
    +   "console:    at: _load (core\\io\\resource_loader.cpp:317)",
    +   "console: ERROR: Failed loading resource: res://resources/ui/icon-coin.svg.",
    +   "console:    at: _load (core\\io\\resource_loader.cpp:317)",
    +   "console: ERROR: Condition \"img.is_null() || img->is_empty()\" is true. Returning: Ref<Image>()",
    +   "console:    at: load_image_from_file (scene\\resources\\compressed_texture.cpp:343)",
    +   "console: ERROR: Failed loading resource: res://.godot/imported/icon-clock.svg-6546705e8cf8393b8ea9021e02292a05.ctex.",
    +   "console:    at: _load (core\\io\\resource_loader.cpp:317)",
    +   "console: ERROR: Failed loading resource: res://resources/ui/icon-clock.svg.",
    +   "console:    at: _load (core\\io\\resource_loader.cpp:317)",
    +   "console: ERROR: Catchable has an invalid definition: BlueSmall",
    +   "console:    at: push_error (core\\variant\\variant_utility.cpp:1023)",
    +   "console: ERROR: Catchable has an invalid definition: GreenScrap",
    +   "console:    at: push_error (core\\variant\\variant_utility.cpp:1023)",
    +   "console: ERROR: Catchable has an invalid definition: YellowStriped",
    +   "console:    at: push_error (core\\variant\\variant_utility.cpp:1023)",
    +   "console: ERROR: Catchable has an invalid definition: Crab",
    +   "console:    at: push_error (core\\variant\\variant_utility.cpp:1023)",
    +   "console: ERROR: Catchable has an invalid definition: Jellyfish",
    +   "console:    at: push_error (core\\variant\\variant_utility.cpp:1023)",
    +   "console: ERROR: Catchable has an invalid definition: OldBoot",
    +   "console:    at: push_error (core\\variant\\variant_utility.cpp:1023)",
    +   "console: ERROR: Catchable has an invalid definition: TinCan",
    +   "console:    at: push_error (core\\variant\\variant_utility.cpp:1023)",
    +   "console: ERROR: PowerupPickup has an invalid definition: SpeedReel",
    +   "console:    at: push_error (core\\variant\\variant_utility.cpp:1023)",
    +   "console: ERROR: Catchable has an invalid definition: PurpleGiant",
    +   "console:    at: push_error (core\\variant\\variant_utility.cpp:1023)",
    +   "console: ERROR: Catchable has an invalid definition: PearlShell",
    +   "console:    at: push_error (core\\variant\\variant_utility.cpp:1023)",
    +   "console: ERROR: Catchable has an invalid definition: Tire",
    +   "console:    at: push_error (core\\variant\\variant_utility.cpp:1023)",
    +   "console: ERROR: Catchable has an invalid definition: Pufferfish",
    +   "console:    at: push_error (core\\variant\\variant_utility.cpp:1023)",
    +   "console: ERROR: Catchable has an invalid definition: Seahorse",
    +   "console:    at: push_error (core\\variant\\variant_utility.cpp:1023)",
    +   "console: ERROR: PowerupPickup has an invalid definition: GiantHook",
    +   "console:    at: push_error (core\\variant\\variant_utility.cpp:1023)",
    +   "console: ERROR: Catchable has an invalid definition: OrangeRare",
    +   "console:    at: push_error (core\\variant\\variant_utility.cpp:1023)",
    +   "console: ERROR: Catchable has an invalid definition: TreasureChest",
    +   "console:    at: push_error (core\\variant\\variant_utility.cpp:1023)",
    +   "console: ERROR: Catchable has an invalid definition: Squid",
    +   "console:    at: push_error (core\\variant\\variant_utility.cpp:1023)",
    +   "console: ERROR: Catchable has an invalid definition: SeaTurtle",
    +   "console:    at: push_error (core\\variant\\variant_utility.cpp:1023)",
    +   "console: ERROR: PowerupPickup has an invalid definition: FreezeCrystal",
    +   "console:    at: push_error (core\\variant\\variant_utility.cpp:1023)",
    +   "console: SCRIPT ERROR: Parse Error: Cannot infer the type of \"camera\" variable because the value doesn't have a set type.",
    +   "console:    at: GDScript::reload (res://addons/godotiq/godotiq_runtime.gd:463)",
    +   "console: SCRIPT ERROR: Parse Error: Cannot infer the type of \"screen_pos\" variable because the value doesn't have a set type.",
    +   "console:    at: GDScript::reload (res://addons/godotiq/godotiq_runtime.gd:468)",
    +   "console: SCRIPT ERROR: Parse Error: Cannot infer the type of \"world\" variable because the value doesn't have a set type.",
    +   "console:    at: GDScript::reload (res://addons/godotiq/godotiq_runtime.gd:944)",
    +   "console: SCRIPT ERROR: Parse Error: Could not find type \"Node3D\" in the current scope.",
    +   "console:    at: GDScript::reload (res://addons/godotiq/godotiq_runtime.gd:958)",
    +   "console: SCRIPT ERROR: Parse Error: Could not find type \"Node3D\" in the current scope.",
    +   "console:    at: GDScript::reload (res://addons/godotiq/godotiq_runtime.gd:963)",
    +   "console: SCRIPT ERROR: Parse Error: Could not find type \"Node3D\" in the current scope.",
    +   "console:    at: GDScript::reload (res://addons/godotiq/godotiq_runtime.gd:972)",
    +   "console: SCRIPT ERROR: Parse Error: Could not find type \"Node3D\" in the current scope.",
    +   "console:    at: GDScript::reload (res://addons/godotiq/godotiq_runtime.gd:977)",
    +   "console: SCRIPT ERROR: Parse Error: Identifier \"NavigationServer3D\" not declared in the current scope.",
    +   "console:    at: GDScript::reload (res://addons/godotiq/godotiq_runtime.gd:984)",
    +   "console: SCRIPT ERROR: Parse Error: Cannot infer the type of \"closest_from\" variable because the value doesn't have a set type.",
    +   "console:    at: GDScript::reload (res://addons/godotiq/godotiq_runtime.gd:984)",
    +   "console: SCRIPT ERROR: Parse Error: Identifier \"NavigationServer3D\" not declared in the current scope.",
    +   "console:    at: GDScript::reload (res://addons/godotiq/godotiq_runtime.gd:985)",
    +   "console: SCRIPT ERROR: Parse Error: Cannot infer the type of \"closest_to\" variable because the value doesn't have a set type.",
    +   "console:    at: GDScript::reload (res://addons/godotiq/godotiq_runtime.gd:985)",
    +   "console: SCRIPT ERROR: Parse Error: Identifier \"NavigationServer3D\" not declared in the current scope.",
    +   "console:    at: GDScript::reload (res://addons/godotiq/godotiq_runtime.gd:991)",
    +   "console: SCRIPT ERROR: Parse Error: Could not find type \"RichTextLabel\" in the current scope.",
    +   "console:    at: GDScript::reload (res://addons/godotiq/godotiq_runtime.gd:1268)",
    +   "console: SCRIPT ERROR: Parse Error: Could not find type \"RichTextLabel\" in the current scope.",
    +   "console:    at: GDScript::reload (res://addons/godotiq/godotiq_runtime.gd:1269)",
    +   "console: SCRIPT ERROR: Parse Error: Could not find type \"TextEdit\" in the current scope.",
    +   "console:    at: GDScript::reload (res://addons/godotiq/godotiq_runtime.gd:1274)",
    +   "console: SCRIPT ERROR: Parse Error: Could not find type \"TextEdit\" in the current scope.",
    +   "console:    at: GDScript::reload (res://addons/godotiq/godotiq_runtime.gd:1275)",
    +   "console: SCRIPT ERROR: Parse Error: Could not find type \"SpinBox\" in the current scope.",
    +   "console:    at: GDScript::reload (res://addons/godotiq/godotiq_runtime.gd:1281)",
    +   "console: SCRIPT ERROR: Parse Error: Could not find type \"SpinBox\" in the current scope.",
    +   "console:    at: GDScript::reload (res://addons/godotiq/godotiq_runtime.gd:1283)",
    +   "console: SCRIPT ERROR: Parse Error: Could not find type \"Camera3D\" in the current scope.",
    +   "console:    at: GDScript::reload (res://addons/godotiq/godotiq_runtime.gd:1383)",
    +   "console: SCRIPT ERROR: Parse Error: Identifier \"Camera3D\" not declared in the current scope.",
    +   "console:    at: GDScript::reload (res://addons/godotiq/godotiq_runtime.gd:1389)",
    +   "console: SCRIPT ERROR: Parse Error: Cannot infer the type of \"drone\" variable because the value doesn't have a set type.",
    +   "console:    at: GDScript::reload (res://addons/godotiq/godotiq_runtime.gd:1389)",
    +   "console: SCRIPT ERROR: Parse Error: Could not find type \"Camera3D\" in the current scope.",
    +   "console:    at: GDScript::reload (res://addons/godotiq/godotiq_runtime.gd:1447)",
    +   "console: SCRIPT ERROR: Parse Error: Could not find type \"Node3D\" in the current scope.",
    +   "console:    at: GDScript::reload (res://addons/godotiq/godotiq_runtime.gd:1525)",
    +   "console: ERROR: Failed to load script \"res://addons/godotiq/godotiq_runtime.gd\" with error \"Parse error\".",
    +   "console:    at: load (modules\\gdscript\\gdscript_resource_format.cpp:46)",
    +   "console: ERROR: Failed to instantiate an autoload, script 'res://addons/godotiq/godotiq_runtime.gd' does not inherit from 'Node'.",
    +   "console:    at: start (main\\main.cpp:4535)",
    +   "console: ERROR: Condition \"img.is_null() || img->is_empty()\" is true. Returning: Ref<Image>()",
    +   "console:    at: load_image_from_file (scene\\resources\\compressed_texture.cpp:343)",
    +   "console: ERROR: Failed loading resource: res://.godot/imported/ocean-background.png-2a45ccb46859053b8f01bbc11fd6a736.ctex.",
    +   "console:    at: _load (core\\io\\resource_loader.cpp:317)",
    +   "console: ERROR: Failed loading resource: res://resources/environment/ocean-background.png.",
    +   "console:    at: _load (core\\io\\resource_loader.cpp:317)",
    +   "console: ERROR: Condition \"img.is_null() || img->is_empty()\" is true. Returning: Ref<Image>()",
    +   "console:    at: load_image_from_file (scene\\resources\\compressed_texture.cpp:343)",
    +   "console: ERROR: Failed loading resource: res://.godot/imported/cloud-03-large-center.png-23e9b0f50f26c0e4ccb7ec3994e89e45.ctex.",
    +   "console:    at: _load (core\\io\\resource_loader.cpp:317)",
    +   "console: ERROR: Failed loading resource: res://resources/environment_sliced/clouds/cloud-03-large-center.png.",
    +   "console:    at: _load (core\\io\\resource_loader.cpp:317)",
    +   "console: ERROR: Condition \"img.is_null() || img->is_empty()\" is true. Returning: Ref<Image>()",
    +   "console:    at: load_image_from_file (scene\\resources\\compressed_texture.cpp:343)",
    +   "console: ERROR: Failed loading resource: res://.godot/imported/lighthouse-island.png-b3bf27c0debb00384efdb040f2be3868.ctex.",
    +   "console:    at: _load (core\\io\\resource_loader.cpp:317)",
    +   "console: ERROR: Failed loading resource: res://resources/environment_sliced/island/lighthouse-island.png.",
    +   "console:    at: _load (core\\io\\resource_loader.cpp:317)",
    +   "console: ERROR: Condition \"img.is_null() || img->is_empty()\" is true. Returning: Ref<Image>()",
    +   "console:    at: load_image_from_file (scene\\resources\\compressed_texture.cpp:343)",
    +   "console: ERROR: Failed loading resource: res://.godot/imported/seabed-decoration.png-f0d4b69ace78ba4676e9477aac2cf5b4.ctex.",
    +   "console:    at: _load (core\\io\\resource_loader.cpp:317)",
    +   "console: ERROR: Failed loading resource: res://resources/environment/seabed-decoration.png.",
    +   "console:    at: _load (core\\io\\resource_loader.cpp:317)",
    +   "console: ERROR: Condition \"img.is_null() || img->is_empty()\" is true. Returning: Ref<Image>()",
    +   "console:    at: load_image_from_file (scene\\resources\\compressed_texture.cpp:343)",
    +   "console: ERROR: Failed loading resource: res://.godot/imported/surface-wave-strip.png-8263ffc31adf7bb182c47f2703cc9232.ctex.",
    +   "console:    at: _load (core\\io\\resource_loader.cpp:317)",
    +   "console: ERROR: Failed loading resource: res://resources/environment/surface-wave-strip.png.",
    +   "console:    at: _load (core\\io\\resource_loader.cpp:317)",
    +   "console: ERROR: Condition \"img.is_null() || img->is_empty()\" is true. Returning: Ref<Image>()",
    +   "console:    at: load_image_from_file (scene\\resources\\compressed_texture.cpp:343)",
    +   "console: ERROR: Failed loading resource: res://.godot/imported/boat_body.png-a44818dd24af39bc0deb40c36aac93e6.ctex.",
    +   "console:    at: _load (core\\io\\resource_loader.cpp:317)",
    +   "console: ERROR: Failed loading resource: res://resources/characters/boat_body.png.",
    +   "console:    at: _load (core\\io\\resource_loader.cpp:317)",
    +   "console: ERROR: Condition \"img.is_null() || img->is_empty()\" is true. Returning: Ref<Image>()",
    +   "console:    at: load_image_from_file (scene\\resources\\compressed_texture.cpp:343)",
    +   "console: ERROR: Failed loading resource: res://.godot/imported/boy_head.png-1ace9c3ae029aca0706dd42ca966152d.ctex.",
    +   "console:    at: _load (core\\io\\resource_loader.cpp:317)",
    +   "console: ERROR: Failed loading resource: res://resources/characters/boy_head.png.",
    +   "console:    at: _load (core\\io\\resource_loader.cpp:317)",
    +   "console: ERROR: Condition \"img.is_null() || img->is_empty()\" is true. Returning: Ref<Image>()",
    +   "console:    at: load_image_from_file (scene\\resources\\compressed_texture.cpp:343)",
    +   "console: ERROR: Failed loading resource: res://.godot/imported/girl_head.png-e2bbf8e3c7c5f8647fccc7c28d70452e.ctex.",
    +   "console:    at: _load (core\\io\\resource_loader.cpp:317)",
    +   "console: ERROR: Failed loading resource: res://resources/characters/girl_head.png.",
    +   "console:    at: _load (core\\io\\resource_loader.cpp:317)",
    +   "console: ERROR: Condition \"img.is_null() || img->is_empty()\" is true. Returning: Ref<Image>()",
    +   "console:    at: load_image_from_file (scene\\resources\\compressed_texture.cpp:343)",
    +   "console: ERROR: Failed loading resource: res://.godot/imported/blue-small-swim.png-108bfc0cf186a41df4ad87f6f014e3a5.ctex.",
    +   "console:    at: _load (core\\io\\resource_loader.cpp:317)",
    +   "console: ERROR: Failed loading resource: res://resources/fish/blue-small-swim.png.",
    +   "console:    at: _load (core\\io\\resource_loader.cpp:317)",
    +   "console: ERROR: Condition \"img.is_null() || img->is_empty()\" is true. Returning: Ref<Image>()",
    +   "console:    at: load_image_from_file (scene\\resources\\compressed_texture.cpp:343)",
    +   "console: ERROR: Failed loading resource: res://.godot/imported/blue-small-caught.png-50a2af6503b08e32bb30bed5b533ea4d.ctex.",
    +   "console:    at: _load (core\\io\\resource_loader.cpp:317)",
    +   "console: ERROR: Failed loading resource: res://resources/fish/blue-small-caught.png.",
    +   "console:    at: _load (core\\io\\resource_loader.cpp:317)",
    +   "console: ERROR: Condition \"img.is_null() || img->is_empty()\" is true. Returning: Ref<Image>()",
    +   "console:    at: load_image_from_file (scene\\resources\\compressed_texture.cpp:343)",
    +   "console: ERROR: Failed loading resource: res://.godot/imported/green-scrap-swim.png-ea4b871e4dc5a9c0a1b85b615e88e4a2.ctex.",
    +   "console:    at: _load (core\\io\\resource_loader.cpp:317)",
    +   "console: ERROR: Failed loading resource: res://resources/fish/green-scrap-swim.png.",
    +   "console:    at: _load (core\\io\\resource_loader.cpp:317)",
    +   "console: ERROR: Condition \"img.is_null() || img->is_empty()\" is true. Returning: Ref<Image>()",
    +   "console:    at: load_image_from_file (scene\\resources\\compressed_texture.cpp:343)",
    +   "console: ERROR: Failed loading resource: res://.godot/imported/green-scrap-caught.png-3e77a518be6ae73c7aefba624c602a65.ctex.",
    +   "console:    at: _load (core\\io\\resource_loader.cpp:317)",
    +   "console: ERROR: Failed loading resource: res://resources/fish/green-scrap-caught.png.",
    +   "console:    at: _load (core\\io\\resource_loader.cpp:317)",
    +   "console: ERROR: Condition \"img.is_null() || img->is_empty()\" is true. Returning: Ref<Image>()",
    +   "console:    at: load_image_from_file (scene\\resources\\compressed_texture.cpp:343)",
    +   "console: ERROR: Failed loading resource: res://.godot/imported/yellow-striped-swim.png-2ed02746ea87c33e1eba940383d8cc49.ctex.",
    +   "console:    at: _load (core\\io\\resource_loader.cpp:317)",
    +   "console: ERROR: Failed loading resource: res://resources/fish/yellow-striped-swim.png.",
    +   "console:    at: _load (core\\io\\resource_loader.cpp:317)",
    +   "console: ERROR: Condition \"img.is_null() || img->is_empty()\" is true. Returning: Ref<Image>()",
    +   "console:    at: load_image_from_file (scene\\resources\\compressed_texture.cpp:343)",
    +   "console: ERROR: Failed loading resource: res://.godot/imported/yellow-striped-caught.png-9be6116b1904b3e231806f4c62136729.ctex.",
    +   "console:    at: _load (core\\io\\resource_loader.cpp:317)",
    +   "console: ERROR: Failed loading resource: res://resources/fish/yellow-striped-caught.png.",
    +   "console:    at: _load (core\\io\\resource_loader.cpp:317)",
    +   "console: ERROR: Condition \"img.is_null() || img->is_empty()\" is true. Returning: Ref<Image>()",
    +   "console:    at: load_image_from_file (scene\\resources\\compressed_texture.cpp:343)",
    +   "console: ERROR: Failed loading resource: res://.godot/imported/crab.png-2d22402a2bcc28e5d37f3445427315c8.ctex.",
    +   "console:    at: _load (core\\io\\resource_loader.cpp:317)",
    +   "console: ERROR: Failed loading resource: res://resources/creatures/crab.png.",
    +   "console:    at: _load (core\\io\\resource_loader.cpp:317)",
    +   "console: ERROR: Condition \"img.is_null() || img->is_empty()\" is true. Returning: Ref<Image>()",
    +   "console:    at: load_image_from_file (scene\\resources\\compressed_texture.cpp:343)",
    +   "console: ERROR: Failed loading resource: res://.godot/imported/jellyfish.png-97f7a9ea8459531aa3483f4c014a16d2.ctex.",
    +   "console:    at: _load (core\\io\\resource_loader.cpp:317)",
    +   "console: ERROR: Failed loading resource: res://resources/creatures/jellyfish.png.",
    +   "console:    at: _load (core\\io\\resource_loader.cpp:317)",
    +   "console: ERROR: Condition \"img.is_null() || img->is_empty()\" is true. Returning: Ref<Image>()",
    +   "console:    at: load_image_from_file (scene\\resources\\compressed_texture.cpp:343)",
    +   "console: ERROR: Failed loading resource: res://.godot/imported/old-boot.png-660b38fd139cb277d9b5187fd80f9adb.ctex.",
    +   "console:    at: _load (core\\io\\resource_loader.cpp:317)",
    +   "console: ERROR: Failed loading resource: res://resources/pickups/old-boot.png.",
    +   "console:    at: _load (core\\io\\resource_loader.cpp:317)",
    +   "console: ERROR: Condition \"img.is_null() || img->is_empty()\" is true. Returning: Ref<Image>()",
    +   "console:    at: load_image_from_file (scene\\resources\\compressed_texture.cpp:343)",
    +   "console: ERROR: Failed loading resource: res://.godot/imported/tin-can.png-8d501993c9c3d420539166a37bf87a0b.ctex.",
    +   "console:    at: _load (core\\io\\resource_loader.cpp:317)",
    +   "console: ERROR: Failed loading resource: res://resources/pickups/tin-can.png.",
    +   "console:    at: _load (core\\io\\resource_loader.cpp:317)",
    +   "console: ERROR: Condition \"img.is_null() || img->is_empty()\" is true. Returning: Ref<Image>()",
    +   "console:    at: load_image_from_file (scene\\resources\\compressed_texture.cpp:343)",
    +   "console: ERROR: Failed loading resource: res://.godot/imported/speed-reel.png-2f472c4ec1f16e54e1a959c42a50cb7a.ctex.",
    +   "console:    at: _load (core\\io\\resource_loader.cpp:317)",
    +   "console: ERROR: Failed loading resource: res://resources/powerups/speed-reel.png.",
    +   "console:    at: _load (core\\io\\resource_loader.cpp:317)",
    +   "console: ERROR: Condition \"img.is_null() || img->is_empty()\" is true. Returning: Ref<Image>()",
    +   "console:    at: load_image_from_file (scene\\resources\\compressed_texture.cpp:343)",
    +   "console: ERROR: Failed loading resource: res://.godot/imported/purple-giant-swim.png-e3dd90ee30cb0648ab2f98b60c55b957.ctex.",
    +   "console:    at: _load (core\\io\\resource_loader.cpp:317)",
    +   "console: ERROR: Failed loading resource: res://resources/fish/purple-giant-swim.png.",
    +   "console:    at: _load (core\\io\\resource_loader.cpp:317)",
    +   "console: ERROR: Condition \"img.is_null() || img->is_empty()\" is true. Returning: Ref<Image>()",
    +   "console:    at: load_image_from_file (scene\\resources\\compressed_texture.cpp:343)",
    +   "console: ERROR: Failed loading resource: res://.godot/imported/purple-giant-caught.png-0f269105a0618c79cfa42845560912cd.ctex.",
    +   "console:    at: _load (core\\io\\resource_loader.cpp:317)",
    +   "console: ERROR: Failed loading resource: res://resources/fish/purple-giant-caught.png.",
    +   "console:    at: _load (core\\io\\resource_loader.cpp:317)",
    +   "console: ERROR: Condition \"img.is_null() || img->is_empty()\" is true. Returning: Ref<Image>()",
    +   "console:    at: load_image_from_file (scene\\resources\\compressed_texture.cpp:343)",
    +   "console: ERROR: Failed loading resource: res://.godot/imported/pearl-shell.png-407d7aad2fb7af8d4007c646d8d1cf2e.ctex.",
    +   "console:    at: _load (core\\io\\resource_loader.cpp:317)",
    +   "console: ERROR: Failed loading resource: res://resources/pickups/pearl-shell.png.",
    +   "console:    at: _load (core\\io\\resource_loader.cpp:317)",
    +   "console: ERROR: Condition \"img.is_null() || img->is_empty()\" is true. Returning: Ref<Image>()",
    +   "console:    at: load_image_from_file (scene\\resources\\compressed_texture.cpp:343)",
    +   "console: ERROR: Failed loading resource: res://.godot/imported/tire.png-c26f578583a32f1a9c1c9f2acdbd0330.ctex.",
    +   "console:    at: _load (core\\io\\resource_loader.cpp:317)",
    +   "console: ERROR: Failed loading resource: res://resources/pickups/tire.png.",
    +   "console:    at: _load (core\\io\\resource_loader.cpp:317)",
    +   "console: ERROR: Condition \"img.is_null() || img->is_empty()\" is true. Returning: Ref<Image>()",
    +   "console:    at: load_image_from_file (scene\\resources\\compressed_texture.cpp:343)",
    +   "console: ERROR: Failed loading resource: res://.godot/imported/pufferfish-swim.png-d59415bc822be0d9ac451420e3c1fe52.ctex.",
    +   "console:    at: _load (core\\io\\resource_loader.cpp:317)",
    +   "console: ERROR: Failed loading resource: res://resources/fish/pufferfish-swim.png.",
    +   "console:    at: _load (core\\io\\resource_loader.cpp:317)",
    +   "console: ERROR: Condition \"img.is_null() || img->is_empty()\" is true. Returning: Ref<Image>()",
    +   "console:    at: load_image_from_file (scene\\resources\\compressed_texture.cpp:343)",
    +   "console: ERROR: Failed loading resource: res://.godot/imported/pufferfish-caught.png-eef9d991bdc95cdd13e86710a435cf5a.ctex.",
    +   "console:    at: _load (core\\io\\resource_loader.cpp:317)",
    +   "console: ERROR: Failed loading resource: res://resources/fish/pufferfish-caught.png.",
    +   "console:    at: _load (core\\io\\resource_loader.cpp:317)",
    +   "console: ERROR: Condition \"img.is_null() || img->is_empty()\" is true. Returning: Ref<Image>()",
    +   "console:    at: load_image_from_file (scene\\resources\\compressed_texture.cpp:343)",
    +   "console: ERROR: Failed loading resource: res://.godot/imported/seahorse-swim.png-6094f29e7fa01e7637da16a8ff41e04e.ctex.",
    +   "console:    at: _load (core\\io\\resource_loader.cpp:317)",
    +   "console: ERROR: Failed loading resource: res://resources/fish/seahorse-swim.png.",
    +   "console:    at: _load (core\\io\\resource_loader.cpp:317)",
    +   "console: ERROR: Condition \"img.is_null() || img->is_empty()\" is true. Returning: Ref<Image>()",
    +   "console:    at: load_image_from_file (scene\\resources\\compressed_texture.cpp:343)",
    +   "console: ERROR: Failed loading resource: res://.godot/imported/seahorse-caught.png-86468c76bbe455c12927574e8ecba89e.ctex.",
    +   "console:    at: _load (core\\io\\resource_loader.cpp:317)",
    +   "console: ERROR: Failed loading resource: res://resources/fish/seahorse-caught.png.",
    +   "console:    at: _load (core\\io\\resource_loader.cpp:317)",
    +   "console: ERROR: Condition \"img.is_null() || img->is_empty()\" is true. Returning: Ref<Image>()",
    +   "console:    at: load_image_from_file (scene\\resources\\compressed_texture.cpp:343)",
    +   "console: ERROR: Failed loading resource: res://.godot/imported/giant-hook.png-432a27d8fb2c10fc479a296094ea71f1.ctex.",
    +   "console:    at: _load (core\\io\\resource_loader.cpp:317)",
    +   "console: ERROR: Failed loading resource: res://resources/powerups/giant-hook.png.",
    +   "console:    at: _load (core\\io\\resource_loader.cpp:317)",
    +   "console: ERROR: Condition \"img.is_null() || img->is_empty()\" is true. Returning: Ref<Image>()",
    +   "console:    at: load_image_from_file (scene\\resources\\compressed_texture.cpp:343)",
    +   "console: ERROR: Failed loading resource: res://.godot/imported/orange-rare-swim.png-0fc04f7531799bde76aea21d0a2d219a.ctex.",
    +   "console:    at: _load (core\\io\\resource_loader.cpp:317)",
    +   "console: ERROR: Failed loading resource: res://resources/fish/orange-rare-swim.png.",
    +   "console:    at: _load (core\\io\\resource_loader.cpp:317)",
    +   "console: ERROR: Condition \"img.is_null() || img->is_empty()\" is true. Returning: Ref<Image>()",
    +   "console:    at: load_image_from_file (scene\\resources\\compressed_texture.cpp:343)",
    +   "console: ERROR: Failed loading resource: res://.godot/imported/orange-rare-caught.png-045946cc4077fe9ef0c9a9a80028eabe.ctex.",
    +   "console:    at: _load (core\\io\\resource_loader.cpp:317)",
    +   "console: ERROR: Failed loading resource: res://resources/fish/orange-rare-caught.png.",
    +   "console:    at: _load (core\\io\\resource_loader.cpp:317)",
    +   "console: ERROR: Condition \"img.is_null() || img->is_empty()\" is true. Returning: Ref<Image>()",
    +   "console:    at: load_image_from_file (scene\\resources\\compressed_texture.cpp:343)",
    +   "console: ERROR: Failed loading resource: res://.godot/imported/treasure-chest.png-626816cb3e5027ec058c0dc07a253720.ctex.",
    +   "console:    at: _load (core\\io\\resource_loader.cpp:317)",
    +   "console: ERROR: Failed loading resource: res://resources/pickups/treasure-chest.png.",
    +   "console:    at: _load (core\\io\\resource_loader.cpp:317)",
    +   "console: ERROR: Condition \"img.is_null() || img->is_empty()\" is true. Returning: Ref<Image>()",
    +   "console:    at: load_image_from_file (scene\\resources\\compressed_texture.cpp:343)",
    +   "console: ERROR: Failed loading resource: res://.godot/imported/squid.png-e137f4fc2ec8cc5ea4cf51465731dffa.ctex.",
    +   "console:    at: _load (core\\io\\resource_loader.cpp:317)",
    +   "console: ERROR: Failed loading resource: res://resources/creatures/squid.png.",
    +   "console:    at: _load (core\\io\\resource_loader.cpp:317)",
    +   "console: ERROR: Condition \"img.is_null() || img->is_empty()\" is true. Returning: Ref<Image>()",
    +   "console:    at: load_image_from_file (scene\\resources\\compressed_texture.cpp:343)",
    +   "console: ERROR: Failed loading resource: res://.godot/imported/sea-turtle.png-bb400f5204b9e372d7f963ad2ea866bf.ctex.",
    +   "console:    at: _load (core\\io\\resource_loader.cpp:317)",
    +   "console: ERROR: Failed loading resource: res://resources/creatures/sea-turtle.png.",
    +   "console:    at: _load (core\\io\\resource_loader.cpp:317)",
    +   "console: ERROR: Condition \"img.is_null() || img->is_empty()\" is true. Returning: Ref<Image>()",
    +   "console:    at: load_image_from_file (scene\\resources\\compressed_texture.cpp:343)",
    +   "console: ERROR: Failed loading resource: res://.godot/imported/freeze-crystal.png-f0f65d0466d2bd680a00a4a62f02a2e8.ctex.",
    +   "console:    at: _load (core\\io\\resource_loader.cpp:317)",
    +   "console: ERROR: Failed loading resource: res://resources/powerups/freeze-crystal.png.",
    +   "console:    at: _load (core\\io\\resource_loader.cpp:317)",
    +   "console: ERROR: Condition \"img.is_null() || img->is_empty()\" is true. Returning: Ref<Image>()",
    +   "console:    at: load_image_from_file (scene\\resources\\compressed_texture.cpp:343)",
    +   "console: ERROR: Failed loading resource: res://.godot/imported/claw-hook.png-658ac30bfb83d5f7eca89426361d584e.ctex.",
    +   "console:    at: _load (core\\io\\resource_loader.cpp:317)",
    +   "console: ERROR: Failed loading resource: res://resources/tools/claw-hook.png.",
    +   "console:    at: _load (core\\io\\resource_loader.cpp:317)",
    +   "console: ERROR: Condition \"img.is_null() || img->is_empty()\" is true. Returning: Ref<Image>()",
    +   "console:    at: load_image_from_file (scene\\resources\\compressed_texture.cpp:343)",
    +   "console: ERROR: Failed loading resource: res://.godot/imported/icon-coin.svg-c93d0f43093edde5eb300f03d7a12239.ctex.",
    +   "console:    at: _load (core\\io\\resource_loader.cpp:317)",
    +   "console: ERROR: Failed loading resource: res://resources/ui/icon-coin.svg.",
    +   "console:    at: _load (core\\io\\resource_loader.cpp:317)",
    +   "console: ERROR: Condition \"img.is_null() || img->is_empty()\" is true. Returning: Ref<Image>()",
    +   "console:    at: load_image_from_file (scene\\resources\\compressed_texture.cpp:343)",
    +   "console: ERROR: Failed loading resource: res://.godot/imported/icon-clock.svg-6546705e8cf8393b8ea9021e02292a05.ctex.",
    +   "console:    at: _load (core\\io\\resource_loader.cpp:317)",
    +   "console: ERROR: Failed loading resource: res://resources/ui/icon-clock.svg.",
    +   "console:    at: _load (core\\io\\resource_loader.cpp:317)",
    +   "console: ERROR: Catchable has an invalid definition: BlueSmall",
    +   "console:    at: push_error (core\\variant\\variant_utility.cpp:1023)",
    +   "console: ERROR: Catchable has an invalid definition: GreenScrap",
    +   "console:    at: push_error (core\\variant\\variant_utility.cpp:1023)",
    +   "console: ERROR: Catchable has an invalid definition: YellowStriped",
    +   "console:    at: push_error (core\\variant\\variant_utility.cpp:1023)",
    +   "console: ERROR: Catchable has an invalid definition: Crab",
    +   "console:    at: push_error (core\\variant\\variant_utility.cpp:1023)",
    +   "console: ERROR: Catchable has an invalid definition: Jellyfish",
    +   "console:    at: push_error (core\\variant\\variant_utility.cpp:1023)",
    +   "console: ERROR: Catchable has an invalid definition: OldBoot",
    +   "console:    at: push_error (core\\variant\\variant_utility.cpp:1023)",
    +   "console: ERROR: Catchable has an invalid definition: TinCan",
    +   "console:    at: push_error (core\\variant\\variant_utility.cpp:1023)",
    +   "console: ERROR: PowerupPickup has an invalid definition: SpeedReel",
    +   "console:    at: push_error (core\\variant\\variant_utility.cpp:1023)",
    +   "console: ERROR: Catchable has an invalid definition: PurpleGiant",
    +   "console:    at: push_error (core\\variant\\variant_utility.cpp:1023)",
    +   "console: ERROR: Catchable has an invalid definition: PearlShell",
    +   "console:    at: push_error (core\\variant\\variant_utility.cpp:1023)",
    +   "console: ERROR: Catchable has an invalid definition: Tire",
    +   "console:    at: push_error (core\\variant\\variant_utility.cpp:1023)",
    +   "console: ERROR: Catchable has an invalid definition: Pufferfish",
    +   "console:    at: push_error (core\\variant\\variant_utility.cpp:1023)",
    +   "console: ERROR: Catchable has an invalid definition: Seahorse",
    +   "console:    at: push_error (core\\variant\\variant_utility.cpp:1023)",
    +   "console: ERROR: PowerupPickup has an invalid definition: GiantHook",
    +   "console:    at: push_error (core\\variant\\variant_utility.cpp:1023)",
    +   "console: ERROR: Catchable has an invalid definition: OrangeRare",
    +   "console:    at: push_error (core\\variant\\variant_utility.cpp:1023)",
    +   "console: ERROR: Catchable has an invalid definition: TreasureChest",
    +   "console:    at: push_error (core\\variant\\variant_utility.cpp:1023)",
    +   "console: ERROR: Catchable has an invalid definition: Squid",
    +   "console:    at: push_error (core\\variant\\variant_utility.cpp:1023)",
    +   "console: ERROR: Catchable has an invalid definition: SeaTurtle",
    +   "console:    at: push_error (core\\variant\\variant_utility.cpp:1023)",
    +   "console: ERROR: PowerupPickup has an invalid definition: FreezeCrystal",
    +   "console:    at: push_error (core\\variant\\variant_utility.cpp:1023)",
    + ]

       at fixtures.ts:11

       9 |     })
      10 |     await use(browserErrors)
    > 11 |     expect(browserErrors, 'browser console and page errors').toEqual([])
         |                                                              ^
      12 |   }, { auto: true }],
      13 | })
      14 |
        at Object.exports.test._test.test.extend.browserErrors.auto (D:\godot\project\fishing-baby\tests\e2e\fixtures.ts:11:62)

    attachment #1: screenshot (image/png) ──────────────────────────────────────────────────────────
    test-results\viewport-matrix-E2E-VIEW-01-Web-视口布局矩阵-chromium\test-failed-1.png
    ────────────────────────────────────────────────────────────────────────────────────────────────

    Error Context: test-results\viewport-matrix-E2E-VIEW-01-Web-视口布局矩阵-chromium\error-context.md

    Retry #1 ───────────────────────────────────────────────────────────────────────────────────────

    Error: expect(received).toEqual(expected) // deep equality

    - Expected  -   1
    + Received  + 932

    - Array []
    + Array [
    +   "console: SCRIPT ERROR: Parse Error: Cannot infer the type of \"camera\" variable because the value doesn't have a set type.",
    +   "console:    at: GDScript::reload (res://addons/godotiq/godotiq_runtime.gd:463)",
    +   "console: SCRIPT ERROR: Parse Error: Cannot infer the type of \"screen_pos\" variable because the value doesn't have a set type.",
    +   "console:    at: GDScript::reload (res://addons/godotiq/godotiq_runtime.gd:468)",
    +   "console: SCRIPT ERROR: Parse Error: Cannot infer the type of \"world\" variable because the value doesn't have a set type.",
    +   "console:    at: GDScript::reload (res://addons/godotiq/godotiq_runtime.gd:944)",
    +   "console: SCRIPT ERROR: Parse Error: Could not find type \"Node3D\" in the current scope.",
    +   "console:    at: GDScript::reload (res://addons/godotiq/godotiq_runtime.gd:958)",
    +   "console: SCRIPT ERROR: Parse Error: Could not find type \"Node3D\" in the current scope.",
    +   "console:    at: GDScript::reload (res://addons/godotiq/godotiq_runtime.gd:963)",
    +   "console: SCRIPT ERROR: Parse Error: Could not find type \"Node3D\" in the current scope.",
    +   "console:    at: GDScript::reload (res://addons/godotiq/godotiq_runtime.gd:972)",
    +   "console: SCRIPT ERROR: Parse Error: Could not find type \"Node3D\" in the current scope.",
    +   "console:    at: GDScript::reload (res://addons/godotiq/godotiq_runtime.gd:977)",
    +   "console: SCRIPT ERROR: Parse Error: Identifier \"NavigationServer3D\" not declared in the current scope.",
    +   "console:    at: GDScript::reload (res://addons/godotiq/godotiq_runtime.gd:984)",
    +   "console: SCRIPT ERROR: Parse Error: Cannot infer the type of \"closest_from\" variable because the value doesn't have a set type.",
    +   "console:    at: GDScript::reload (res://addons/godotiq/godotiq_runtime.gd:984)",
    +   "console: SCRIPT ERROR: Parse Error: Identifier \"NavigationServer3D\" not declared in the current scope.",
    +   "console:    at: GDScript::reload (res://addons/godotiq/godotiq_runtime.gd:985)",
    +   "console: SCRIPT ERROR: Parse Error: Cannot infer the type of \"closest_to\" variable because the value doesn't have a set type.",
    +   "console:    at: GDScript::reload (res://addons/godotiq/godotiq_runtime.gd:985)",
    +   "console: SCRIPT ERROR: Parse Error: Identifier \"NavigationServer3D\" not declared in the current scope.",
    +   "console:    at: GDScript::reload (res://addons/godotiq/godotiq_runtime.gd:991)",
    +   "console: SCRIPT ERROR: Parse Error: Could not find type \"RichTextLabel\" in the current scope.",
    +   "console:    at: GDScript::reload (res://addons/godotiq/godotiq_runtime.gd:1268)",
    +   "console: SCRIPT ERROR: Parse Error: Could not find type \"RichTextLabel\" in the current scope.",
    +   "console:    at: GDScript::reload (res://addons/godotiq/godotiq_runtime.gd:1269)",
    +   "console: SCRIPT ERROR: Parse Error: Could not find type \"TextEdit\" in the current scope.",
    +   "console:    at: GDScript::reload (res://addons/godotiq/godotiq_runtime.gd:1274)",
    +   "console: SCRIPT ERROR: Parse Error: Could not find type \"TextEdit\" in the current scope.",
    +   "console:    at: GDScript::reload (res://addons/godotiq/godotiq_runtime.gd:1275)",
    +   "console: SCRIPT ERROR: Parse Error: Could not find type \"SpinBox\" in the current scope.",
    +   "console:    at: GDScript::reload (res://addons/godotiq/godotiq_runtime.gd:1281)",
    +   "console: SCRIPT ERROR: Parse Error: Could not find type \"SpinBox\" in the current scope.",
    +   "console:    at: GDScript::reload (res://addons/godotiq/godotiq_runtime.gd:1283)",
    +   "console: SCRIPT ERROR: Parse Error: Could not find type \"Camera3D\" in the current scope.",
    +   "console:    at: GDScript::reload (res://addons/godotiq/godotiq_runtime.gd:1383)",
    +   "console: SCRIPT ERROR: Parse Error: Identifier \"Camera3D\" not declared in the current scope.",
    +   "console:    at: GDScript::reload (res://addons/godotiq/godotiq_runtime.gd:1389)",
    +   "console: SCRIPT ERROR: Parse Error: Cannot infer the type of \"drone\" variable because the value doesn't have a set type.",
    +   "console:    at: GDScript::reload (res://addons/godotiq/godotiq_runtime.gd:1389)",
    +   "console: SCRIPT ERROR: Parse Error: Could not find type \"Camera3D\" in the current scope.",
    +   "console:    at: GDScript::reload (res://addons/godotiq/godotiq_runtime.gd:1447)",
    +   "console: SCRIPT ERROR: Parse Error: Could not find type \"Node3D\" in the current scope.",
    +   "console:    at: GDScript::reload (res://addons/godotiq/godotiq_runtime.gd:1525)",
    +   "console: ERROR: Failed to load script \"res://addons/godotiq/godotiq_runtime.gd\" with error \"Parse error\".",
    +   "console:    at: load (modules\\gdscript\\gdscript_resource_format.cpp:46)",
    +   "console: ERROR: Failed to instantiate an autoload, script 'res://addons/godotiq/godotiq_runtime.gd' does not inherit from 'Node'.",
    +   "console:    at: start (main\\main.cpp:4535)",
    +   "console: ERROR: Condition \"img.is_null() || img->is_empty()\" is true. Returning: Ref<Image>()",
    +   "console:    at: load_image_from_file (scene\\resources\\compressed_texture.cpp:343)",
    +   "console: ERROR: Failed loading resource: res://.godot/imported/ocean-background.png-2a45ccb46859053b8f01bbc11fd6a736.ctex.",
    +   "console:    at: _load (core\\io\\resource_loader.cpp:317)",
    +   "console: ERROR: Failed loading resource: res://resources/environment/ocean-background.png.",
    +   "console:    at: _load (core\\io\\resource_loader.cpp:317)",
    +   "console: ERROR: Condition \"img.is_null() || img->is_empty()\" is true. Returning: Ref<Image>()",
    +   "console:    at: load_image_from_file (scene\\resources\\compressed_texture.cpp:343)",
    +   "console: ERROR: Failed loading resource: res://.godot/imported/cloud-03-large-center.png-23e9b0f50f26c0e4ccb7ec3994e89e45.ctex.",
    +   "console:    at: _load (core\\io\\resource_loader.cpp:317)",
    +   "console: ERROR: Failed loading resource: res://resources/environment_sliced/clouds/cloud-03-large-center.png.",
    +   "console:    at: _load (core\\io\\resource_loader.cpp:317)",
    +   "console: ERROR: Condition \"img.is_null() || img->is_empty()\" is true. Returning: Ref<Image>()",
    +   "console:    at: load_image_from_file (scene\\resources\\compressed_texture.cpp:343)",
    +   "console: ERROR: Failed loading resource: res://.godot/imported/lighthouse-island.png-b3bf27c0debb00384efdb040f2be3868.ctex.",
    +   "console:    at: _load (core\\io\\resource_loader.cpp:317)",
    +   "console: ERROR: Failed loading resource: res://resources/environment_sliced/island/lighthouse-island.png.",
    +   "console:    at: _load (core\\io\\resource_loader.cpp:317)",
    +   "console: ERROR: Condition \"img.is_null() || img->is_empty()\" is true. Returning: Ref<Image>()",
    +   "console:    at: load_image_from_file (scene\\resources\\compressed_texture.cpp:343)",
    +   "console: ERROR: Failed loading resource: res://.godot/imported/seabed-decoration.png-f0d4b69ace78ba4676e9477aac2cf5b4.ctex.",
    +   "console:    at: _load (core\\io\\resource_loader.cpp:317)",
    +   "console: ERROR: Failed loading resource: res://resources/environment/seabed-decoration.png.",
    +   "console:    at: _load (core\\io\\resource_loader.cpp:317)",
    +   "console: ERROR: Condition \"img.is_null() || img->is_empty()\" is true. Returning: Ref<Image>()",
    +   "console:    at: load_image_from_file (scene\\resources\\compressed_texture.cpp:343)",
    +   "console: ERROR: Failed loading resource: res://.godot/imported/surface-wave-strip.png-8263ffc31adf7bb182c47f2703cc9232.ctex.",
    +   "console:    at: _load (core\\io\\resource_loader.cpp:317)",
    +   "console: ERROR: Failed loading resource: res://resources/environment/surface-wave-strip.png.",
    +   "console:    at: _load (core\\io\\resource_loader.cpp:317)",
    +   "console: ERROR: Condition \"img.is_null() || img->is_empty()\" is true. Returning: Ref<Image>()",
    +   "console:    at: load_image_from_file (scene\\resources\\compressed_texture.cpp:343)",
    +   "console: ERROR: Failed loading resource: res://.godot/imported/boat_body.png-a44818dd24af39bc0deb40c36aac93e6.ctex.",
    +   "console:    at: _load (core\\io\\resource_loader.cpp:317)",
    +   "console: ERROR: Failed loading resource: res://resources/characters/boat_body.png.",
    +   "console:    at: _load (core\\io\\resource_loader.cpp:317)",
    +   "console: ERROR: Condition \"img.is_null() || img->is_empty()\" is true. Returning: Ref<Image>()",
    +   "console:    at: load_image_from_file (scene\\resources\\compressed_texture.cpp:343)",
    +   "console: ERROR: Failed loading resource: res://.godot/imported/boy_head.png-1ace9c3ae029aca0706dd42ca966152d.ctex.",
    +   "console:    at: _load (core\\io\\resource_loader.cpp:317)",
    +   "console: ERROR: Failed loading resource: res://resources/characters/boy_head.png.",
    +   "console:    at: _load (core\\io\\resource_loader.cpp:317)",
    +   "console: ERROR: Condition \"img.is_null() || img->is_empty()\" is true. Returning: Ref<Image>()",
    +   "console:    at: load_image_from_file (scene\\resources\\compressed_texture.cpp:343)",
    +   "console: ERROR: Failed loading resource: res://.godot/imported/girl_head.png-e2bbf8e3c7c5f8647fccc7c28d70452e.ctex.",
    +   "console:    at: _load (core\\io\\resource_loader.cpp:317)",
    +   "console: ERROR: Failed loading resource: res://resources/characters/girl_head.png.",
    +   "console:    at: _load (core\\io\\resource_loader.cpp:317)",
    +   "console: ERROR: Condition \"img.is_null() || img->is_empty()\" is true. Returning: Ref<Image>()",
    +   "console:    at: load_image_from_file (scene\\resources\\compressed_texture.cpp:343)",
    +   "console: ERROR: Failed loading resource: res://.godot/imported/blue-small-swim.png-108bfc0cf186a41df4ad87f6f014e3a5.ctex.",
    +   "console:    at: _load (core\\io\\resource_loader.cpp:317)",
    +   "console: ERROR: Failed loading resource: res://resources/fish/blue-small-swim.png.",
    +   "console:    at: _load (core\\io\\resource_loader.cpp:317)",
    +   "console: ERROR: Condition \"img.is_null() || img->is_empty()\" is true. Returning: Ref<Image>()",
    +   "console:    at: load_image_from_file (scene\\resources\\compressed_texture.cpp:343)",
    +   "console: ERROR: Failed loading resource: res://.godot/imported/blue-small-caught.png-50a2af6503b08e32bb30bed5b533ea4d.ctex.",
    +   "console:    at: _load (core\\io\\resource_loader.cpp:317)",
    +   "console: ERROR: Failed loading resource: res://resources/fish/blue-small-caught.png.",
    +   "console:    at: _load (core\\io\\resource_loader.cpp:317)",
    +   "console: ERROR: Condition \"img.is_null() || img->is_empty()\" is true. Returning: Ref<Image>()",
    +   "console:    at: load_image_from_file (scene\\resources\\compressed_texture.cpp:343)",
    +   "console: ERROR: Failed loading resource: res://.godot/imported/green-scrap-swim.png-ea4b871e4dc5a9c0a1b85b615e88e4a2.ctex.",
    +   "console:    at: _load (core\\io\\resource_loader.cpp:317)",
    +   "console: ERROR: Failed loading resource: res://resources/fish/green-scrap-swim.png.",
    +   "console:    at: _load (core\\io\\resource_loader.cpp:317)",
    +   "console: ERROR: Condition \"img.is_null() || img->is_empty()\" is true. Returning: Ref<Image>()",
    +   "console:    at: load_image_from_file (scene\\resources\\compressed_texture.cpp:343)",
    +   "console: ERROR: Failed loading resource: res://.godot/imported/green-scrap-caught.png-3e77a518be6ae73c7aefba624c602a65.ctex.",
    +   "console:    at: _load (core\\io\\resource_loader.cpp:317)",
    +   "console: ERROR: Failed loading resource: res://resources/fish/green-scrap-caught.png.",
    +   "console:    at: _load (core\\io\\resource_loader.cpp:317)",
    +   "console: ERROR: Condition \"img.is_null() || img->is_empty()\" is true. Returning: Ref<Image>()",
    +   "console:    at: load_image_from_file (scene\\resources\\compressed_texture.cpp:343)",
    +   "console: ERROR: Failed loading resource: res://.godot/imported/yellow-striped-swim.png-2ed02746ea87c33e1eba940383d8cc49.ctex.",
    +   "console:    at: _load (core\\io\\resource_loader.cpp:317)",
    +   "console: ERROR: Failed loading resource: res://resources/fish/yellow-striped-swim.png.",
    +   "console:    at: _load (core\\io\\resource_loader.cpp:317)",
    +   "console: ERROR: Condition \"img.is_null() || img->is_empty()\" is true. Returning: Ref<Image>()",
    +   "console:    at: load_image_from_file (scene\\resources\\compressed_texture.cpp:343)",
    +   "console: ERROR: Failed loading resource: res://.godot/imported/yellow-striped-caught.png-9be6116b1904b3e231806f4c62136729.ctex.",
    +   "console:    at: _load (core\\io\\resource_loader.cpp:317)",
    +   "console: ERROR: Failed loading resource: res://resources/fish/yellow-striped-caught.png.",
    +   "console:    at: _load (core\\io\\resource_loader.cpp:317)",
    +   "console: ERROR: Condition \"img.is_null() || img->is_empty()\" is true. Returning: Ref<Image>()",
    +   "console:    at: load_image_from_file (scene\\resources\\compressed_texture.cpp:343)",
    +   "console: ERROR: Failed loading resource: res://.godot/imported/crab.png-2d22402a2bcc28e5d37f3445427315c8.ctex.",
    +   "console:    at: _load (core\\io\\resource_loader.cpp:317)",
    +   "console: ERROR: Failed loading resource: res://resources/creatures/crab.png.",
    +   "console:    at: _load (core\\io\\resource_loader.cpp:317)",
    +   "console: ERROR: Condition \"img.is_null() || img->is_empty()\" is true. Returning: Ref<Image>()",
    +   "console:    at: load_image_from_file (scene\\resources\\compressed_texture.cpp:343)",
    +   "console: ERROR: Failed loading resource: res://.godot/imported/jellyfish.png-97f7a9ea8459531aa3483f4c014a16d2.ctex.",
    +   "console:    at: _load (core\\io\\resource_loader.cpp:317)",
    +   "console: ERROR: Failed loading resource: res://resources/creatures/jellyfish.png.",
    +   "console:    at: _load (core\\io\\resource_loader.cpp:317)",
    +   "console: ERROR: Condition \"img.is_null() || img->is_empty()\" is true. Returning: Ref<Image>()",
    +   "console:    at: load_image_from_file (scene\\resources\\compressed_texture.cpp:343)",
    +   "console: ERROR: Failed loading resource: res://.godot/imported/old-boot.png-660b38fd139cb277d9b5187fd80f9adb.ctex.",
    +   "console:    at: _load (core\\io\\resource_loader.cpp:317)",
    +   "console: ERROR: Failed loading resource: res://resources/pickups/old-boot.png.",
    +   "console:    at: _load (core\\io\\resource_loader.cpp:317)",
    +   "console: ERROR: Condition \"img.is_null() || img->is_empty()\" is true. Returning: Ref<Image>()",
    +   "console:    at: load_image_from_file (scene\\resources\\compressed_texture.cpp:343)",
    +   "console: ERROR: Failed loading resource: res://.godot/imported/tin-can.png-8d501993c9c3d420539166a37bf87a0b.ctex.",
    +   "console:    at: _load (core\\io\\resource_loader.cpp:317)",
    +   "console: ERROR: Failed loading resource: res://resources/pickups/tin-can.png.",
    +   "console:    at: _load (core\\io\\resource_loader.cpp:317)",
    +   "console: ERROR: Condition \"img.is_null() || img->is_empty()\" is true. Returning: Ref<Image>()",
    +   "console:    at: load_image_from_file (scene\\resources\\compressed_texture.cpp:343)",
    +   "console: ERROR: Failed loading resource: res://.godot/imported/speed-reel.png-2f472c4ec1f16e54e1a959c42a50cb7a.ctex.",
    +   "console:    at: _load (core\\io\\resource_loader.cpp:317)",
    +   "console: ERROR: Failed loading resource: res://resources/powerups/speed-reel.png.",
    +   "console:    at: _load (core\\io\\resource_loader.cpp:317)",
    +   "console: ERROR: Condition \"img.is_null() || img->is_empty()\" is true. Returning: Ref<Image>()",
    +   "console:    at: load_image_from_file (scene\\resources\\compressed_texture.cpp:343)",
    +   "console: ERROR: Failed loading resource: res://.godot/imported/purple-giant-swim.png-e3dd90ee30cb0648ab2f98b60c55b957.ctex.",
    +   "console:    at: _load (core\\io\\resource_loader.cpp:317)",
    +   "console: ERROR: Failed loading resource: res://resources/fish/purple-giant-swim.png.",
    +   "console:    at: _load (core\\io\\resource_loader.cpp:317)",
    +   "console: ERROR: Condition \"img.is_null() || img->is_empty()\" is true. Returning: Ref<Image>()",
    +   "console:    at: load_image_from_file (scene\\resources\\compressed_texture.cpp:343)",
    +   "console: ERROR: Failed loading resource: res://.godot/imported/purple-giant-caught.png-0f269105a0618c79cfa42845560912cd.ctex.",
    +   "console:    at: _load (core\\io\\resource_loader.cpp:317)",
    +   "console: ERROR: Failed loading resource: res://resources/fish/purple-giant-caught.png.",
    +   "console:    at: _load (core\\io\\resource_loader.cpp:317)",
    +   "console: ERROR: Condition \"img.is_null() || img->is_empty()\" is true. Returning: Ref<Image>()",
    +   "console:    at: load_image_from_file (scene\\resources\\compressed_texture.cpp:343)",
    +   "console: ERROR: Failed loading resource: res://.godot/imported/pearl-shell.png-407d7aad2fb7af8d4007c646d8d1cf2e.ctex.",
    +   "console:    at: _load (core\\io\\resource_loader.cpp:317)",
    +   "console: ERROR: Failed loading resource: res://resources/pickups/pearl-shell.png.",
    +   "console:    at: _load (core\\io\\resource_loader.cpp:317)",
    +   "console: ERROR: Condition \"img.is_null() || img->is_empty()\" is true. Returning: Ref<Image>()",
    +   "console:    at: load_image_from_file (scene\\resources\\compressed_texture.cpp:343)",
    +   "console: ERROR: Failed loading resource: res://.godot/imported/tire.png-c26f578583a32f1a9c1c9f2acdbd0330.ctex.",
    +   "console:    at: _load (core\\io\\resource_loader.cpp:317)",
    +   "console: ERROR: Failed loading resource: res://resources/pickups/tire.png.",
    +   "console:    at: _load (core\\io\\resource_loader.cpp:317)",
    +   "console: ERROR: Condition \"img.is_null() || img->is_empty()\" is true. Returning: Ref<Image>()",
    +   "console:    at: load_image_from_file (scene\\resources\\compressed_texture.cpp:343)",
    +   "console: ERROR: Failed loading resource: res://.godot/imported/pufferfish-swim.png-d59415bc822be0d9ac451420e3c1fe52.ctex.",
    +   "console:    at: _load (core\\io\\resource_loader.cpp:317)",
    +   "console: ERROR: Failed loading resource: res://resources/fish/pufferfish-swim.png.",
    +   "console:    at: _load (core\\io\\resource_loader.cpp:317)",
    +   "console: ERROR: Condition \"img.is_null() || img->is_empty()\" is true. Returning: Ref<Image>()",
    +   "console:    at: load_image_from_file (scene\\resources\\compressed_texture.cpp:343)",
    +   "console: ERROR: Failed loading resource: res://.godot/imported/pufferfish-caught.png-eef9d991bdc95cdd13e86710a435cf5a.ctex.",
    +   "console:    at: _load (core\\io\\resource_loader.cpp:317)",
    +   "console: ERROR: Failed loading resource: res://resources/fish/pufferfish-caught.png.",
    +   "console:    at: _load (core\\io\\resource_loader.cpp:317)",
    +   "console: ERROR: Condition \"img.is_null() || img->is_empty()\" is true. Returning: Ref<Image>()",
    +   "console:    at: load_image_from_file (scene\\resources\\compressed_texture.cpp:343)",
    +   "console: ERROR: Failed loading resource: res://.godot/imported/seahorse-swim.png-6094f29e7fa01e7637da16a8ff41e04e.ctex.",
    +   "console:    at: _load (core\\io\\resource_loader.cpp:317)",
    +   "console: ERROR: Failed loading resource: res://resources/fish/seahorse-swim.png.",
    +   "console:    at: _load (core\\io\\resource_loader.cpp:317)",
    +   "console: ERROR: Condition \"img.is_null() || img->is_empty()\" is true. Returning: Ref<Image>()",
    +   "console:    at: load_image_from_file (scene\\resources\\compressed_texture.cpp:343)",
    +   "console: ERROR: Failed loading resource: res://.godot/imported/seahorse-caught.png-86468c76bbe455c12927574e8ecba89e.ctex.",
    +   "console:    at: _load (core\\io\\resource_loader.cpp:317)",
    +   "console: ERROR: Failed loading resource: res://resources/fish/seahorse-caught.png.",
    +   "console:    at: _load (core\\io\\resource_loader.cpp:317)",
    +   "console: ERROR: Condition \"img.is_null() || img->is_empty()\" is true. Returning: Ref<Image>()",
    +   "console:    at: load_image_from_file (scene\\resources\\compressed_texture.cpp:343)",
    +   "console: ERROR: Failed loading resource: res://.godot/imported/giant-hook.png-432a27d8fb2c10fc479a296094ea71f1.ctex.",
    +   "console:    at: _load (core\\io\\resource_loader.cpp:317)",
    +   "console: ERROR: Failed loading resource: res://resources/powerups/giant-hook.png.",
    +   "console:    at: _load (core\\io\\resource_loader.cpp:317)",
    +   "console: ERROR: Condition \"img.is_null() || img->is_empty()\" is true. Returning: Ref<Image>()",
    +   "console:    at: load_image_from_file (scene\\resources\\compressed_texture.cpp:343)",
    +   "console: ERROR: Failed loading resource: res://.godot/imported/orange-rare-swim.png-0fc04f7531799bde76aea21d0a2d219a.ctex.",
    +   "console:    at: _load (core\\io\\resource_loader.cpp:317)",
    +   "console: ERROR: Failed loading resource: res://resources/fish/orange-rare-swim.png.",
    +   "console:    at: _load (core\\io\\resource_loader.cpp:317)",
    +   "console: ERROR: Condition \"img.is_null() || img->is_empty()\" is true. Returning: Ref<Image>()",
    +   "console:    at: load_image_from_file (scene\\resources\\compressed_texture.cpp:343)",
    +   "console: ERROR: Failed loading resource: res://.godot/imported/orange-rare-caught.png-045946cc4077fe9ef0c9a9a80028eabe.ctex.",
    +   "console:    at: _load (core\\io\\resource_loader.cpp:317)",
    +   "console: ERROR: Failed loading resource: res://resources/fish/orange-rare-caught.png.",
    +   "console:    at: _load (core\\io\\resource_loader.cpp:317)",
    +   "console: ERROR: Condition \"img.is_null() || img->is_empty()\" is true. Returning: Ref<Image>()",
    +   "console:    at: load_image_from_file (scene\\resources\\compressed_texture.cpp:343)",
    +   "console: ERROR: Failed loading resource: res://.godot/imported/treasure-chest.png-626816cb3e5027ec058c0dc07a253720.ctex.",
    +   "console:    at: _load (core\\io\\resource_loader.cpp:317)",
    +   "console: ERROR: Failed loading resource: res://resources/pickups/treasure-chest.png.",
    +   "console:    at: _load (core\\io\\resource_loader.cpp:317)",
    +   "console: ERROR: Condition \"img.is_null() || img->is_empty()\" is true. Returning: Ref<Image>()",
    +   "console:    at: load_image_from_file (scene\\resources\\compressed_texture.cpp:343)",
    +   "console: ERROR: Failed loading resource: res://.godot/imported/squid.png-e137f4fc2ec8cc5ea4cf51465731dffa.ctex.",
    +   "console:    at: _load (core\\io\\resource_loader.cpp:317)",
    +   "console: ERROR: Failed loading resource: res://resources/creatures/squid.png.",
    +   "console:    at: _load (core\\io\\resource_loader.cpp:317)",
    +   "console: ERROR: Condition \"img.is_null() || img->is_empty()\" is true. Returning: Ref<Image>()",
    +   "console:    at: load_image_from_file (scene\\resources\\compressed_texture.cpp:343)",
    +   "console: ERROR: Failed loading resource: res://.godot/imported/sea-turtle.png-bb400f5204b9e372d7f963ad2ea866bf.ctex.",
    +   "console:    at: _load (core\\io\\resource_loader.cpp:317)",
    +   "console: ERROR: Failed loading resource: res://resources/creatures/sea-turtle.png.",
    +   "console:    at: _load (core\\io\\resource_loader.cpp:317)",
    +   "console: ERROR: Condition \"img.is_null() || img->is_empty()\" is true. Returning: Ref<Image>()",
    +   "console:    at: load_image_from_file (scene\\resources\\compressed_texture.cpp:343)",
    +   "console: ERROR: Failed loading resource: res://.godot/imported/freeze-crystal.png-f0f65d0466d2bd680a00a4a62f02a2e8.ctex.",
    +   "console:    at: _load (core\\io\\resource_loader.cpp:317)",
    +   "console: ERROR: Failed loading resource: res://resources/powerups/freeze-crystal.png.",
    +   "console:    at: _load (core\\io\\resource_loader.cpp:317)",
    +   "console: ERROR: Condition \"img.is_null() || img->is_empty()\" is true. Returning: Ref<Image>()",
    +   "console:    at: load_image_from_file (scene\\resources\\compressed_texture.cpp:343)",
    +   "console: ERROR: Failed loading resource: res://.godot/imported/claw-hook.png-658ac30bfb83d5f7eca89426361d584e.ctex.",
    +   "console:    at: _load (core\\io\\resource_loader.cpp:317)",
    +   "console: ERROR: Failed loading resource: res://resources/tools/claw-hook.png.",
    +   "console:    at: _load (core\\io\\resource_loader.cpp:317)",
    +   "console: ERROR: Condition \"img.is_null() || img->is_empty()\" is true. Returning: Ref<Image>()",
    +   "console:    at: load_image_from_file (scene\\resources\\compressed_texture.cpp:343)",
    +   "console: ERROR: Failed loading resource: res://.godot/imported/icon-coin.svg-c93d0f43093edde5eb300f03d7a12239.ctex.",
    +   "console:    at: _load (core\\io\\resource_loader.cpp:317)",
    +   "console: ERROR: Failed loading resource: res://resources/ui/icon-coin.svg.",
    +   "console:    at: _load (core\\io\\resource_loader.cpp:317)",
    +   "console: ERROR: Condition \"img.is_null() || img->is_empty()\" is true. Returning: Ref<Image>()",
    +   "console:    at: load_image_from_file (scene\\resources\\compressed_texture.cpp:343)",
    +   "console: ERROR: Failed loading resource: res://.godot/imported/icon-clock.svg-6546705e8cf8393b8ea9021e02292a05.ctex.",
    +   "console:    at: _load (core\\io\\resource_loader.cpp:317)",
    +   "console: ERROR: Failed loading resource: res://resources/ui/icon-clock.svg.",
    +   "console:    at: _load (core\\io\\resource_loader.cpp:317)",
    +   "console: ERROR: Catchable has an invalid definition: BlueSmall",
    +   "console:    at: push_error (core\\variant\\variant_utility.cpp:1023)",
    +   "console: ERROR: Catchable has an invalid definition: GreenScrap",
    +   "console:    at: push_error (core\\variant\\variant_utility.cpp:1023)",
    +   "console: ERROR: Catchable has an invalid definition: YellowStriped",
    +   "console:    at: push_error (core\\variant\\variant_utility.cpp:1023)",
    +   "console: ERROR: Catchable has an invalid definition: Crab",
    +   "console:    at: push_error (core\\variant\\variant_utility.cpp:1023)",
    +   "console: ERROR: Catchable has an invalid definition: Jellyfish",
    +   "console:    at: push_error (core\\variant\\variant_utility.cpp:1023)",
    +   "console: ERROR: Catchable has an invalid definition: OldBoot",
    +   "console:    at: push_error (core\\variant\\variant_utility.cpp:1023)",
    +   "console: ERROR: Catchable has an invalid definition: TinCan",
    +   "console:    at: push_error (core\\variant\\variant_utility.cpp:1023)",
    +   "console: ERROR: PowerupPickup has an invalid definition: SpeedReel",
    +   "console:    at: push_error (core\\variant\\variant_utility.cpp:1023)",
    +   "console: ERROR: Catchable has an invalid definition: PurpleGiant",
    +   "console:    at: push_error (core\\variant\\variant_utility.cpp:1023)",
    +   "console: ERROR: Catchable has an invalid definition: PearlShell",
    +   "console:    at: push_error (core\\variant\\variant_utility.cpp:1023)",
    +   "console: ERROR: Catchable has an invalid definition: Tire",
    +   "console:    at: push_error (core\\variant\\variant_utility.cpp:1023)",
    +   "console: ERROR: Catchable has an invalid definition: Pufferfish",
    +   "console:    at: push_error (core\\variant\\variant_utility.cpp:1023)",
    +   "console: ERROR: Catchable has an invalid definition: Seahorse",
    +   "console:    at: push_error (core\\variant\\variant_utility.cpp:1023)",
    +   "console: ERROR: PowerupPickup has an invalid definition: GiantHook",
    +   "console:    at: push_error (core\\variant\\variant_utility.cpp:1023)",
    +   "console: ERROR: Catchable has an invalid definition: OrangeRare",
    +   "console:    at: push_error (core\\variant\\variant_utility.cpp:1023)",
    +   "console: ERROR: Catchable has an invalid definition: TreasureChest",
    +   "console:    at: push_error (core\\variant\\variant_utility.cpp:1023)",
    +   "console: ERROR: Catchable has an invalid definition: Squid",
    +   "console:    at: push_error (core\\variant\\variant_utility.cpp:1023)",
    +   "console: ERROR: Catchable has an invalid definition: SeaTurtle",
    +   "console:    at: push_error (core\\variant\\variant_utility.cpp:1023)",
    +   "console: ERROR: PowerupPickup has an invalid definition: FreezeCrystal",
    +   "console:    at: push_error (core\\variant\\variant_utility.cpp:1023)",
    +   "console: SCRIPT ERROR: Parse Error: Cannot infer the type of \"camera\" variable because the value doesn't have a set type.",
    +   "console:    at: GDScript::reload (res://addons/godotiq/godotiq_runtime.gd:463)",
    +   "console: SCRIPT ERROR: Parse Error: Cannot infer the type of \"screen_pos\" variable because the value doesn't have a set type.",
    +   "console:    at: GDScript::reload (res://addons/godotiq/godotiq_runtime.gd:468)",
    +   "console: SCRIPT ERROR: Parse Error: Cannot infer the type of \"world\" variable because the value doesn't have a set type.",
    +   "console:    at: GDScript::reload (res://addons/godotiq/godotiq_runtime.gd:944)",
    +   "console: SCRIPT ERROR: Parse Error: Could not find type \"Node3D\" in the current scope.",
    +   "console:    at: GDScript::reload (res://addons/godotiq/godotiq_runtime.gd:958)",
    +   "console: SCRIPT ERROR: Parse Error: Could not find type \"Node3D\" in the current scope.",
    +   "console:    at: GDScript::reload (res://addons/godotiq/godotiq_runtime.gd:963)",
    +   "console: SCRIPT ERROR: Parse Error: Could not find type \"Node3D\" in the current scope.",
    +   "console:    at: GDScript::reload (res://addons/godotiq/godotiq_runtime.gd:972)",
    +   "console: SCRIPT ERROR: Parse Error: Could not find type \"Node3D\" in the current scope.",
    +   "console:    at: GDScript::reload (res://addons/godotiq/godotiq_runtime.gd:977)",
    +   "console: SCRIPT ERROR: Parse Error: Identifier \"NavigationServer3D\" not declared in the current scope.",
    +   "console:    at: GDScript::reload (res://addons/godotiq/godotiq_runtime.gd:984)",
    +   "console: SCRIPT ERROR: Parse Error: Cannot infer the type of \"closest_from\" variable because the value doesn't have a set type.",
    +   "console:    at: GDScript::reload (res://addons/godotiq/godotiq_runtime.gd:984)",
    +   "console: SCRIPT ERROR: Parse Error: Identifier \"NavigationServer3D\" not declared in the current scope.",
    +   "console:    at: GDScript::reload (res://addons/godotiq/godotiq_runtime.gd:985)",
    +   "console: SCRIPT ERROR: Parse Error: Cannot infer the type of \"closest_to\" variable because the value doesn't have a set type.",
    +   "console:    at: GDScript::reload (res://addons/godotiq/godotiq_runtime.gd:985)",
    +   "console: SCRIPT ERROR: Parse Error: Identifier \"NavigationServer3D\" not declared in the current scope.",
    +   "console:    at: GDScript::reload (res://addons/godotiq/godotiq_runtime.gd:991)",
    +   "console: SCRIPT ERROR: Parse Error: Could not find type \"RichTextLabel\" in the current scope.",
    +   "console:    at: GDScript::reload (res://addons/godotiq/godotiq_runtime.gd:1268)",
    +   "console: SCRIPT ERROR: Parse Error: Could not find type \"RichTextLabel\" in the current scope.",
    +   "console:    at: GDScript::reload (res://addons/godotiq/godotiq_runtime.gd:1269)",
    +   "console: SCRIPT ERROR: Parse Error: Could not find type \"TextEdit\" in the current scope.",
    +   "console:    at: GDScript::reload (res://addons/godotiq/godotiq_runtime.gd:1274)",
    +   "console: SCRIPT ERROR: Parse Error: Could not find type \"TextEdit\" in the current scope.",
    +   "console:    at: GDScript::reload (res://addons/godotiq/godotiq_runtime.gd:1275)",
    +   "console: SCRIPT ERROR: Parse Error: Could not find type \"SpinBox\" in the current scope.",
    +   "console:    at: GDScript::reload (res://addons/godotiq/godotiq_runtime.gd:1281)",
    +   "console: SCRIPT ERROR: Parse Error: Could not find type \"SpinBox\" in the current scope.",
    +   "console:    at: GDScript::reload (res://addons/godotiq/godotiq_runtime.gd:1283)",
    +   "console: SCRIPT ERROR: Parse Error: Could not find type \"Camera3D\" in the current scope.",
    +   "console:    at: GDScript::reload (res://addons/godotiq/godotiq_runtime.gd:1383)",
    +   "console: SCRIPT ERROR: Parse Error: Identifier \"Camera3D\" not declared in the current scope.",
    +   "console:    at: GDScript::reload (res://addons/godotiq/godotiq_runtime.gd:1389)",
    +   "console: SCRIPT ERROR: Parse Error: Cannot infer the type of \"drone\" variable because the value doesn't have a set type.",
    +   "console:    at: GDScript::reload (res://addons/godotiq/godotiq_runtime.gd:1389)",
    +   "console: SCRIPT ERROR: Parse Error: Could not find type \"Camera3D\" in the current scope.",
    +   "console:    at: GDScript::reload (res://addons/godotiq/godotiq_runtime.gd:1447)",
    +   "console: SCRIPT ERROR: Parse Error: Could not find type \"Node3D\" in the current scope.",
    +   "console:    at: GDScript::reload (res://addons/godotiq/godotiq_runtime.gd:1525)",
    +   "console: ERROR: Failed to load script \"res://addons/godotiq/godotiq_runtime.gd\" with error \"Parse error\".",
    +   "console:    at: load (modules\\gdscript\\gdscript_resource_format.cpp:46)",
    +   "console: ERROR: Failed to instantiate an autoload, script 'res://addons/godotiq/godotiq_runtime.gd' does not inherit from 'Node'.",
    +   "console:    at: start (main\\main.cpp:4535)",
    +   "console: ERROR: Condition \"img.is_null() || img->is_empty()\" is true. Returning: Ref<Image>()",
    +   "console:    at: load_image_from_file (scene\\resources\\compressed_texture.cpp:343)",
    +   "console: ERROR: Failed loading resource: res://.godot/imported/ocean-background.png-2a45ccb46859053b8f01bbc11fd6a736.ctex.",
    +   "console:    at: _load (core\\io\\resource_loader.cpp:317)",
    +   "console: ERROR: Failed loading resource: res://resources/environment/ocean-background.png.",
    +   "console:    at: _load (core\\io\\resource_loader.cpp:317)",
    +   "console: ERROR: Condition \"img.is_null() || img->is_empty()\" is true. Returning: Ref<Image>()",
    +   "console:    at: load_image_from_file (scene\\resources\\compressed_texture.cpp:343)",
    +   "console: ERROR: Failed loading resource: res://.godot/imported/cloud-03-large-center.png-23e9b0f50f26c0e4ccb7ec3994e89e45.ctex.",
    +   "console:    at: _load (core\\io\\resource_loader.cpp:317)",
    +   "console: ERROR: Failed loading resource: res://resources/environment_sliced/clouds/cloud-03-large-center.png.",
    +   "console:    at: _load (core\\io\\resource_loader.cpp:317)",
    +   "console: ERROR: Condition \"img.is_null() || img->is_empty()\" is true. Returning: Ref<Image>()",
    +   "console:    at: load_image_from_file (scene\\resources\\compressed_texture.cpp:343)",
    +   "console: ERROR: Failed loading resource: res://.godot/imported/lighthouse-island.png-b3bf27c0debb00384efdb040f2be3868.ctex.",
    +   "console:    at: _load (core\\io\\resource_loader.cpp:317)",
    +   "console: ERROR: Failed loading resource: res://resources/environment_sliced/island/lighthouse-island.png.",
    +   "console:    at: _load (core\\io\\resource_loader.cpp:317)",
    +   "console: ERROR: Condition \"img.is_null() || img->is_empty()\" is true. Returning: Ref<Image>()",
    +   "console:    at: load_image_from_file (scene\\resources\\compressed_texture.cpp:343)",
    +   "console: ERROR: Failed loading resource: res://.godot/imported/seabed-decoration.png-f0d4b69ace78ba4676e9477aac2cf5b4.ctex.",
    +   "console:    at: _load (core\\io\\resource_loader.cpp:317)",
    +   "console: ERROR: Failed loading resource: res://resources/environment/seabed-decoration.png.",
    +   "console:    at: _load (core\\io\\resource_loader.cpp:317)",
    +   "console: ERROR: Condition \"img.is_null() || img->is_empty()\" is true. Returning: Ref<Image>()",
    +   "console:    at: load_image_from_file (scene\\resources\\compressed_texture.cpp:343)",
    +   "console: ERROR: Failed loading resource: res://.godot/imported/surface-wave-strip.png-8263ffc31adf7bb182c47f2703cc9232.ctex.",
    +   "console:    at: _load (core\\io\\resource_loader.cpp:317)",
    +   "console: ERROR: Failed loading resource: res://resources/environment/surface-wave-strip.png.",
    +   "console:    at: _load (core\\io\\resource_loader.cpp:317)",
    +   "console: ERROR: Condition \"img.is_null() || img->is_empty()\" is true. Returning: Ref<Image>()",
    +   "console:    at: load_image_from_file (scene\\resources\\compressed_texture.cpp:343)",
    +   "console: ERROR: Failed loading resource: res://.godot/imported/boat_body.png-a44818dd24af39bc0deb40c36aac93e6.ctex.",
    +   "console:    at: _load (core\\io\\resource_loader.cpp:317)",
    +   "console: ERROR: Failed loading resource: res://resources/characters/boat_body.png.",
    +   "console:    at: _load (core\\io\\resource_loader.cpp:317)",
    +   "console: ERROR: Condition \"img.is_null() || img->is_empty()\" is true. Returning: Ref<Image>()",
    +   "console:    at: load_image_from_file (scene\\resources\\compressed_texture.cpp:343)",
    +   "console: ERROR: Failed loading resource: res://.godot/imported/boy_head.png-1ace9c3ae029aca0706dd42ca966152d.ctex.",
    +   "console:    at: _load (core\\io\\resource_loader.cpp:317)",
    +   "console: ERROR: Failed loading resource: res://resources/characters/boy_head.png.",
    +   "console:    at: _load (core\\io\\resource_loader.cpp:317)",
    +   "console: ERROR: Condition \"img.is_null() || img->is_empty()\" is true. Returning: Ref<Image>()",
    +   "console:    at: load_image_from_file (scene\\resources\\compressed_texture.cpp:343)",
    +   "console: ERROR: Failed loading resource: res://.godot/imported/girl_head.png-e2bbf8e3c7c5f8647fccc7c28d70452e.ctex.",
    +   "console:    at: _load (core\\io\\resource_loader.cpp:317)",
    +   "console: ERROR: Failed loading resource: res://resources/characters/girl_head.png.",
    +   "console:    at: _load (core\\io\\resource_loader.cpp:317)",
    +   "console: ERROR: Condition \"img.is_null() || img->is_empty()\" is true. Returning: Ref<Image>()",
    +   "console:    at: load_image_from_file (scene\\resources\\compressed_texture.cpp:343)",
    +   "console: ERROR: Failed loading resource: res://.godot/imported/blue-small-swim.png-108bfc0cf186a41df4ad87f6f014e3a5.ctex.",
    +   "console:    at: _load (core\\io\\resource_loader.cpp:317)",
    +   "console: ERROR: Failed loading resource: res://resources/fish/blue-small-swim.png.",
    +   "console:    at: _load (core\\io\\resource_loader.cpp:317)",
    +   "console: ERROR: Condition \"img.is_null() || img->is_empty()\" is true. Returning: Ref<Image>()",
    +   "console:    at: load_image_from_file (scene\\resources\\compressed_texture.cpp:343)",
    +   "console: ERROR: Failed loading resource: res://.godot/imported/blue-small-caught.png-50a2af6503b08e32bb30bed5b533ea4d.ctex.",
    +   "console:    at: _load (core\\io\\resource_loader.cpp:317)",
    +   "console: ERROR: Failed loading resource: res://resources/fish/blue-small-caught.png.",
    +   "console:    at: _load (core\\io\\resource_loader.cpp:317)",
    +   "console: ERROR: Condition \"img.is_null() || img->is_empty()\" is true. Returning: Ref<Image>()",
    +   "console:    at: load_image_from_file (scene\\resources\\compressed_texture.cpp:343)",
    +   "console: ERROR: Failed loading resource: res://.godot/imported/green-scrap-swim.png-ea4b871e4dc5a9c0a1b85b615e88e4a2.ctex.",
    +   "console:    at: _load (core\\io\\resource_loader.cpp:317)",
    +   "console: ERROR: Failed loading resource: res://resources/fish/green-scrap-swim.png.",
    +   "console:    at: _load (core\\io\\resource_loader.cpp:317)",
    +   "console: ERROR: Condition \"img.is_null() || img->is_empty()\" is true. Returning: Ref<Image>()",
    +   "console:    at: load_image_from_file (scene\\resources\\compressed_texture.cpp:343)",
    +   "console: ERROR: Failed loading resource: res://.godot/imported/green-scrap-caught.png-3e77a518be6ae73c7aefba624c602a65.ctex.",
    +   "console:    at: _load (core\\io\\resource_loader.cpp:317)",
    +   "console: ERROR: Failed loading resource: res://resources/fish/green-scrap-caught.png.",
    +   "console:    at: _load (core\\io\\resource_loader.cpp:317)",
    +   "console: ERROR: Condition \"img.is_null() || img->is_empty()\" is true. Returning: Ref<Image>()",
    +   "console:    at: load_image_from_file (scene\\resources\\compressed_texture.cpp:343)",
    +   "console: ERROR: Failed loading resource: res://.godot/imported/yellow-striped-swim.png-2ed02746ea87c33e1eba940383d8cc49.ctex.",
    +   "console:    at: _load (core\\io\\resource_loader.cpp:317)",
    +   "console: ERROR: Failed loading resource: res://resources/fish/yellow-striped-swim.png.",
    +   "console:    at: _load (core\\io\\resource_loader.cpp:317)",
    +   "console: ERROR: Condition \"img.is_null() || img->is_empty()\" is true. Returning: Ref<Image>()",
    +   "console:    at: load_image_from_file (scene\\resources\\compressed_texture.cpp:343)",
    +   "console: ERROR: Failed loading resource: res://.godot/imported/yellow-striped-caught.png-9be6116b1904b3e231806f4c62136729.ctex.",
    +   "console:    at: _load (core\\io\\resource_loader.cpp:317)",
    +   "console: ERROR: Failed loading resource: res://resources/fish/yellow-striped-caught.png.",
    +   "console:    at: _load (core\\io\\resource_loader.cpp:317)",
    +   "console: ERROR: Condition \"img.is_null() || img->is_empty()\" is true. Returning: Ref<Image>()",
    +   "console:    at: load_image_from_file (scene\\resources\\compressed_texture.cpp:343)",
    +   "console: ERROR: Failed loading resource: res://.godot/imported/crab.png-2d22402a2bcc28e5d37f3445427315c8.ctex.",
    +   "console:    at: _load (core\\io\\resource_loader.cpp:317)",
    +   "console: ERROR: Failed loading resource: res://resources/creatures/crab.png.",
    +   "console:    at: _load (core\\io\\resource_loader.cpp:317)",
    +   "console: ERROR: Condition \"img.is_null() || img->is_empty()\" is true. Returning: Ref<Image>()",
    +   "console:    at: load_image_from_file (scene\\resources\\compressed_texture.cpp:343)",
    +   "console: ERROR: Failed loading resource: res://.godot/imported/jellyfish.png-97f7a9ea8459531aa3483f4c014a16d2.ctex.",
    +   "console:    at: _load (core\\io\\resource_loader.cpp:317)",
    +   "console: ERROR: Failed loading resource: res://resources/creatures/jellyfish.png.",
    +   "console:    at: _load (core\\io\\resource_loader.cpp:317)",
    +   "console: ERROR: Condition \"img.is_null() || img->is_empty()\" is true. Returning: Ref<Image>()",
    +   "console:    at: load_image_from_file (scene\\resources\\compressed_texture.cpp:343)",
    +   "console: ERROR: Failed loading resource: res://.godot/imported/old-boot.png-660b38fd139cb277d9b5187fd80f9adb.ctex.",
    +   "console:    at: _load (core\\io\\resource_loader.cpp:317)",
    +   "console: ERROR: Failed loading resource: res://resources/pickups/old-boot.png.",
    +   "console:    at: _load (core\\io\\resource_loader.cpp:317)",
    +   "console: ERROR: Condition \"img.is_null() || img->is_empty()\" is true. Returning: Ref<Image>()",
    +   "console:    at: load_image_from_file (scene\\resources\\compressed_texture.cpp:343)",
    +   "console: ERROR: Failed loading resource: res://.godot/imported/tin-can.png-8d501993c9c3d420539166a37bf87a0b.ctex.",
    +   "console:    at: _load (core\\io\\resource_loader.cpp:317)",
    +   "console: ERROR: Failed loading resource: res://resources/pickups/tin-can.png.",
    +   "console:    at: _load (core\\io\\resource_loader.cpp:317)",
    +   "console: ERROR: Condition \"img.is_null() || img->is_empty()\" is true. Returning: Ref<Image>()",
    +   "console:    at: load_image_from_file (scene\\resources\\compressed_texture.cpp:343)",
    +   "console: ERROR: Failed loading resource: res://.godot/imported/speed-reel.png-2f472c4ec1f16e54e1a959c42a50cb7a.ctex.",
    +   "console:    at: _load (core\\io\\resource_loader.cpp:317)",
    +   "console: ERROR: Failed loading resource: res://resources/powerups/speed-reel.png.",
    +   "console:    at: _load (core\\io\\resource_loader.cpp:317)",
    +   "console: ERROR: Condition \"img.is_null() || img->is_empty()\" is true. Returning: Ref<Image>()",
    +   "console:    at: load_image_from_file (scene\\resources\\compressed_texture.cpp:343)",
    +   "console: ERROR: Failed loading resource: res://.godot/imported/purple-giant-swim.png-e3dd90ee30cb0648ab2f98b60c55b957.ctex.",
    +   "console:    at: _load (core\\io\\resource_loader.cpp:317)",
    +   "console: ERROR: Failed loading resource: res://resources/fish/purple-giant-swim.png.",
    +   "console:    at: _load (core\\io\\resource_loader.cpp:317)",
    +   "console: ERROR: Condition \"img.is_null() || img->is_empty()\" is true. Returning: Ref<Image>()",
    +   "console:    at: load_image_from_file (scene\\resources\\compressed_texture.cpp:343)",
    +   "console: ERROR: Failed loading resource: res://.godot/imported/purple-giant-caught.png-0f269105a0618c79cfa42845560912cd.ctex.",
    +   "console:    at: _load (core\\io\\resource_loader.cpp:317)",
    +   "console: ERROR: Failed loading resource: res://resources/fish/purple-giant-caught.png.",
    +   "console:    at: _load (core\\io\\resource_loader.cpp:317)",
    +   "console: ERROR: Condition \"img.is_null() || img->is_empty()\" is true. Returning: Ref<Image>()",
    +   "console:    at: load_image_from_file (scene\\resources\\compressed_texture.cpp:343)",
    +   "console: ERROR: Failed loading resource: res://.godot/imported/pearl-shell.png-407d7aad2fb7af8d4007c646d8d1cf2e.ctex.",
    +   "console:    at: _load (core\\io\\resource_loader.cpp:317)",
    +   "console: ERROR: Failed loading resource: res://resources/pickups/pearl-shell.png.",
    +   "console:    at: _load (core\\io\\resource_loader.cpp:317)",
    +   "console: ERROR: Condition \"img.is_null() || img->is_empty()\" is true. Returning: Ref<Image>()",
    +   "console:    at: load_image_from_file (scene\\resources\\compressed_texture.cpp:343)",
    +   "console: ERROR: Failed loading resource: res://.godot/imported/tire.png-c26f578583a32f1a9c1c9f2acdbd0330.ctex.",
    +   "console:    at: _load (core\\io\\resource_loader.cpp:317)",
    +   "console: ERROR: Failed loading resource: res://resources/pickups/tire.png.",
    +   "console:    at: _load (core\\io\\resource_loader.cpp:317)",
    +   "console: ERROR: Condition \"img.is_null() || img->is_empty()\" is true. Returning: Ref<Image>()",
    +   "console:    at: load_image_from_file (scene\\resources\\compressed_texture.cpp:343)",
    +   "console: ERROR: Failed loading resource: res://.godot/imported/pufferfish-swim.png-d59415bc822be0d9ac451420e3c1fe52.ctex.",
    +   "console:    at: _load (core\\io\\resource_loader.cpp:317)",
    +   "console: ERROR: Failed loading resource: res://resources/fish/pufferfish-swim.png.",
    +   "console:    at: _load (core\\io\\resource_loader.cpp:317)",
    +   "console: ERROR: Condition \"img.is_null() || img->is_empty()\" is true. Returning: Ref<Image>()",
    +   "console:    at: load_image_from_file (scene\\resources\\compressed_texture.cpp:343)",
    +   "console: ERROR: Failed loading resource: res://.godot/imported/pufferfish-caught.png-eef9d991bdc95cdd13e86710a435cf5a.ctex.",
    +   "console:    at: _load (core\\io\\resource_loader.cpp:317)",
    +   "console: ERROR: Failed loading resource: res://resources/fish/pufferfish-caught.png.",
    +   "console:    at: _load (core\\io\\resource_loader.cpp:317)",
    +   "console: ERROR: Condition \"img.is_null() || img->is_empty()\" is true. Returning: Ref<Image>()",
    +   "console:    at: load_image_from_file (scene\\resources\\compressed_texture.cpp:343)",
    +   "console: ERROR: Failed loading resource: res://.godot/imported/seahorse-swim.png-6094f29e7fa01e7637da16a8ff41e04e.ctex.",
    +   "console:    at: _load (core\\io\\resource_loader.cpp:317)",
    +   "console: ERROR: Failed loading resource: res://resources/fish/seahorse-swim.png.",
    +   "console:    at: _load (core\\io\\resource_loader.cpp:317)",
    +   "console: ERROR: Condition \"img.is_null() || img->is_empty()\" is true. Returning: Ref<Image>()",
    +   "console:    at: load_image_from_file (scene\\resources\\compressed_texture.cpp:343)",
    +   "console: ERROR: Failed loading resource: res://.godot/imported/seahorse-caught.png-86468c76bbe455c12927574e8ecba89e.ctex.",
    +   "console:    at: _load (core\\io\\resource_loader.cpp:317)",
    +   "console: ERROR: Failed loading resource: res://resources/fish/seahorse-caught.png.",
    +   "console:    at: _load (core\\io\\resource_loader.cpp:317)",
    +   "console: ERROR: Condition \"img.is_null() || img->is_empty()\" is true. Returning: Ref<Image>()",
    +   "console:    at: load_image_from_file (scene\\resources\\compressed_texture.cpp:343)",
    +   "console: ERROR: Failed loading resource: res://.godot/imported/giant-hook.png-432a27d8fb2c10fc479a296094ea71f1.ctex.",
    +   "console:    at: _load (core\\io\\resource_loader.cpp:317)",
    +   "console: ERROR: Failed loading resource: res://resources/powerups/giant-hook.png.",
    +   "console:    at: _load (core\\io\\resource_loader.cpp:317)",
    +   "console: ERROR: Condition \"img.is_null() || img->is_empty()\" is true. Returning: Ref<Image>()",
    +   "console:    at: load_image_from_file (scene\\resources\\compressed_texture.cpp:343)",
    +   "console: ERROR: Failed loading resource: res://.godot/imported/orange-rare-swim.png-0fc04f7531799bde76aea21d0a2d219a.ctex.",
    +   "console:    at: _load (core\\io\\resource_loader.cpp:317)",
    +   "console: ERROR: Failed loading resource: res://resources/fish/orange-rare-swim.png.",
    +   "console:    at: _load (core\\io\\resource_loader.cpp:317)",
    +   "console: ERROR: Condition \"img.is_null() || img->is_empty()\" is true. Returning: Ref<Image>()",
    +   "console:    at: load_image_from_file (scene\\resources\\compressed_texture.cpp:343)",
    +   "console: ERROR: Failed loading resource: res://.godot/imported/orange-rare-caught.png-045946cc4077fe9ef0c9a9a80028eabe.ctex.",
    +   "console:    at: _load (core\\io\\resource_loader.cpp:317)",
    +   "console: ERROR: Failed loading resource: res://resources/fish/orange-rare-caught.png.",
    +   "console:    at: _load (core\\io\\resource_loader.cpp:317)",
    +   "console: ERROR: Condition \"img.is_null() || img->is_empty()\" is true. Returning: Ref<Image>()",
    +   "console:    at: load_image_from_file (scene\\resources\\compressed_texture.cpp:343)",
    +   "console: ERROR: Failed loading resource: res://.godot/imported/treasure-chest.png-626816cb3e5027ec058c0dc07a253720.ctex.",
    +   "console:    at: _load (core\\io\\resource_loader.cpp:317)",
    +   "console: ERROR: Failed loading resource: res://resources/pickups/treasure-chest.png.",
    +   "console:    at: _load (core\\io\\resource_loader.cpp:317)",
    +   "console: ERROR: Condition \"img.is_null() || img->is_empty()\" is true. Returning: Ref<Image>()",
    +   "console:    at: load_image_from_file (scene\\resources\\compressed_texture.cpp:343)",
    +   "console: ERROR: Failed loading resource: res://.godot/imported/squid.png-e137f4fc2ec8cc5ea4cf51465731dffa.ctex.",
    +   "console:    at: _load (core\\io\\resource_loader.cpp:317)",
    +   "console: ERROR: Failed loading resource: res://resources/creatures/squid.png.",
    +   "console:    at: _load (core\\io\\resource_loader.cpp:317)",
    +   "console: ERROR: Condition \"img.is_null() || img->is_empty()\" is true. Returning: Ref<Image>()",
    +   "console:    at: load_image_from_file (scene\\resources\\compressed_texture.cpp:343)",
    +   "console: ERROR: Failed loading resource: res://.godot/imported/sea-turtle.png-bb400f5204b9e372d7f963ad2ea866bf.ctex.",
    +   "console:    at: _load (core\\io\\resource_loader.cpp:317)",
    +   "console: ERROR: Failed loading resource: res://resources/creatures/sea-turtle.png.",
    +   "console:    at: _load (core\\io\\resource_loader.cpp:317)",
    +   "console: ERROR: Condition \"img.is_null() || img->is_empty()\" is true. Returning: Ref<Image>()",
    +   "console:    at: load_image_from_file (scene\\resources\\compressed_texture.cpp:343)",
    +   "console: ERROR: Failed loading resource: res://.godot/imported/freeze-crystal.png-f0f65d0466d2bd680a00a4a62f02a2e8.ctex.",
    +   "console:    at: _load (core\\io\\resource_loader.cpp:317)",
    +   "console: ERROR: Failed loading resource: res://resources/powerups/freeze-crystal.png.",
    +   "console:    at: _load (core\\io\\resource_loader.cpp:317)",
    +   "console: ERROR: Condition \"img.is_null() || img->is_empty()\" is true. Returning: Ref<Image>()",
    +   "console:    at: load_image_from_file (scene\\resources\\compressed_texture.cpp:343)",
    +   "console: ERROR: Failed loading resource: res://.godot/imported/claw-hook.png-658ac30bfb83d5f7eca89426361d584e.ctex.",
    +   "console:    at: _load (core\\io\\resource_loader.cpp:317)",
    +   "console: ERROR: Failed loading resource: res://resources/tools/claw-hook.png.",
    +   "console:    at: _load (core\\io\\resource_loader.cpp:317)",
    +   "console: ERROR: Condition \"img.is_null() || img->is_empty()\" is true. Returning: Ref<Image>()",
    +   "console:    at: load_image_from_file (scene\\resources\\compressed_texture.cpp:343)",
    +   "console: ERROR: Failed loading resource: res://.godot/imported/icon-coin.svg-c93d0f43093edde5eb300f03d7a12239.ctex.",
    +   "console:    at: _load (core\\io\\resource_loader.cpp:317)",
    +   "console: ERROR: Failed loading resource: res://resources/ui/icon-coin.svg.",
    +   "console:    at: _load (core\\io\\resource_loader.cpp:317)",
    +   "console: ERROR: Condition \"img.is_null() || img->is_empty()\" is true. Returning: Ref<Image>()",
    +   "console:    at: load_image_from_file (scene\\resources\\compressed_texture.cpp:343)",
    +   "console: ERROR: Failed loading resource: res://.godot/imported/icon-clock.svg-6546705e8cf8393b8ea9021e02292a05.ctex.",
    +   "console:    at: _load (core\\io\\resource_loader.cpp:317)",
    +   "console: ERROR: Failed loading resource: res://resources/ui/icon-clock.svg.",
    +   "console:    at: _load (core\\io\\resource_loader.cpp:317)",
    +   "console: ERROR: Catchable has an invalid definition: BlueSmall",
    +   "console:    at: push_error (core\\variant\\variant_utility.cpp:1023)",
    +   "console: ERROR: Catchable has an invalid definition: GreenScrap",
    +   "console:    at: push_error (core\\variant\\variant_utility.cpp:1023)",
    +   "console: ERROR: Catchable has an invalid definition: YellowStriped",
    +   "console:    at: push_error (core\\variant\\variant_utility.cpp:1023)",
    +   "console: ERROR: Catchable has an invalid definition: Crab",
    +   "console:    at: push_error (core\\variant\\variant_utility.cpp:1023)",
    +   "console: ERROR: Catchable has an invalid definition: Jellyfish",
    +   "console:    at: push_error (core\\variant\\variant_utility.cpp:1023)",
    +   "console: ERROR: Catchable has an invalid definition: OldBoot",
    +   "console:    at: push_error (core\\variant\\variant_utility.cpp:1023)",
    +   "console: ERROR: Catchable has an invalid definition: TinCan",
    +   "console:    at: push_error (core\\variant\\variant_utility.cpp:1023)",
    +   "console: ERROR: PowerupPickup has an invalid definition: SpeedReel",
    +   "console:    at: push_error (core\\variant\\variant_utility.cpp:1023)",
    +   "console: ERROR: Catchable has an invalid definition: PurpleGiant",
    +   "console:    at: push_error (core\\variant\\variant_utility.cpp:1023)",
    +   "console: ERROR: Catchable has an invalid definition: PearlShell",
    +   "console:    at: push_error (core\\variant\\variant_utility.cpp:1023)",
    +   "console: ERROR: Catchable has an invalid definition: Tire",
    +   "console:    at: push_error (core\\variant\\variant_utility.cpp:1023)",
    +   "console: ERROR: Catchable has an invalid definition: Pufferfish",
    +   "console:    at: push_error (core\\variant\\variant_utility.cpp:1023)",
    +   "console: ERROR: Catchable has an invalid definition: Seahorse",
    +   "console:    at: push_error (core\\variant\\variant_utility.cpp:1023)",
    +   "console: ERROR: PowerupPickup has an invalid definition: GiantHook",
    +   "console:    at: push_error (core\\variant\\variant_utility.cpp:1023)",
    +   "console: ERROR: Catchable has an invalid definition: OrangeRare",
    +   "console:    at: push_error (core\\variant\\variant_utility.cpp:1023)",
    +   "console: ERROR: Catchable has an invalid definition: TreasureChest",
    +   "console:    at: push_error (core\\variant\\variant_utility.cpp:1023)",
    +   "console: ERROR: Catchable has an invalid definition: Squid",
    +   "console:    at: push_error (core\\variant\\variant_utility.cpp:1023)",
    +   "console: ERROR: Catchable has an invalid definition: SeaTurtle",
    +   "console:    at: push_error (core\\variant\\variant_utility.cpp:1023)",
    +   "console: ERROR: PowerupPickup has an invalid definition: FreezeCrystal",
    +   "console:    at: push_error (core\\variant\\variant_utility.cpp:1023)",
    +   "console: SCRIPT ERROR: Parse Error: Cannot infer the type of \"camera\" variable because the value doesn't have a set type.",
    +   "console:    at: GDScript::reload (res://addons/godotiq/godotiq_runtime.gd:463)",
    +   "console: SCRIPT ERROR: Parse Error: Cannot infer the type of \"screen_pos\" variable because the value doesn't have a set type.",
    +   "console:    at: GDScript::reload (res://addons/godotiq/godotiq_runtime.gd:468)",
    +   "console: SCRIPT ERROR: Parse Error: Cannot infer the type of \"world\" variable because the value doesn't have a set type.",
    +   "console:    at: GDScript::reload (res://addons/godotiq/godotiq_runtime.gd:944)",
    +   "console: SCRIPT ERROR: Parse Error: Could not find type \"Node3D\" in the current scope.",
    +   "console:    at: GDScript::reload (res://addons/godotiq/godotiq_runtime.gd:958)",
    +   "console: SCRIPT ERROR: Parse Error: Could not find type \"Node3D\" in the current scope.",
    +   "console:    at: GDScript::reload (res://addons/godotiq/godotiq_runtime.gd:963)",
    +   "console: SCRIPT ERROR: Parse Error: Could not find type \"Node3D\" in the current scope.",
    +   "console:    at: GDScript::reload (res://addons/godotiq/godotiq_runtime.gd:972)",
    +   "console: SCRIPT ERROR: Parse Error: Could not find type \"Node3D\" in the current scope.",
    +   "console:    at: GDScript::reload (res://addons/godotiq/godotiq_runtime.gd:977)",
    +   "console: SCRIPT ERROR: Parse Error: Identifier \"NavigationServer3D\" not declared in the current scope.",
    +   "console:    at: GDScript::reload (res://addons/godotiq/godotiq_runtime.gd:984)",
    +   "console: SCRIPT ERROR: Parse Error: Cannot infer the type of \"closest_from\" variable because the value doesn't have a set type.",
    +   "console:    at: GDScript::reload (res://addons/godotiq/godotiq_runtime.gd:984)",
    +   "console: SCRIPT ERROR: Parse Error: Identifier \"NavigationServer3D\" not declared in the current scope.",
    +   "console:    at: GDScript::reload (res://addons/godotiq/godotiq_runtime.gd:985)",
    +   "console: SCRIPT ERROR: Parse Error: Cannot infer the type of \"closest_to\" variable because the value doesn't have a set type.",
    +   "console:    at: GDScript::reload (res://addons/godotiq/godotiq_runtime.gd:985)",
    +   "console: SCRIPT ERROR: Parse Error: Identifier \"NavigationServer3D\" not declared in the current scope.",
    +   "console:    at: GDScript::reload (res://addons/godotiq/godotiq_runtime.gd:991)",
    +   "console: SCRIPT ERROR: Parse Error: Could not find type \"RichTextLabel\" in the current scope.",
    +   "console:    at: GDScript::reload (res://addons/godotiq/godotiq_runtime.gd:1268)",
    +   "console: SCRIPT ERROR: Parse Error: Could not find type \"RichTextLabel\" in the current scope.",
    +   "console:    at: GDScript::reload (res://addons/godotiq/godotiq_runtime.gd:1269)",
    +   "console: SCRIPT ERROR: Parse Error: Could not find type \"TextEdit\" in the current scope.",
    +   "console:    at: GDScript::reload (res://addons/godotiq/godotiq_runtime.gd:1274)",
    +   "console: SCRIPT ERROR: Parse Error: Could not find type \"TextEdit\" in the current scope.",
    +   "console:    at: GDScript::reload (res://addons/godotiq/godotiq_runtime.gd:1275)",
    +   "console: SCRIPT ERROR: Parse Error: Could not find type \"SpinBox\" in the current scope.",
    +   "console:    at: GDScript::reload (res://addons/godotiq/godotiq_runtime.gd:1281)",
    +   "console: SCRIPT ERROR: Parse Error: Could not find type \"SpinBox\" in the current scope.",
    +   "console:    at: GDScript::reload (res://addons/godotiq/godotiq_runtime.gd:1283)",
    +   "console: SCRIPT ERROR: Parse Error: Could not find type \"Camera3D\" in the current scope.",
    +   "console:    at: GDScript::reload (res://addons/godotiq/godotiq_runtime.gd:1383)",
    +   "console: SCRIPT ERROR: Parse Error: Identifier \"Camera3D\" not declared in the current scope.",
    +   "console:    at: GDScript::reload (res://addons/godotiq/godotiq_runtime.gd:1389)",
    +   "console: SCRIPT ERROR: Parse Error: Cannot infer the type of \"drone\" variable because the value doesn't have a set type.",
    +   "console:    at: GDScript::reload (res://addons/godotiq/godotiq_runtime.gd:1389)",
    +   "console: SCRIPT ERROR: Parse Error: Could not find type \"Camera3D\" in the current scope.",
    +   "console:    at: GDScript::reload (res://addons/godotiq/godotiq_runtime.gd:1447)",
    +   "console: SCRIPT ERROR: Parse Error: Could not find type \"Node3D\" in the current scope.",
    +   "console:    at: GDScript::reload (res://addons/godotiq/godotiq_runtime.gd:1525)",
    +   "console: ERROR: Failed to load script \"res://addons/godotiq/godotiq_runtime.gd\" with error \"Parse error\".",
    +   "console:    at: load (modules\\gdscript\\gdscript_resource_format.cpp:46)",
    +   "console: ERROR: Failed to instantiate an autoload, script 'res://addons/godotiq/godotiq_runtime.gd' does not inherit from 'Node'.",
    +   "console:    at: start (main\\main.cpp:4535)",
    +   "console: ERROR: Condition \"img.is_null() || img->is_empty()\" is true. Returning: Ref<Image>()",
    +   "console:    at: load_image_from_file (scene\\resources\\compressed_texture.cpp:343)",
    +   "console: ERROR: Failed loading resource: res://.godot/imported/ocean-background.png-2a45ccb46859053b8f01bbc11fd6a736.ctex.",
    +   "console:    at: _load (core\\io\\resource_loader.cpp:317)",
    +   "console: ERROR: Failed loading resource: res://resources/environment/ocean-background.png.",
    +   "console:    at: _load (core\\io\\resource_loader.cpp:317)",
    +   "console: ERROR: Condition \"img.is_null() || img->is_empty()\" is true. Returning: Ref<Image>()",
    +   "console:    at: load_image_from_file (scene\\resources\\compressed_texture.cpp:343)",
    +   "console: ERROR: Failed loading resource: res://.godot/imported/cloud-03-large-center.png-23e9b0f50f26c0e4ccb7ec3994e89e45.ctex.",
    +   "console:    at: _load (core\\io\\resource_loader.cpp:317)",
    +   "console: ERROR: Failed loading resource: res://resources/environment_sliced/clouds/cloud-03-large-center.png.",
    +   "console:    at: _load (core\\io\\resource_loader.cpp:317)",
    +   "console: ERROR: Condition \"img.is_null() || img->is_empty()\" is true. Returning: Ref<Image>()",
    +   "console:    at: load_image_from_file (scene\\resources\\compressed_texture.cpp:343)",
    +   "console: ERROR: Failed loading resource: res://.godot/imported/lighthouse-island.png-b3bf27c0debb00384efdb040f2be3868.ctex.",
    +   "console:    at: _load (core\\io\\resource_loader.cpp:317)",
    +   "console: ERROR: Failed loading resource: res://resources/environment_sliced/island/lighthouse-island.png.",
    +   "console:    at: _load (core\\io\\resource_loader.cpp:317)",
    +   "console: ERROR: Condition \"img.is_null() || img->is_empty()\" is true. Returning: Ref<Image>()",
    +   "console:    at: load_image_from_file (scene\\resources\\compressed_texture.cpp:343)",
    +   "console: ERROR: Failed loading resource: res://.godot/imported/seabed-decoration.png-f0d4b69ace78ba4676e9477aac2cf5b4.ctex.",
    +   "console:    at: _load (core\\io\\resource_loader.cpp:317)",
    +   "console: ERROR: Failed loading resource: res://resources/environment/seabed-decoration.png.",
    +   "console:    at: _load (core\\io\\resource_loader.cpp:317)",
    +   "console: ERROR: Condition \"img.is_null() || img->is_empty()\" is true. Returning: Ref<Image>()",
    +   "console:    at: load_image_from_file (scene\\resources\\compressed_texture.cpp:343)",
    +   "console: ERROR: Failed loading resource: res://.godot/imported/surface-wave-strip.png-8263ffc31adf7bb182c47f2703cc9232.ctex.",
    +   "console:    at: _load (core\\io\\resource_loader.cpp:317)",
    +   "console: ERROR: Failed loading resource: res://resources/environment/surface-wave-strip.png.",
    +   "console:    at: _load (core\\io\\resource_loader.cpp:317)",
    +   "console: ERROR: Condition \"img.is_null() || img->is_empty()\" is true. Returning: Ref<Image>()",
    +   "console:    at: load_image_from_file (scene\\resources\\compressed_texture.cpp:343)",
    +   "console: ERROR: Failed loading resource: res://.godot/imported/boat_body.png-a44818dd24af39bc0deb40c36aac93e6.ctex.",
    +   "console:    at: _load (core\\io\\resource_loader.cpp:317)",
    +   "console: ERROR: Failed loading resource: res://resources/characters/boat_body.png.",
    +   "console:    at: _load (core\\io\\resource_loader.cpp:317)",
    +   "console: ERROR: Condition \"img.is_null() || img->is_empty()\" is true. Returning: Ref<Image>()",
    +   "console:    at: load_image_from_file (scene\\resources\\compressed_texture.cpp:343)",
    +   "console: ERROR: Failed loading resource: res://.godot/imported/boy_head.png-1ace9c3ae029aca0706dd42ca966152d.ctex.",
    +   "console:    at: _load (core\\io\\resource_loader.cpp:317)",
    +   "console: ERROR: Failed loading resource: res://resources/characters/boy_head.png.",
    +   "console:    at: _load (core\\io\\resource_loader.cpp:317)",
    +   "console: ERROR: Condition \"img.is_null() || img->is_empty()\" is true. Returning: Ref<Image>()",
    +   "console:    at: load_image_from_file (scene\\resources\\compressed_texture.cpp:343)",
    +   "console: ERROR: Failed loading resource: res://.godot/imported/girl_head.png-e2bbf8e3c7c5f8647fccc7c28d70452e.ctex.",
    +   "console:    at: _load (core\\io\\resource_loader.cpp:317)",
    +   "console: ERROR: Failed loading resource: res://resources/characters/girl_head.png.",
    +   "console:    at: _load (core\\io\\resource_loader.cpp:317)",
    +   "console: ERROR: Condition \"img.is_null() || img->is_empty()\" is true. Returning: Ref<Image>()",
    +   "console:    at: load_image_from_file (scene\\resources\\compressed_texture.cpp:343)",
    +   "console: ERROR: Failed loading resource: res://.godot/imported/blue-small-swim.png-108bfc0cf186a41df4ad87f6f014e3a5.ctex.",
    +   "console:    at: _load (core\\io\\resource_loader.cpp:317)",
    +   "console: ERROR: Failed loading resource: res://resources/fish/blue-small-swim.png.",
    +   "console:    at: _load (core\\io\\resource_loader.cpp:317)",
    +   "console: ERROR: Condition \"img.is_null() || img->is_empty()\" is true. Returning: Ref<Image>()",
    +   "console:    at: load_image_from_file (scene\\resources\\compressed_texture.cpp:343)",
    +   "console: ERROR: Failed loading resource: res://.godot/imported/blue-small-caught.png-50a2af6503b08e32bb30bed5b533ea4d.ctex.",
    +   "console:    at: _load (core\\io\\resource_loader.cpp:317)",
    +   "console: ERROR: Failed loading resource: res://resources/fish/blue-small-caught.png.",
    +   "console:    at: _load (core\\io\\resource_loader.cpp:317)",
    +   "console: ERROR: Condition \"img.is_null() || img->is_empty()\" is true. Returning: Ref<Image>()",
    +   "console:    at: load_image_from_file (scene\\resources\\compressed_texture.cpp:343)",
    +   "console: ERROR: Failed loading resource: res://.godot/imported/green-scrap-swim.png-ea4b871e4dc5a9c0a1b85b615e88e4a2.ctex.",
    +   "console:    at: _load (core\\io\\resource_loader.cpp:317)",
    +   "console: ERROR: Failed loading resource: res://resources/fish/green-scrap-swim.png.",
    +   "console:    at: _load (core\\io\\resource_loader.cpp:317)",
    +   "console: ERROR: Condition \"img.is_null() || img->is_empty()\" is true. Returning: Ref<Image>()",
    +   "console:    at: load_image_from_file (scene\\resources\\compressed_texture.cpp:343)",
    +   "console: ERROR: Failed loading resource: res://.godot/imported/green-scrap-caught.png-3e77a518be6ae73c7aefba624c602a65.ctex.",
    +   "console:    at: _load (core\\io\\resource_loader.cpp:317)",
    +   "console: ERROR: Failed loading resource: res://resources/fish/green-scrap-caught.png.",
    +   "console:    at: _load (core\\io\\resource_loader.cpp:317)",
    +   "console: ERROR: Condition \"img.is_null() || img->is_empty()\" is true. Returning: Ref<Image>()",
    +   "console:    at: load_image_from_file (scene\\resources\\compressed_texture.cpp:343)",
    +   "console: ERROR: Failed loading resource: res://.godot/imported/yellow-striped-swim.png-2ed02746ea87c33e1eba940383d8cc49.ctex.",
    +   "console:    at: _load (core\\io\\resource_loader.cpp:317)",
    +   "console: ERROR: Failed loading resource: res://resources/fish/yellow-striped-swim.png.",
    +   "console:    at: _load (core\\io\\resource_loader.cpp:317)",
    +   "console: ERROR: Condition \"img.is_null() || img->is_empty()\" is true. Returning: Ref<Image>()",
    +   "console:    at: load_image_from_file (scene\\resources\\compressed_texture.cpp:343)",
    +   "console: ERROR: Failed loading resource: res://.godot/imported/yellow-striped-caught.png-9be6116b1904b3e231806f4c62136729.ctex.",
    +   "console:    at: _load (core\\io\\resource_loader.cpp:317)",
    +   "console: ERROR: Failed loading resource: res://resources/fish/yellow-striped-caught.png.",
    +   "console:    at: _load (core\\io\\resource_loader.cpp:317)",
    +   "console: ERROR: Condition \"img.is_null() || img->is_empty()\" is true. Returning: Ref<Image>()",
    +   "console:    at: load_image_from_file (scene\\resources\\compressed_texture.cpp:343)",
    +   "console: ERROR: Failed loading resource: res://.godot/imported/crab.png-2d22402a2bcc28e5d37f3445427315c8.ctex.",
    +   "console:    at: _load (core\\io\\resource_loader.cpp:317)",
    +   "console: ERROR: Failed loading resource: res://resources/creatures/crab.png.",
    +   "console:    at: _load (core\\io\\resource_loader.cpp:317)",
    +   "console: ERROR: Condition \"img.is_null() || img->is_empty()\" is true. Returning: Ref<Image>()",
    +   "console:    at: load_image_from_file (scene\\resources\\compressed_texture.cpp:343)",
    +   "console: ERROR: Failed loading resource: res://.godot/imported/jellyfish.png-97f7a9ea8459531aa3483f4c014a16d2.ctex.",
    +   "console:    at: _load (core\\io\\resource_loader.cpp:317)",
    +   "console: ERROR: Failed loading resource: res://resources/creatures/jellyfish.png.",
    +   "console:    at: _load (core\\io\\resource_loader.cpp:317)",
    +   "console: ERROR: Condition \"img.is_null() || img->is_empty()\" is true. Returning: Ref<Image>()",
    +   "console:    at: load_image_from_file (scene\\resources\\compressed_texture.cpp:343)",
    +   "console: ERROR: Failed loading resource: res://.godot/imported/old-boot.png-660b38fd139cb277d9b5187fd80f9adb.ctex.",
    +   "console:    at: _load (core\\io\\resource_loader.cpp:317)",
    +   "console: ERROR: Failed loading resource: res://resources/pickups/old-boot.png.",
    +   "console:    at: _load (core\\io\\resource_loader.cpp:317)",
    +   "console: ERROR: Condition \"img.is_null() || img->is_empty()\" is true. Returning: Ref<Image>()",
    +   "console:    at: load_image_from_file (scene\\resources\\compressed_texture.cpp:343)",
    +   "console: ERROR: Failed loading resource: res://.godot/imported/tin-can.png-8d501993c9c3d420539166a37bf87a0b.ctex.",
    +   "console:    at: _load (core\\io\\resource_loader.cpp:317)",
    +   "console: ERROR: Failed loading resource: res://resources/pickups/tin-can.png.",
    +   "console:    at: _load (core\\io\\resource_loader.cpp:317)",
    +   "console: ERROR: Condition \"img.is_null() || img->is_empty()\" is true. Returning: Ref<Image>()",
    +   "console:    at: load_image_from_file (scene\\resources\\compressed_texture.cpp:343)",
    +   "console: ERROR: Failed loading resource: res://.godot/imported/speed-reel.png-2f472c4ec1f16e54e1a959c42a50cb7a.ctex.",
    +   "console:    at: _load (core\\io\\resource_loader.cpp:317)",
    +   "console: ERROR: Failed loading resource: res://resources/powerups/speed-reel.png.",
    +   "console:    at: _load (core\\io\\resource_loader.cpp:317)",
    +   "console: ERROR: Condition \"img.is_null() || img->is_empty()\" is true. Returning: Ref<Image>()",
    +   "console:    at: load_image_from_file (scene\\resources\\compressed_texture.cpp:343)",
    +   "console: ERROR: Failed loading resource: res://.godot/imported/purple-giant-swim.png-e3dd90ee30cb0648ab2f98b60c55b957.ctex.",
    +   "console:    at: _load (core\\io\\resource_loader.cpp:317)",
    +   "console: ERROR: Failed loading resource: res://resources/fish/purple-giant-swim.png.",
    +   "console:    at: _load (core\\io\\resource_loader.cpp:317)",
    +   "console: ERROR: Condition \"img.is_null() || img->is_empty()\" is true. Returning: Ref<Image>()",
    +   "console:    at: load_image_from_file (scene\\resources\\compressed_texture.cpp:343)",
    +   "console: ERROR: Failed loading resource: res://.godot/imported/purple-giant-caught.png-0f269105a0618c79cfa42845560912cd.ctex.",
    +   "console:    at: _load (core\\io\\resource_loader.cpp:317)",
    +   "console: ERROR: Failed loading resource: res://resources/fish/purple-giant-caught.png.",
    +   "console:    at: _load (core\\io\\resource_loader.cpp:317)",
    +   "console: ERROR: Condition \"img.is_null() || img->is_empty()\" is true. Returning: Ref<Image>()",
    +   "console:    at: load_image_from_file (scene\\resources\\compressed_texture.cpp:343)",
    +   "console: ERROR: Failed loading resource: res://.godot/imported/pearl-shell.png-407d7aad2fb7af8d4007c646d8d1cf2e.ctex.",
    +   "console:    at: _load (core\\io\\resource_loader.cpp:317)",
    +   "console: ERROR: Failed loading resource: res://resources/pickups/pearl-shell.png.",
    +   "console:    at: _load (core\\io\\resource_loader.cpp:317)",
    +   "console: ERROR: Condition \"img.is_null() || img->is_empty()\" is true. Returning: Ref<Image>()",
    +   "console:    at: load_image_from_file (scene\\resources\\compressed_texture.cpp:343)",
    +   "console: ERROR: Failed loading resource: res://.godot/imported/tire.png-c26f578583a32f1a9c1c9f2acdbd0330.ctex.",
    +   "console:    at: _load (core\\io\\resource_loader.cpp:317)",
    +   "console: ERROR: Failed loading resource: res://resources/pickups/tire.png.",
    +   "console:    at: _load (core\\io\\resource_loader.cpp:317)",
    +   "console: ERROR: Condition \"img.is_null() || img->is_empty()\" is true. Returning: Ref<Image>()",
    +   "console:    at: load_image_from_file (scene\\resources\\compressed_texture.cpp:343)",
    +   "console: ERROR: Failed loading resource: res://.godot/imported/pufferfish-swim.png-d59415bc822be0d9ac451420e3c1fe52.ctex.",
    +   "console:    at: _load (core\\io\\resource_loader.cpp:317)",
    +   "console: ERROR: Failed loading resource: res://resources/fish/pufferfish-swim.png.",
    +   "console:    at: _load (core\\io\\resource_loader.cpp:317)",
    +   "console: ERROR: Condition \"img.is_null() || img->is_empty()\" is true. Returning: Ref<Image>()",
    +   "console:    at: load_image_from_file (scene\\resources\\compressed_texture.cpp:343)",
    +   "console: ERROR: Failed loading resource: res://.godot/imported/pufferfish-caught.png-eef9d991bdc95cdd13e86710a435cf5a.ctex.",
    +   "console:    at: _load (core\\io\\resource_loader.cpp:317)",
    +   "console: ERROR: Failed loading resource: res://resources/fish/pufferfish-caught.png.",
    +   "console:    at: _load (core\\io\\resource_loader.cpp:317)",
    +   "console: ERROR: Condition \"img.is_null() || img->is_empty()\" is true. Returning: Ref<Image>()",
    +   "console:    at: load_image_from_file (scene\\resources\\compressed_texture.cpp:343)",
    +   "console: ERROR: Failed loading resource: res://.godot/imported/seahorse-swim.png-6094f29e7fa01e7637da16a8ff41e04e.ctex.",
    +   "console:    at: _load (core\\io\\resource_loader.cpp:317)",
    +   "console: ERROR: Failed loading resource: res://resources/fish/seahorse-swim.png.",
    +   "console:    at: _load (core\\io\\resource_loader.cpp:317)",
    +   "console: ERROR: Condition \"img.is_null() || img->is_empty()\" is true. Returning: Ref<Image>()",
    +   "console:    at: load_image_from_file (scene\\resources\\compressed_texture.cpp:343)",
    +   "console: ERROR: Failed loading resource: res://.godot/imported/seahorse-caught.png-86468c76bbe455c12927574e8ecba89e.ctex.",
    +   "console:    at: _load (core\\io\\resource_loader.cpp:317)",
    +   "console: ERROR: Failed loading resource: res://resources/fish/seahorse-caught.png.",
    +   "console:    at: _load (core\\io\\resource_loader.cpp:317)",
    +   "console: ERROR: Condition \"img.is_null() || img->is_empty()\" is true. Returning: Ref<Image>()",
    +   "console:    at: load_image_from_file (scene\\resources\\compressed_texture.cpp:343)",
    +   "console: ERROR: Failed loading resource: res://.godot/imported/giant-hook.png-432a27d8fb2c10fc479a296094ea71f1.ctex.",
    +   "console:    at: _load (core\\io\\resource_loader.cpp:317)",
    +   "console: ERROR: Failed loading resource: res://resources/powerups/giant-hook.png.",
    +   "console:    at: _load (core\\io\\resource_loader.cpp:317)",
    +   "console: ERROR: Condition \"img.is_null() || img->is_empty()\" is true. Returning: Ref<Image>()",
    +   "console:    at: load_image_from_file (scene\\resources\\compressed_texture.cpp:343)",
    +   "console: ERROR: Failed loading resource: res://.godot/imported/orange-rare-swim.png-0fc04f7531799bde76aea21d0a2d219a.ctex.",
    +   "console:    at: _load (core\\io\\resource_loader.cpp:317)",
    +   "console: ERROR: Failed loading resource: res://resources/fish/orange-rare-swim.png.",
    +   "console:    at: _load (core\\io\\resource_loader.cpp:317)",
    +   "console: ERROR: Condition \"img.is_null() || img->is_empty()\" is true. Returning: Ref<Image>()",
    +   "console:    at: load_image_from_file (scene\\resources\\compressed_texture.cpp:343)",
    +   "console: ERROR: Failed loading resource: res://.godot/imported/orange-rare-caught.png-045946cc4077fe9ef0c9a9a80028eabe.ctex.",
    +   "console:    at: _load (core\\io\\resource_loader.cpp:317)",
    +   "console: ERROR: Failed loading resource: res://resources/fish/orange-rare-caught.png.",
    +   "console:    at: _load (core\\io\\resource_loader.cpp:317)",
    +   "console: ERROR: Condition \"img.is_null() || img->is_empty()\" is true. Returning: Ref<Image>()",
    +   "console:    at: load_image_from_file (scene\\resources\\compressed_texture.cpp:343)",
    +   "console: ERROR: Failed loading resource: res://.godot/imported/treasure-chest.png-626816cb3e5027ec058c0dc07a253720.ctex.",
    +   "console:    at: _load (core\\io\\resource_loader.cpp:317)",
    +   "console: ERROR: Failed loading resource: res://resources/pickups/treasure-chest.png.",
    +   "console:    at: _load (core\\io\\resource_loader.cpp:317)",
    +   "console: ERROR: Condition \"img.is_null() || img->is_empty()\" is true. Returning: Ref<Image>()",
    +   "console:    at: load_image_from_file (scene\\resources\\compressed_texture.cpp:343)",
    +   "console: ERROR: Failed loading resource: res://.godot/imported/squid.png-e137f4fc2ec8cc5ea4cf51465731dffa.ctex.",
    +   "console:    at: _load (core\\io\\resource_loader.cpp:317)",
    +   "console: ERROR: Failed loading resource: res://resources/creatures/squid.png.",
    +   "console:    at: _load (core\\io\\resource_loader.cpp:317)",
    +   "console: ERROR: Condition \"img.is_null() || img->is_empty()\" is true. Returning: Ref<Image>()",
    +   "console:    at: load_image_from_file (scene\\resources\\compressed_texture.cpp:343)",
    +   "console: ERROR: Failed loading resource: res://.godot/imported/sea-turtle.png-bb400f5204b9e372d7f963ad2ea866bf.ctex.",
    +   "console:    at: _load (core\\io\\resource_loader.cpp:317)",
    +   "console: ERROR: Failed loading resource: res://resources/creatures/sea-turtle.png.",
    +   "console:    at: _load (core\\io\\resource_loader.cpp:317)",
    +   "console: ERROR: Condition \"img.is_null() || img->is_empty()\" is true. Returning: Ref<Image>()",
    +   "console:    at: load_image_from_file (scene\\resources\\compressed_texture.cpp:343)",
    +   "console: ERROR: Failed loading resource: res://.godot/imported/freeze-crystal.png-f0f65d0466d2bd680a00a4a62f02a2e8.ctex.",
    +   "console:    at: _load (core\\io\\resource_loader.cpp:317)",
    +   "console: ERROR: Failed loading resource: res://resources/powerups/freeze-crystal.png.",
    +   "console:    at: _load (core\\io\\resource_loader.cpp:317)",
    +   "console: ERROR: Condition \"img.is_null() || img->is_empty()\" is true. Returning: Ref<Image>()",
    +   "console:    at: load_image_from_file (scene\\resources\\compressed_texture.cpp:343)",
    +   "console: ERROR: Failed loading resource: res://.godot/imported/claw-hook.png-658ac30bfb83d5f7eca89426361d584e.ctex.",
    +   "console:    at: _load (core\\io\\resource_loader.cpp:317)",
    +   "console: ERROR: Failed loading resource: res://resources/tools/claw-hook.png.",
    +   "console:    at: _load (core\\io\\resource_loader.cpp:317)",
    +   "console: ERROR: Condition \"img.is_null() || img->is_empty()\" is true. Returning: Ref<Image>()",
    +   "console:    at: load_image_from_file (scene\\resources\\compressed_texture.cpp:343)",
    +   "console: ERROR: Failed loading resource: res://.godot/imported/icon-coin.svg-c93d0f43093edde5eb300f03d7a12239.ctex.",
    +   "console:    at: _load (core\\io\\resource_loader.cpp:317)",
    +   "console: ERROR: Failed loading resource: res://resources/ui/icon-coin.svg.",
    +   "console:    at: _load (core\\io\\resource_loader.cpp:317)",
    +   "console: ERROR: Condition \"img.is_null() || img->is_empty()\" is true. Returning: Ref<Image>()",
    +   "console:    at: load_image_from_file (scene\\resources\\compressed_texture.cpp:343)",
    +   "console: ERROR: Failed loading resource: res://.godot/imported/icon-clock.svg-6546705e8cf8393b8ea9021e02292a05.ctex.",
    +   "console:    at: _load (core\\io\\resource_loader.cpp:317)",
    +   "console: ERROR: Failed loading resource: res://resources/ui/icon-clock.svg.",
    +   "console:    at: _load (core\\io\\resource_loader.cpp:317)",
    +   "console: ERROR: Catchable has an invalid definition: BlueSmall",
    +   "console:    at: push_error (core\\variant\\variant_utility.cpp:1023)",
    +   "console: ERROR: Catchable has an invalid definition: GreenScrap",
    +   "console:    at: push_error (core\\variant\\variant_utility.cpp:1023)",
    +   "console: ERROR: Catchable has an invalid definition: YellowStriped",
    +   "console:    at: push_error (core\\variant\\variant_utility.cpp:1023)",
    +   "console: ERROR: Catchable has an invalid definition: Crab",
    +   "console:    at: push_error (core\\variant\\variant_utility.cpp:1023)",
    +   "console: ERROR: Catchable has an invalid definition: Jellyfish",
    +   "console:    at: push_error (core\\variant\\variant_utility.cpp:1023)",
    +   "console: ERROR: Catchable has an invalid definition: OldBoot",
    +   "console:    at: push_error (core\\variant\\variant_utility.cpp:1023)",
    +   "console: ERROR: Catchable has an invalid definition: TinCan",
    +   "console:    at: push_error (core\\variant\\variant_utility.cpp:1023)",
    +   "console: ERROR: PowerupPickup has an invalid definition: SpeedReel",
    +   "console:    at: push_error (core\\variant\\variant_utility.cpp:1023)",
    +   "console: ERROR: Catchable has an invalid definition: PurpleGiant",
    +   "console:    at: push_error (core\\variant\\variant_utility.cpp:1023)",
    +   "console: ERROR: Catchable has an invalid definition: PearlShell",
    +   "console:    at: push_error (core\\variant\\variant_utility.cpp:1023)",
    +   "console: ERROR: Catchable has an invalid definition: Tire",
    +   "console:    at: push_error (core\\variant\\variant_utility.cpp:1023)",
    +   "console: ERROR: Catchable has an invalid definition: Pufferfish",
    +   "console:    at: push_error (core\\variant\\variant_utility.cpp:1023)",
    +   "console: ERROR: Catchable has an invalid definition: Seahorse",
    +   "console:    at: push_error (core\\variant\\variant_utility.cpp:1023)",
    +   "console: ERROR: PowerupPickup has an invalid definition: GiantHook",
    +   "console:    at: push_error (core\\variant\\variant_utility.cpp:1023)",
    +   "console: ERROR: Catchable has an invalid definition: OrangeRare",
    +   "console:    at: push_error (core\\variant\\variant_utility.cpp:1023)",
    +   "console: ERROR: Catchable has an invalid definition: TreasureChest",
    +   "console:    at: push_error (core\\variant\\variant_utility.cpp:1023)",
    +   "console: ERROR: Catchable has an invalid definition: Squid",
    +   "console:    at: push_error (core\\variant\\variant_utility.cpp:1023)",
    +   "console: ERROR: Catchable has an invalid definition: SeaTurtle",
    +   "console:    at: push_error (core\\variant\\variant_utility.cpp:1023)",
    +   "console: ERROR: PowerupPickup has an invalid definition: FreezeCrystal",
    +   "console:    at: push_error (core\\variant\\variant_utility.cpp:1023)",
    + ]

      124 |   }
      125 |
    > 126 |   expect(browserErrors).toEqual([])
          |                         ^
      127 | })
      128 |
        at D:\godot\project\fishing-baby\tests\e2e\viewport-matrix.spec.ts:126:25

    Error: browser console and page errors

    expect(received).toEqual(expected) // deep equality

    - Expected  -   1
    + Received  + 932

    - Array []
    + Array [
    +   "console: SCRIPT ERROR: Parse Error: Cannot infer the type of \"camera\" variable because the value doesn't have a set type.",
    +   "console:    at: GDScript::reload (res://addons/godotiq/godotiq_runtime.gd:463)",
    +   "console: SCRIPT ERROR: Parse Error: Cannot infer the type of \"screen_pos\" variable because the value doesn't have a set type.",
    +   "console:    at: GDScript::reload (res://addons/godotiq/godotiq_runtime.gd:468)",
    +   "console: SCRIPT ERROR: Parse Error: Cannot infer the type of \"world\" variable because the value doesn't have a set type.",
    +   "console:    at: GDScript::reload (res://addons/godotiq/godotiq_runtime.gd:944)",
    +   "console: SCRIPT ERROR: Parse Error: Could not find type \"Node3D\" in the current scope.",
    +   "console:    at: GDScript::reload (res://addons/godotiq/godotiq_runtime.gd:958)",
    +   "console: SCRIPT ERROR: Parse Error: Could not find type \"Node3D\" in the current scope.",
    +   "console:    at: GDScript::reload (res://addons/godotiq/godotiq_runtime.gd:963)",
    +   "console: SCRIPT ERROR: Parse Error: Could not find type \"Node3D\" in the current scope.",
    +   "console:    at: GDScript::reload (res://addons/godotiq/godotiq_runtime.gd:972)",
    +   "console: SCRIPT ERROR: Parse Error: Could not find type \"Node3D\" in the current scope.",
    +   "console:    at: GDScript::reload (res://addons/godotiq/godotiq_runtime.gd:977)",
    +   "console: SCRIPT ERROR: Parse Error: Identifier \"NavigationServer3D\" not declared in the current scope.",
    +   "console:    at: GDScript::reload (res://addons/godotiq/godotiq_runtime.gd:984)",
    +   "console: SCRIPT ERROR: Parse Error: Cannot infer the type of \"closest_from\" variable because the value doesn't have a set type.",
    +   "console:    at: GDScript::reload (res://addons/godotiq/godotiq_runtime.gd:984)",
    +   "console: SCRIPT ERROR: Parse Error: Identifier \"NavigationServer3D\" not declared in the current scope.",
    +   "console:    at: GDScript::reload (res://addons/godotiq/godotiq_runtime.gd:985)",
    +   "console: SCRIPT ERROR: Parse Error: Cannot infer the type of \"closest_to\" variable because the value doesn't have a set type.",
    +   "console:    at: GDScript::reload (res://addons/godotiq/godotiq_runtime.gd:985)",
    +   "console: SCRIPT ERROR: Parse Error: Identifier \"NavigationServer3D\" not declared in the current scope.",
    +   "console:    at: GDScript::reload (res://addons/godotiq/godotiq_runtime.gd:991)",
    +   "console: SCRIPT ERROR: Parse Error: Could not find type \"RichTextLabel\" in the current scope.",
    +   "console:    at: GDScript::reload (res://addons/godotiq/godotiq_runtime.gd:1268)",
    +   "console: SCRIPT ERROR: Parse Error: Could not find type \"RichTextLabel\" in the current scope.",
    +   "console:    at: GDScript::reload (res://addons/godotiq/godotiq_runtime.gd:1269)",
    +   "console: SCRIPT ERROR: Parse Error: Could not find type \"TextEdit\" in the current scope.",
    +   "console:    at: GDScript::reload (res://addons/godotiq/godotiq_runtime.gd:1274)",
    +   "console: SCRIPT ERROR: Parse Error: Could not find type \"TextEdit\" in the current scope.",
    +   "console:    at: GDScript::reload (res://addons/godotiq/godotiq_runtime.gd:1275)",
    +   "console: SCRIPT ERROR: Parse Error: Could not find type \"SpinBox\" in the current scope.",
    +   "console:    at: GDScript::reload (res://addons/godotiq/godotiq_runtime.gd:1281)",
    +   "console: SCRIPT ERROR: Parse Error: Could not find type \"SpinBox\" in the current scope.",
    +   "console:    at: GDScript::reload (res://addons/godotiq/godotiq_runtime.gd:1283)",
    +   "console: SCRIPT ERROR: Parse Error: Could not find type \"Camera3D\" in the current scope.",
    +   "console:    at: GDScript::reload (res://addons/godotiq/godotiq_runtime.gd:1383)",
    +   "console: SCRIPT ERROR: Parse Error: Identifier \"Camera3D\" not declared in the current scope.",
    +   "console:    at: GDScript::reload (res://addons/godotiq/godotiq_runtime.gd:1389)",
    +   "console: SCRIPT ERROR: Parse Error: Cannot infer the type of \"drone\" variable because the value doesn't have a set type.",
    +   "console:    at: GDScript::reload (res://addons/godotiq/godotiq_runtime.gd:1389)",
    +   "console: SCRIPT ERROR: Parse Error: Could not find type \"Camera3D\" in the current scope.",
    +   "console:    at: GDScript::reload (res://addons/godotiq/godotiq_runtime.gd:1447)",
    +   "console: SCRIPT ERROR: Parse Error: Could not find type \"Node3D\" in the current scope.",
    +   "console:    at: GDScript::reload (res://addons/godotiq/godotiq_runtime.gd:1525)",
    +   "console: ERROR: Failed to load script \"res://addons/godotiq/godotiq_runtime.gd\" with error \"Parse error\".",
    +   "console:    at: load (modules\\gdscript\\gdscript_resource_format.cpp:46)",
    +   "console: ERROR: Failed to instantiate an autoload, script 'res://addons/godotiq/godotiq_runtime.gd' does not inherit from 'Node'.",
    +   "console:    at: start (main\\main.cpp:4535)",
    +   "console: ERROR: Condition \"img.is_null() || img->is_empty()\" is true. Returning: Ref<Image>()",
    +   "console:    at: load_image_from_file (scene\\resources\\compressed_texture.cpp:343)",
    +   "console: ERROR: Failed loading resource: res://.godot/imported/ocean-background.png-2a45ccb46859053b8f01bbc11fd6a736.ctex.",
    +   "console:    at: _load (core\\io\\resource_loader.cpp:317)",
    +   "console: ERROR: Failed loading resource: res://resources/environment/ocean-background.png.",
    +   "console:    at: _load (core\\io\\resource_loader.cpp:317)",
    +   "console: ERROR: Condition \"img.is_null() || img->is_empty()\" is true. Returning: Ref<Image>()",
    +   "console:    at: load_image_from_file (scene\\resources\\compressed_texture.cpp:343)",
    +   "console: ERROR: Failed loading resource: res://.godot/imported/cloud-03-large-center.png-23e9b0f50f26c0e4ccb7ec3994e89e45.ctex.",
    +   "console:    at: _load (core\\io\\resource_loader.cpp:317)",
    +   "console: ERROR: Failed loading resource: res://resources/environment_sliced/clouds/cloud-03-large-center.png.",
    +   "console:    at: _load (core\\io\\resource_loader.cpp:317)",
    +   "console: ERROR: Condition \"img.is_null() || img->is_empty()\" is true. Returning: Ref<Image>()",
    +   "console:    at: load_image_from_file (scene\\resources\\compressed_texture.cpp:343)",
    +   "console: ERROR: Failed loading resource: res://.godot/imported/lighthouse-island.png-b3bf27c0debb00384efdb040f2be3868.ctex.",
    +   "console:    at: _load (core\\io\\resource_loader.cpp:317)",
    +   "console: ERROR: Failed loading resource: res://resources/environment_sliced/island/lighthouse-island.png.",
    +   "console:    at: _load (core\\io\\resource_loader.cpp:317)",
    +   "console: ERROR: Condition \"img.is_null() || img->is_empty()\" is true. Returning: Ref<Image>()",
    +   "console:    at: load_image_from_file (scene\\resources\\compressed_texture.cpp:343)",
    +   "console: ERROR: Failed loading resource: res://.godot/imported/seabed-decoration.png-f0d4b69ace78ba4676e9477aac2cf5b4.ctex.",
    +   "console:    at: _load (core\\io\\resource_loader.cpp:317)",
    +   "console: ERROR: Failed loading resource: res://resources/environment/seabed-decoration.png.",
    +   "console:    at: _load (core\\io\\resource_loader.cpp:317)",
    +   "console: ERROR: Condition \"img.is_null() || img->is_empty()\" is true. Returning: Ref<Image>()",
    +   "console:    at: load_image_from_file (scene\\resources\\compressed_texture.cpp:343)",
    +   "console: ERROR: Failed loading resource: res://.godot/imported/surface-wave-strip.png-8263ffc31adf7bb182c47f2703cc9232.ctex.",
    +   "console:    at: _load (core\\io\\resource_loader.cpp:317)",
    +   "console: ERROR: Failed loading resource: res://resources/environment/surface-wave-strip.png.",
    +   "console:    at: _load (core\\io\\resource_loader.cpp:317)",
    +   "console: ERROR: Condition \"img.is_null() || img->is_empty()\" is true. Returning: Ref<Image>()",
    +   "console:    at: load_image_from_file (scene\\resources\\compressed_texture.cpp:343)",
    +   "console: ERROR: Failed loading resource: res://.godot/imported/boat_body.png-a44818dd24af39bc0deb40c36aac93e6.ctex.",
    +   "console:    at: _load (core\\io\\resource_loader.cpp:317)",
    +   "console: ERROR: Failed loading resource: res://resources/characters/boat_body.png.",
    +   "console:    at: _load (core\\io\\resource_loader.cpp:317)",
    +   "console: ERROR: Condition \"img.is_null() || img->is_empty()\" is true. Returning: Ref<Image>()",
    +   "console:    at: load_image_from_file (scene\\resources\\compressed_texture.cpp:343)",
    +   "console: ERROR: Failed loading resource: res://.godot/imported/boy_head.png-1ace9c3ae029aca0706dd42ca966152d.ctex.",
    +   "console:    at: _load (core\\io\\resource_loader.cpp:317)",
    +   "console: ERROR: Failed loading resource: res://resources/characters/boy_head.png.",
    +   "console:    at: _load (core\\io\\resource_loader.cpp:317)",
    +   "console: ERROR: Condition \"img.is_null() || img->is_empty()\" is true. Returning: Ref<Image>()",
    +   "console:    at: load_image_from_file (scene\\resources\\compressed_texture.cpp:343)",
    +   "console: ERROR: Failed loading resource: res://.godot/imported/girl_head.png-e2bbf8e3c7c5f8647fccc7c28d70452e.ctex.",
    +   "console:    at: _load (core\\io\\resource_loader.cpp:317)",
    +   "console: ERROR: Failed loading resource: res://resources/characters/girl_head.png.",
    +   "console:    at: _load (core\\io\\resource_loader.cpp:317)",
    +   "console: ERROR: Condition \"img.is_null() || img->is_empty()\" is true. Returning: Ref<Image>()",
    +   "console:    at: load_image_from_file (scene\\resources\\compressed_texture.cpp:343)",
    +   "console: ERROR: Failed loading resource: res://.godot/imported/blue-small-swim.png-108bfc0cf186a41df4ad87f6f014e3a5.ctex.",
    +   "console:    at: _load (core\\io\\resource_loader.cpp:317)",
    +   "console: ERROR: Failed loading resource: res://resources/fish/blue-small-swim.png.",
    +   "console:    at: _load (core\\io\\resource_loader.cpp:317)",
    +   "console: ERROR: Condition \"img.is_null() || img->is_empty()\" is true. Returning: Ref<Image>()",
    +   "console:    at: load_image_from_file (scene\\resources\\compressed_texture.cpp:343)",
    +   "console: ERROR: Failed loading resource: res://.godot/imported/blue-small-caught.png-50a2af6503b08e32bb30bed5b533ea4d.ctex.",
    +   "console:    at: _load (core\\io\\resource_loader.cpp:317)",
    +   "console: ERROR: Failed loading resource: res://resources/fish/blue-small-caught.png.",
    +   "console:    at: _load (core\\io\\resource_loader.cpp:317)",
    +   "console: ERROR: Condition \"img.is_null() || img->is_empty()\" is true. Returning: Ref<Image>()",
    +   "console:    at: load_image_from_file (scene\\resources\\compressed_texture.cpp:343)",
    +   "console: ERROR: Failed loading resource: res://.godot/imported/green-scrap-swim.png-ea4b871e4dc5a9c0a1b85b615e88e4a2.ctex.",
    +   "console:    at: _load (core\\io\\resource_loader.cpp:317)",
    +   "console: ERROR: Failed loading resource: res://resources/fish/green-scrap-swim.png.",
    +   "console:    at: _load (core\\io\\resource_loader.cpp:317)",
    +   "console: ERROR: Condition \"img.is_null() || img->is_empty()\" is true. Returning: Ref<Image>()",
    +   "console:    at: load_image_from_file (scene\\resources\\compressed_texture.cpp:343)",
    +   "console: ERROR: Failed loading resource: res://.godot/imported/green-scrap-caught.png-3e77a518be6ae73c7aefba624c602a65.ctex.",
    +   "console:    at: _load (core\\io\\resource_loader.cpp:317)",
    +   "console: ERROR: Failed loading resource: res://resources/fish/green-scrap-caught.png.",
    +   "console:    at: _load (core\\io\\resource_loader.cpp:317)",
    +   "console: ERROR: Condition \"img.is_null() || img->is_empty()\" is true. Returning: Ref<Image>()",
    +   "console:    at: load_image_from_file (scene\\resources\\compressed_texture.cpp:343)",
    +   "console: ERROR: Failed loading resource: res://.godot/imported/yellow-striped-swim.png-2ed02746ea87c33e1eba940383d8cc49.ctex.",
    +   "console:    at: _load (core\\io\\resource_loader.cpp:317)",
    +   "console: ERROR: Failed loading resource: res://resources/fish/yellow-striped-swim.png.",
    +   "console:    at: _load (core\\io\\resource_loader.cpp:317)",
    +   "console: ERROR: Condition \"img.is_null() || img->is_empty()\" is true. Returning: Ref<Image>()",
    +   "console:    at: load_image_from_file (scene\\resources\\compressed_texture.cpp:343)",
    +   "console: ERROR: Failed loading resource: res://.godot/imported/yellow-striped-caught.png-9be6116b1904b3e231806f4c62136729.ctex.",
    +   "console:    at: _load (core\\io\\resource_loader.cpp:317)",
    +   "console: ERROR: Failed loading resource: res://resources/fish/yellow-striped-caught.png.",
    +   "console:    at: _load (core\\io\\resource_loader.cpp:317)",
    +   "console: ERROR: Condition \"img.is_null() || img->is_empty()\" is true. Returning: Ref<Image>()",
    +   "console:    at: load_image_from_file (scene\\resources\\compressed_texture.cpp:343)",
    +   "console: ERROR: Failed loading resource: res://.godot/imported/crab.png-2d22402a2bcc28e5d37f3445427315c8.ctex.",
    +   "console:    at: _load (core\\io\\resource_loader.cpp:317)",
    +   "console: ERROR: Failed loading resource: res://resources/creatures/crab.png.",
    +   "console:    at: _load (core\\io\\resource_loader.cpp:317)",
    +   "console: ERROR: Condition \"img.is_null() || img->is_empty()\" is true. Returning: Ref<Image>()",
    +   "console:    at: load_image_from_file (scene\\resources\\compressed_texture.cpp:343)",
    +   "console: ERROR: Failed loading resource: res://.godot/imported/jellyfish.png-97f7a9ea8459531aa3483f4c014a16d2.ctex.",
    +   "console:    at: _load (core\\io\\resource_loader.cpp:317)",
    +   "console: ERROR: Failed loading resource: res://resources/creatures/jellyfish.png.",
    +   "console:    at: _load (core\\io\\resource_loader.cpp:317)",
    +   "console: ERROR: Condition \"img.is_null() || img->is_empty()\" is true. Returning: Ref<Image>()",
    +   "console:    at: load_image_from_file (scene\\resources\\compressed_texture.cpp:343)",
    +   "console: ERROR: Failed loading resource: res://.godot/imported/old-boot.png-660b38fd139cb277d9b5187fd80f9adb.ctex.",
    +   "console:    at: _load (core\\io\\resource_loader.cpp:317)",
    +   "console: ERROR: Failed loading resource: res://resources/pickups/old-boot.png.",
    +   "console:    at: _load (core\\io\\resource_loader.cpp:317)",
    +   "console: ERROR: Condition \"img.is_null() || img->is_empty()\" is true. Returning: Ref<Image>()",
    +   "console:    at: load_image_from_file (scene\\resources\\compressed_texture.cpp:343)",
    +   "console: ERROR: Failed loading resource: res://.godot/imported/tin-can.png-8d501993c9c3d420539166a37bf87a0b.ctex.",
    +   "console:    at: _load (core\\io\\resource_loader.cpp:317)",
    +   "console: ERROR: Failed loading resource: res://resources/pickups/tin-can.png.",
    +   "console:    at: _load (core\\io\\resource_loader.cpp:317)",
    +   "console: ERROR: Condition \"img.is_null() || img->is_empty()\" is true. Returning: Ref<Image>()",
    +   "console:    at: load_image_from_file (scene\\resources\\compressed_texture.cpp:343)",
    +   "console: ERROR: Failed loading resource: res://.godot/imported/speed-reel.png-2f472c4ec1f16e54e1a959c42a50cb7a.ctex.",
    +   "console:    at: _load (core\\io\\resource_loader.cpp:317)",
    +   "console: ERROR: Failed loading resource: res://resources/powerups/speed-reel.png.",
    +   "console:    at: _load (core\\io\\resource_loader.cpp:317)",
    +   "console: ERROR: Condition \"img.is_null() || img->is_empty()\" is true. Returning: Ref<Image>()",
    +   "console:    at: load_image_from_file (scene\\resources\\compressed_texture.cpp:343)",
    +   "console: ERROR: Failed loading resource: res://.godot/imported/purple-giant-swim.png-e3dd90ee30cb0648ab2f98b60c55b957.ctex.",
    +   "console:    at: _load (core\\io\\resource_loader.cpp:317)",
    +   "console: ERROR: Failed loading resource: res://resources/fish/purple-giant-swim.png.",
    +   "console:    at: _load (core\\io\\resource_loader.cpp:317)",
    +   "console: ERROR: Condition \"img.is_null() || img->is_empty()\" is true. Returning: Ref<Image>()",
    +   "console:    at: load_image_from_file (scene\\resources\\compressed_texture.cpp:343)",
    +   "console: ERROR: Failed loading resource: res://.godot/imported/purple-giant-caught.png-0f269105a0618c79cfa42845560912cd.ctex.",
    +   "console:    at: _load (core\\io\\resource_loader.cpp:317)",
    +   "console: ERROR: Failed loading resource: res://resources/fish/purple-giant-caught.png.",
    +   "console:    at: _load (core\\io\\resource_loader.cpp:317)",
    +   "console: ERROR: Condition \"img.is_null() || img->is_empty()\" is true. Returning: Ref<Image>()",
    +   "console:    at: load_image_from_file (scene\\resources\\compressed_texture.cpp:343)",
    +   "console: ERROR: Failed loading resource: res://.godot/imported/pearl-shell.png-407d7aad2fb7af8d4007c646d8d1cf2e.ctex.",
    +   "console:    at: _load (core\\io\\resource_loader.cpp:317)",
    +   "console: ERROR: Failed loading resource: res://resources/pickups/pearl-shell.png.",
    +   "console:    at: _load (core\\io\\resource_loader.cpp:317)",
    +   "console: ERROR: Condition \"img.is_null() || img->is_empty()\" is true. Returning: Ref<Image>()",
    +   "console:    at: load_image_from_file (scene\\resources\\compressed_texture.cpp:343)",
    +   "console: ERROR: Failed loading resource: res://.godot/imported/tire.png-c26f578583a32f1a9c1c9f2acdbd0330.ctex.",
    +   "console:    at: _load (core\\io\\resource_loader.cpp:317)",
    +   "console: ERROR: Failed loading resource: res://resources/pickups/tire.png.",
    +   "console:    at: _load (core\\io\\resource_loader.cpp:317)",
    +   "console: ERROR: Condition \"img.is_null() || img->is_empty()\" is true. Returning: Ref<Image>()",
    +   "console:    at: load_image_from_file (scene\\resources\\compressed_texture.cpp:343)",
    +   "console: ERROR: Failed loading resource: res://.godot/imported/pufferfish-swim.png-d59415bc822be0d9ac451420e3c1fe52.ctex.",
    +   "console:    at: _load (core\\io\\resource_loader.cpp:317)",
    +   "console: ERROR: Failed loading resource: res://resources/fish/pufferfish-swim.png.",
    +   "console:    at: _load (core\\io\\resource_loader.cpp:317)",
    +   "console: ERROR: Condition \"img.is_null() || img->is_empty()\" is true. Returning: Ref<Image>()",
    +   "console:    at: load_image_from_file (scene\\resources\\compressed_texture.cpp:343)",
    +   "console: ERROR: Failed loading resource: res://.godot/imported/pufferfish-caught.png-eef9d991bdc95cdd13e86710a435cf5a.ctex.",
    +   "console:    at: _load (core\\io\\resource_loader.cpp:317)",
    +   "console: ERROR: Failed loading resource: res://resources/fish/pufferfish-caught.png.",
    +   "console:    at: _load (core\\io\\resource_loader.cpp:317)",
    +   "console: ERROR: Condition \"img.is_null() || img->is_empty()\" is true. Returning: Ref<Image>()",
    +   "console:    at: load_image_from_file (scene\\resources\\compressed_texture.cpp:343)",
    +   "console: ERROR: Failed loading resource: res://.godot/imported/seahorse-swim.png-6094f29e7fa01e7637da16a8ff41e04e.ctex.",
    +   "console:    at: _load (core\\io\\resource_loader.cpp:317)",
    +   "console: ERROR: Failed loading resource: res://resources/fish/seahorse-swim.png.",
    +   "console:    at: _load (core\\io\\resource_loader.cpp:317)",
    +   "console: ERROR: Condition \"img.is_null() || img->is_empty()\" is true. Returning: Ref<Image>()",
    +   "console:    at: load_image_from_file (scene\\resources\\compressed_texture.cpp:343)",
    +   "console: ERROR: Failed loading resource: res://.godot/imported/seahorse-caught.png-86468c76bbe455c12927574e8ecba89e.ctex.",
    +   "console:    at: _load (core\\io\\resource_loader.cpp:317)",
    +   "console: ERROR: Failed loading resource: res://resources/fish/seahorse-caught.png.",
    +   "console:    at: _load (core\\io\\resource_loader.cpp:317)",
    +   "console: ERROR: Condition \"img.is_null() || img->is_empty()\" is true. Returning: Ref<Image>()",
    +   "console:    at: load_image_from_file (scene\\resources\\compressed_texture.cpp:343)",
    +   "console: ERROR: Failed loading resource: res://.godot/imported/giant-hook.png-432a27d8fb2c10fc479a296094ea71f1.ctex.",
    +   "console:    at: _load (core\\io\\resource_loader.cpp:317)",
    +   "console: ERROR: Failed loading resource: res://resources/powerups/giant-hook.png.",
    +   "console:    at: _load (core\\io\\resource_loader.cpp:317)",
    +   "console: ERROR: Condition \"img.is_null() || img->is_empty()\" is true. Returning: Ref<Image>()",
    +   "console:    at: load_image_from_file (scene\\resources\\compressed_texture.cpp:343)",
    +   "console: ERROR: Failed loading resource: res://.godot/imported/orange-rare-swim.png-0fc04f7531799bde76aea21d0a2d219a.ctex.",
    +   "console:    at: _load (core\\io\\resource_loader.cpp:317)",
    +   "console: ERROR: Failed loading resource: res://resources/fish/orange-rare-swim.png.",
    +   "console:    at: _load (core\\io\\resource_loader.cpp:317)",
    +   "console: ERROR: Condition \"img.is_null() || img->is_empty()\" is true. Returning: Ref<Image>()",
    +   "console:    at: load_image_from_file (scene\\resources\\compressed_texture.cpp:343)",
    +   "console: ERROR: Failed loading resource: res://.godot/imported/orange-rare-caught.png-045946cc4077fe9ef0c9a9a80028eabe.ctex.",
    +   "console:    at: _load (core\\io\\resource_loader.cpp:317)",
    +   "console: ERROR: Failed loading resource: res://resources/fish/orange-rare-caught.png.",
    +   "console:    at: _load (core\\io\\resource_loader.cpp:317)",
    +   "console: ERROR: Condition \"img.is_null() || img->is_empty()\" is true. Returning: Ref<Image>()",
    +   "console:    at: load_image_from_file (scene\\resources\\compressed_texture.cpp:343)",
    +   "console: ERROR: Failed loading resource: res://.godot/imported/treasure-chest.png-626816cb3e5027ec058c0dc07a253720.ctex.",
    +   "console:    at: _load (core\\io\\resource_loader.cpp:317)",
    +   "console: ERROR: Failed loading resource: res://resources/pickups/treasure-chest.png.",
    +   "console:    at: _load (core\\io\\resource_loader.cpp:317)",
    +   "console: ERROR: Condition \"img.is_null() || img->is_empty()\" is true. Returning: Ref<Image>()",
    +   "console:    at: load_image_from_file (scene\\resources\\compressed_texture.cpp:343)",
    +   "console: ERROR: Failed loading resource: res://.godot/imported/squid.png-e137f4fc2ec8cc5ea4cf51465731dffa.ctex.",
    +   "console:    at: _load (core\\io\\resource_loader.cpp:317)",
    +   "console: ERROR: Failed loading resource: res://resources/creatures/squid.png.",
    +   "console:    at: _load (core\\io\\resource_loader.cpp:317)",
    +   "console: ERROR: Condition \"img.is_null() || img->is_empty()\" is true. Returning: Ref<Image>()",
    +   "console:    at: load_image_from_file (scene\\resources\\compressed_texture.cpp:343)",
    +   "console: ERROR: Failed loading resource: res://.godot/imported/sea-turtle.png-bb400f5204b9e372d7f963ad2ea866bf.ctex.",
    +   "console:    at: _load (core\\io\\resource_loader.cpp:317)",
    +   "console: ERROR: Failed loading resource: res://resources/creatures/sea-turtle.png.",
    +   "console:    at: _load (core\\io\\resource_loader.cpp:317)",
    +   "console: ERROR: Condition \"img.is_null() || img->is_empty()\" is true. Returning: Ref<Image>()",
    +   "console:    at: load_image_from_file (scene\\resources\\compressed_texture.cpp:343)",
    +   "console: ERROR: Failed loading resource: res://.godot/imported/freeze-crystal.png-f0f65d0466d2bd680a00a4a62f02a2e8.ctex.",
    +   "console:    at: _load (core\\io\\resource_loader.cpp:317)",
    +   "console: ERROR: Failed loading resource: res://resources/powerups/freeze-crystal.png.",
    +   "console:    at: _load (core\\io\\resource_loader.cpp:317)",
    +   "console: ERROR: Condition \"img.is_null() || img->is_empty()\" is true. Returning: Ref<Image>()",
    +   "console:    at: load_image_from_file (scene\\resources\\compressed_texture.cpp:343)",
    +   "console: ERROR: Failed loading resource: res://.godot/imported/claw-hook.png-658ac30bfb83d5f7eca89426361d584e.ctex.",
    +   "console:    at: _load (core\\io\\resource_loader.cpp:317)",
    +   "console: ERROR: Failed loading resource: res://resources/tools/claw-hook.png.",
    +   "console:    at: _load (core\\io\\resource_loader.cpp:317)",
    +   "console: ERROR: Condition \"img.is_null() || img->is_empty()\" is true. Returning: Ref<Image>()",
    +   "console:    at: load_image_from_file (scene\\resources\\compressed_texture.cpp:343)",
    +   "console: ERROR: Failed loading resource: res://.godot/imported/icon-coin.svg-c93d0f43093edde5eb300f03d7a12239.ctex.",
    +   "console:    at: _load (core\\io\\resource_loader.cpp:317)",
    +   "console: ERROR: Failed loading resource: res://resources/ui/icon-coin.svg.",
    +   "console:    at: _load (core\\io\\resource_loader.cpp:317)",
    +   "console: ERROR: Condition \"img.is_null() || img->is_empty()\" is true. Returning: Ref<Image>()",
    +   "console:    at: load_image_from_file (scene\\resources\\compressed_texture.cpp:343)",
    +   "console: ERROR: Failed loading resource: res://.godot/imported/icon-clock.svg-6546705e8cf8393b8ea9021e02292a05.ctex.",
    +   "console:    at: _load (core\\io\\resource_loader.cpp:317)",
    +   "console: ERROR: Failed loading resource: res://resources/ui/icon-clock.svg.",
    +   "console:    at: _load (core\\io\\resource_loader.cpp:317)",
    +   "console: ERROR: Catchable has an invalid definition: BlueSmall",
    +   "console:    at: push_error (core\\variant\\variant_utility.cpp:1023)",
    +   "console: ERROR: Catchable has an invalid definition: GreenScrap",
    +   "console:    at: push_error (core\\variant\\variant_utility.cpp:1023)",
    +   "console: ERROR: Catchable has an invalid definition: YellowStriped",
    +   "console:    at: push_error (core\\variant\\variant_utility.cpp:1023)",
    +   "console: ERROR: Catchable has an invalid definition: Crab",
    +   "console:    at: push_error (core\\variant\\variant_utility.cpp:1023)",
    +   "console: ERROR: Catchable has an invalid definition: Jellyfish",
    +   "console:    at: push_error (core\\variant\\variant_utility.cpp:1023)",
    +   "console: ERROR: Catchable has an invalid definition: OldBoot",
    +   "console:    at: push_error (core\\variant\\variant_utility.cpp:1023)",
    +   "console: ERROR: Catchable has an invalid definition: TinCan",
    +   "console:    at: push_error (core\\variant\\variant_utility.cpp:1023)",
    +   "console: ERROR: PowerupPickup has an invalid definition: SpeedReel",
    +   "console:    at: push_error (core\\variant\\variant_utility.cpp:1023)",
    +   "console: ERROR: Catchable has an invalid definition: PurpleGiant",
    +   "console:    at: push_error (core\\variant\\variant_utility.cpp:1023)",
    +   "console: ERROR: Catchable has an invalid definition: PearlShell",
    +   "console:    at: push_error (core\\variant\\variant_utility.cpp:1023)",
    +   "console: ERROR: Catchable has an invalid definition: Tire",
    +   "console:    at: push_error (core\\variant\\variant_utility.cpp:1023)",
    +   "console: ERROR: Catchable has an invalid definition: Pufferfish",
    +   "console:    at: push_error (core\\variant\\variant_utility.cpp:1023)",
    +   "console: ERROR: Catchable has an invalid definition: Seahorse",
    +   "console:    at: push_error (core\\variant\\variant_utility.cpp:1023)",
    +   "console: ERROR: PowerupPickup has an invalid definition: GiantHook",
    +   "console:    at: push_error (core\\variant\\variant_utility.cpp:1023)",
    +   "console: ERROR: Catchable has an invalid definition: OrangeRare",
    +   "console:    at: push_error (core\\variant\\variant_utility.cpp:1023)",
    +   "console: ERROR: Catchable has an invalid definition: TreasureChest",
    +   "console:    at: push_error (core\\variant\\variant_utility.cpp:1023)",
    +   "console: ERROR: Catchable has an invalid definition: Squid",
    +   "console:    at: push_error (core\\variant\\variant_utility.cpp:1023)",
    +   "console: ERROR: Catchable has an invalid definition: SeaTurtle",
    +   "console:    at: push_error (core\\variant\\variant_utility.cpp:1023)",
    +   "console: ERROR: PowerupPickup has an invalid definition: FreezeCrystal",
    +   "console:    at: push_error (core\\variant\\variant_utility.cpp:1023)",
    +   "console: SCRIPT ERROR: Parse Error: Cannot infer the type of \"camera\" variable because the value doesn't have a set type.",
    +   "console:    at: GDScript::reload (res://addons/godotiq/godotiq_runtime.gd:463)",
    +   "console: SCRIPT ERROR: Parse Error: Cannot infer the type of \"screen_pos\" variable because the value doesn't have a set type.",
    +   "console:    at: GDScript::reload (res://addons/godotiq/godotiq_runtime.gd:468)",
    +   "console: SCRIPT ERROR: Parse Error: Cannot infer the type of \"world\" variable because the value doesn't have a set type.",
    +   "console:    at: GDScript::reload (res://addons/godotiq/godotiq_runtime.gd:944)",
    +   "console: SCRIPT ERROR: Parse Error: Could not find type \"Node3D\" in the current scope.",
    +   "console:    at: GDScript::reload (res://addons/godotiq/godotiq_runtime.gd:958)",
    +   "console: SCRIPT ERROR: Parse Error: Could not find type \"Node3D\" in the current scope.",
    +   "console:    at: GDScript::reload (res://addons/godotiq/godotiq_runtime.gd:963)",
    +   "console: SCRIPT ERROR: Parse Error: Could not find type \"Node3D\" in the current scope.",
    +   "console:    at: GDScript::reload (res://addons/godotiq/godotiq_runtime.gd:972)",
    +   "console: SCRIPT ERROR: Parse Error: Could not find type \"Node3D\" in the current scope.",
    +   "console:    at: GDScript::reload (res://addons/godotiq/godotiq_runtime.gd:977)",
    +   "console: SCRIPT ERROR: Parse Error: Identifier \"NavigationServer3D\" not declared in the current scope.",
    +   "console:    at: GDScript::reload (res://addons/godotiq/godotiq_runtime.gd:984)",
    +   "console: SCRIPT ERROR: Parse Error: Cannot infer the type of \"closest_from\" variable because the value doesn't have a set type.",
    +   "console:    at: GDScript::reload (res://addons/godotiq/godotiq_runtime.gd:984)",
    +   "console: SCRIPT ERROR: Parse Error: Identifier \"NavigationServer3D\" not declared in the current scope.",
    +   "console:    at: GDScript::reload (res://addons/godotiq/godotiq_runtime.gd:985)",
    +   "console: SCRIPT ERROR: Parse Error: Cannot infer the type of \"closest_to\" variable because the value doesn't have a set type.",
    +   "console:    at: GDScript::reload (res://addons/godotiq/godotiq_runtime.gd:985)",
    +   "console: SCRIPT ERROR: Parse Error: Identifier \"NavigationServer3D\" not declared in the current scope.",
    +   "console:    at: GDScript::reload (res://addons/godotiq/godotiq_runtime.gd:991)",
    +   "console: SCRIPT ERROR: Parse Error: Could not find type \"RichTextLabel\" in the current scope.",
    +   "console:    at: GDScript::reload (res://addons/godotiq/godotiq_runtime.gd:1268)",
    +   "console: SCRIPT ERROR: Parse Error: Could not find type \"RichTextLabel\" in the current scope.",
    +   "console:    at: GDScript::reload (res://addons/godotiq/godotiq_runtime.gd:1269)",
    +   "console: SCRIPT ERROR: Parse Error: Could not find type \"TextEdit\" in the current scope.",
    +   "console:    at: GDScript::reload (res://addons/godotiq/godotiq_runtime.gd:1274)",
    +   "console: SCRIPT ERROR: Parse Error: Could not find type \"TextEdit\" in the current scope.",
    +   "console:    at: GDScript::reload (res://addons/godotiq/godotiq_runtime.gd:1275)",
    +   "console: SCRIPT ERROR: Parse Error: Could not find type \"SpinBox\" in the current scope.",
    +   "console:    at: GDScript::reload (res://addons/godotiq/godotiq_runtime.gd:1281)",
    +   "console: SCRIPT ERROR: Parse Error: Could not find type \"SpinBox\" in the current scope.",
    +   "console:    at: GDScript::reload (res://addons/godotiq/godotiq_runtime.gd:1283)",
    +   "console: SCRIPT ERROR: Parse Error: Could not find type \"Camera3D\" in the current scope.",
    +   "console:    at: GDScript::reload (res://addons/godotiq/godotiq_runtime.gd:1383)",
    +   "console: SCRIPT ERROR: Parse Error: Identifier \"Camera3D\" not declared in the current scope.",
    +   "console:    at: GDScript::reload (res://addons/godotiq/godotiq_runtime.gd:1389)",
    +   "console: SCRIPT ERROR: Parse Error: Cannot infer the type of \"drone\" variable because the value doesn't have a set type.",
    +   "console:    at: GDScript::reload (res://addons/godotiq/godotiq_runtime.gd:1389)",
    +   "console: SCRIPT ERROR: Parse Error: Could not find type \"Camera3D\" in the current scope.",
    +   "console:    at: GDScript::reload (res://addons/godotiq/godotiq_runtime.gd:1447)",
    +   "console: SCRIPT ERROR: Parse Error: Could not find type \"Node3D\" in the current scope.",
    +   "console:    at: GDScript::reload (res://addons/godotiq/godotiq_runtime.gd:1525)",
    +   "console: ERROR: Failed to load script \"res://addons/godotiq/godotiq_runtime.gd\" with error \"Parse error\".",
    +   "console:    at: load (modules\\gdscript\\gdscript_resource_format.cpp:46)",
    +   "console: ERROR: Failed to instantiate an autoload, script 'res://addons/godotiq/godotiq_runtime.gd' does not inherit from 'Node'.",
    +   "console:    at: start (main\\main.cpp:4535)",
    +   "console: ERROR: Condition \"img.is_null() || img->is_empty()\" is true. Returning: Ref<Image>()",
    +   "console:    at: load_image_from_file (scene\\resources\\compressed_texture.cpp:343)",
    +   "console: ERROR: Failed loading resource: res://.godot/imported/ocean-background.png-2a45ccb46859053b8f01bbc11fd6a736.ctex.",
    +   "console:    at: _load (core\\io\\resource_loader.cpp:317)",
    +   "console: ERROR: Failed loading resource: res://resources/environment/ocean-background.png.",
    +   "console:    at: _load (core\\io\\resource_loader.cpp:317)",
    +   "console: ERROR: Condition \"img.is_null() || img->is_empty()\" is true. Returning: Ref<Image>()",
    +   "console:    at: load_image_from_file (scene\\resources\\compressed_texture.cpp:343)",
    +   "console: ERROR: Failed loading resource: res://.godot/imported/cloud-03-large-center.png-23e9b0f50f26c0e4ccb7ec3994e89e45.ctex.",
    +   "console:    at: _load (core\\io\\resource_loader.cpp:317)",
    +   "console: ERROR: Failed loading resource: res://resources/environment_sliced/clouds/cloud-03-large-center.png.",
    +   "console:    at: _load (core\\io\\resource_loader.cpp:317)",
    +   "console: ERROR: Condition \"img.is_null() || img->is_empty()\" is true. Returning: Ref<Image>()",
    +   "console:    at: load_image_from_file (scene\\resources\\compressed_texture.cpp:343)",
    +   "console: ERROR: Failed loading resource: res://.godot/imported/lighthouse-island.png-b3bf27c0debb00384efdb040f2be3868.ctex.",
    +   "console:    at: _load (core\\io\\resource_loader.cpp:317)",
    +   "console: ERROR: Failed loading resource: res://resources/environment_sliced/island/lighthouse-island.png.",
    +   "console:    at: _load (core\\io\\resource_loader.cpp:317)",
    +   "console: ERROR: Condition \"img.is_null() || img->is_empty()\" is true. Returning: Ref<Image>()",
    +   "console:    at: load_image_from_file (scene\\resources\\compressed_texture.cpp:343)",
    +   "console: ERROR: Failed loading resource: res://.godot/imported/seabed-decoration.png-f0d4b69ace78ba4676e9477aac2cf5b4.ctex.",
    +   "console:    at: _load (core\\io\\resource_loader.cpp:317)",
    +   "console: ERROR: Failed loading resource: res://resources/environment/seabed-decoration.png.",
    +   "console:    at: _load (core\\io\\resource_loader.cpp:317)",
    +   "console: ERROR: Condition \"img.is_null() || img->is_empty()\" is true. Returning: Ref<Image>()",
    +   "console:    at: load_image_from_file (scene\\resources\\compressed_texture.cpp:343)",
    +   "console: ERROR: Failed loading resource: res://.godot/imported/surface-wave-strip.png-8263ffc31adf7bb182c47f2703cc9232.ctex.",
    +   "console:    at: _load (core\\io\\resource_loader.cpp:317)",
    +   "console: ERROR: Failed loading resource: res://resources/environment/surface-wave-strip.png.",
    +   "console:    at: _load (core\\io\\resource_loader.cpp:317)",
    +   "console: ERROR: Condition \"img.is_null() || img->is_empty()\" is true. Returning: Ref<Image>()",
    +   "console:    at: load_image_from_file (scene\\resources\\compressed_texture.cpp:343)",
    +   "console: ERROR: Failed loading resource: res://.godot/imported/boat_body.png-a44818dd24af39bc0deb40c36aac93e6.ctex.",
    +   "console:    at: _load (core\\io\\resource_loader.cpp:317)",
    +   "console: ERROR: Failed loading resource: res://resources/characters/boat_body.png.",
    +   "console:    at: _load (core\\io\\resource_loader.cpp:317)",
    +   "console: ERROR: Condition \"img.is_null() || img->is_empty()\" is true. Returning: Ref<Image>()",
    +   "console:    at: load_image_from_file (scene\\resources\\compressed_texture.cpp:343)",
    +   "console: ERROR: Failed loading resource: res://.godot/imported/boy_head.png-1ace9c3ae029aca0706dd42ca966152d.ctex.",
    +   "console:    at: _load (core\\io\\resource_loader.cpp:317)",
    +   "console: ERROR: Failed loading resource: res://resources/characters/boy_head.png.",
    +   "console:    at: _load (core\\io\\resource_loader.cpp:317)",
    +   "console: ERROR: Condition \"img.is_null() || img->is_empty()\" is true. Returning: Ref<Image>()",
    +   "console:    at: load_image_from_file (scene\\resources\\compressed_texture.cpp:343)",
    +   "console: ERROR: Failed loading resource: res://.godot/imported/girl_head.png-e2bbf8e3c7c5f8647fccc7c28d70452e.ctex.",
    +   "console:    at: _load (core\\io\\resource_loader.cpp:317)",
    +   "console: ERROR: Failed loading resource: res://resources/characters/girl_head.png.",
    +   "console:    at: _load (core\\io\\resource_loader.cpp:317)",
    +   "console: ERROR: Condition \"img.is_null() || img->is_empty()\" is true. Returning: Ref<Image>()",
    +   "console:    at: load_image_from_file (scene\\resources\\compressed_texture.cpp:343)",
    +   "console: ERROR: Failed loading resource: res://.godot/imported/blue-small-swim.png-108bfc0cf186a41df4ad87f6f014e3a5.ctex.",
    +   "console:    at: _load (core\\io\\resource_loader.cpp:317)",
    +   "console: ERROR: Failed loading resource: res://resources/fish/blue-small-swim.png.",
    +   "console:    at: _load (core\\io\\resource_loader.cpp:317)",
    +   "console: ERROR: Condition \"img.is_null() || img->is_empty()\" is true. Returning: Ref<Image>()",
    +   "console:    at: load_image_from_file (scene\\resources\\compressed_texture.cpp:343)",
    +   "console: ERROR: Failed loading resource: res://.godot/imported/blue-small-caught.png-50a2af6503b08e32bb30bed5b533ea4d.ctex.",
    +   "console:    at: _load (core\\io\\resource_loader.cpp:317)",
    +   "console: ERROR: Failed loading resource: res://resources/fish/blue-small-caught.png.",
    +   "console:    at: _load (core\\io\\resource_loader.cpp:317)",
    +   "console: ERROR: Condition \"img.is_null() || img->is_empty()\" is true. Returning: Ref<Image>()",
    +   "console:    at: load_image_from_file (scene\\resources\\compressed_texture.cpp:343)",
    +   "console: ERROR: Failed loading resource: res://.godot/imported/green-scrap-swim.png-ea4b871e4dc5a9c0a1b85b615e88e4a2.ctex.",
    +   "console:    at: _load (core\\io\\resource_loader.cpp:317)",
    +   "console: ERROR: Failed loading resource: res://resources/fish/green-scrap-swim.png.",
    +   "console:    at: _load (core\\io\\resource_loader.cpp:317)",
    +   "console: ERROR: Condition \"img.is_null() || img->is_empty()\" is true. Returning: Ref<Image>()",
    +   "console:    at: load_image_from_file (scene\\resources\\compressed_texture.cpp:343)",
    +   "console: ERROR: Failed loading resource: res://.godot/imported/green-scrap-caught.png-3e77a518be6ae73c7aefba624c602a65.ctex.",
    +   "console:    at: _load (core\\io\\resource_loader.cpp:317)",
    +   "console: ERROR: Failed loading resource: res://resources/fish/green-scrap-caught.png.",
    +   "console:    at: _load (core\\io\\resource_loader.cpp:317)",
    +   "console: ERROR: Condition \"img.is_null() || img->is_empty()\" is true. Returning: Ref<Image>()",
    +   "console:    at: load_image_from_file (scene\\resources\\compressed_texture.cpp:343)",
    +   "console: ERROR: Failed loading resource: res://.godot/imported/yellow-striped-swim.png-2ed02746ea87c33e1eba940383d8cc49.ctex.",
    +   "console:    at: _load (core\\io\\resource_loader.cpp:317)",
    +   "console: ERROR: Failed loading resource: res://resources/fish/yellow-striped-swim.png.",
    +   "console:    at: _load (core\\io\\resource_loader.cpp:317)",
    +   "console: ERROR: Condition \"img.is_null() || img->is_empty()\" is true. Returning: Ref<Image>()",
    +   "console:    at: load_image_from_file (scene\\resources\\compressed_texture.cpp:343)",
    +   "console: ERROR: Failed loading resource: res://.godot/imported/yellow-striped-caught.png-9be6116b1904b3e231806f4c62136729.ctex.",
    +   "console:    at: _load (core\\io\\resource_loader.cpp:317)",
    +   "console: ERROR: Failed loading resource: res://resources/fish/yellow-striped-caught.png.",
    +   "console:    at: _load (core\\io\\resource_loader.cpp:317)",
    +   "console: ERROR: Condition \"img.is_null() || img->is_empty()\" is true. Returning: Ref<Image>()",
    +   "console:    at: load_image_from_file (scene\\resources\\compressed_texture.cpp:343)",
    +   "console: ERROR: Failed loading resource: res://.godot/imported/crab.png-2d22402a2bcc28e5d37f3445427315c8.ctex.",
    +   "console:    at: _load (core\\io\\resource_loader.cpp:317)",
    +   "console: ERROR: Failed loading resource: res://resources/creatures/crab.png.",
    +   "console:    at: _load (core\\io\\resource_loader.cpp:317)",
    +   "console: ERROR: Condition \"img.is_null() || img->is_empty()\" is true. Returning: Ref<Image>()",
    +   "console:    at: load_image_from_file (scene\\resources\\compressed_texture.cpp:343)",
    +   "console: ERROR: Failed loading resource: res://.godot/imported/jellyfish.png-97f7a9ea8459531aa3483f4c014a16d2.ctex.",
    +   "console:    at: _load (core\\io\\resource_loader.cpp:317)",
    +   "console: ERROR: Failed loading resource: res://resources/creatures/jellyfish.png.",
    +   "console:    at: _load (core\\io\\resource_loader.cpp:317)",
    +   "console: ERROR: Condition \"img.is_null() || img->is_empty()\" is true. Returning: Ref<Image>()",
    +   "console:    at: load_image_from_file (scene\\resources\\compressed_texture.cpp:343)",
    +   "console: ERROR: Failed loading resource: res://.godot/imported/old-boot.png-660b38fd139cb277d9b5187fd80f9adb.ctex.",
    +   "console:    at: _load (core\\io\\resource_loader.cpp:317)",
    +   "console: ERROR: Failed loading resource: res://resources/pickups/old-boot.png.",
    +   "console:    at: _load (core\\io\\resource_loader.cpp:317)",
    +   "console: ERROR: Condition \"img.is_null() || img->is_empty()\" is true. Returning: Ref<Image>()",
    +   "console:    at: load_image_from_file (scene\\resources\\compressed_texture.cpp:343)",
    +   "console: ERROR: Failed loading resource: res://.godot/imported/tin-can.png-8d501993c9c3d420539166a37bf87a0b.ctex.",
    +   "console:    at: _load (core\\io\\resource_loader.cpp:317)",
    +   "console: ERROR: Failed loading resource: res://resources/pickups/tin-can.png.",
    +   "console:    at: _load (core\\io\\resource_loader.cpp:317)",
    +   "console: ERROR: Condition \"img.is_null() || img->is_empty()\" is true. Returning: Ref<Image>()",
    +   "console:    at: load_image_from_file (scene\\resources\\compressed_texture.cpp:343)",
    +   "console: ERROR: Failed loading resource: res://.godot/imported/speed-reel.png-2f472c4ec1f16e54e1a959c42a50cb7a.ctex.",
    +   "console:    at: _load (core\\io\\resource_loader.cpp:317)",
    +   "console: ERROR: Failed loading resource: res://resources/powerups/speed-reel.png.",
    +   "console:    at: _load (core\\io\\resource_loader.cpp:317)",
    +   "console: ERROR: Condition \"img.is_null() || img->is_empty()\" is true. Returning: Ref<Image>()",
    +   "console:    at: load_image_from_file (scene\\resources\\compressed_texture.cpp:343)",
    +   "console: ERROR: Failed loading resource: res://.godot/imported/purple-giant-swim.png-e3dd90ee30cb0648ab2f98b60c55b957.ctex.",
    +   "console:    at: _load (core\\io\\resource_loader.cpp:317)",
    +   "console: ERROR: Failed loading resource: res://resources/fish/purple-giant-swim.png.",
    +   "console:    at: _load (core\\io\\resource_loader.cpp:317)",
    +   "console: ERROR: Condition \"img.is_null() || img->is_empty()\" is true. Returning: Ref<Image>()",
    +   "console:    at: load_image_from_file (scene\\resources\\compressed_texture.cpp:343)",
    +   "console: ERROR: Failed loading resource: res://.godot/imported/purple-giant-caught.png-0f269105a0618c79cfa42845560912cd.ctex.",
    +   "console:    at: _load (core\\io\\resource_loader.cpp:317)",
    +   "console: ERROR: Failed loading resource: res://resources/fish/purple-giant-caught.png.",
    +   "console:    at: _load (core\\io\\resource_loader.cpp:317)",
    +   "console: ERROR: Condition \"img.is_null() || img->is_empty()\" is true. Returning: Ref<Image>()",
    +   "console:    at: load_image_from_file (scene\\resources\\compressed_texture.cpp:343)",
    +   "console: ERROR: Failed loading resource: res://.godot/imported/pearl-shell.png-407d7aad2fb7af8d4007c646d8d1cf2e.ctex.",
    +   "console:    at: _load (core\\io\\resource_loader.cpp:317)",
    +   "console: ERROR: Failed loading resource: res://resources/pickups/pearl-shell.png.",
    +   "console:    at: _load (core\\io\\resource_loader.cpp:317)",
    +   "console: ERROR: Condition \"img.is_null() || img->is_empty()\" is true. Returning: Ref<Image>()",
    +   "console:    at: load_image_from_file (scene\\resources\\compressed_texture.cpp:343)",
    +   "console: ERROR: Failed loading resource: res://.godot/imported/tire.png-c26f578583a32f1a9c1c9f2acdbd0330.ctex.",
    +   "console:    at: _load (core\\io\\resource_loader.cpp:317)",
    +   "console: ERROR: Failed loading resource: res://resources/pickups/tire.png.",
    +   "console:    at: _load (core\\io\\resource_loader.cpp:317)",
    +   "console: ERROR: Condition \"img.is_null() || img->is_empty()\" is true. Returning: Ref<Image>()",
    +   "console:    at: load_image_from_file (scene\\resources\\compressed_texture.cpp:343)",
    +   "console: ERROR: Failed loading resource: res://.godot/imported/pufferfish-swim.png-d59415bc822be0d9ac451420e3c1fe52.ctex.",
    +   "console:    at: _load (core\\io\\resource_loader.cpp:317)",
    +   "console: ERROR: Failed loading resource: res://resources/fish/pufferfish-swim.png.",
    +   "console:    at: _load (core\\io\\resource_loader.cpp:317)",
    +   "console: ERROR: Condition \"img.is_null() || img->is_empty()\" is true. Returning: Ref<Image>()",
    +   "console:    at: load_image_from_file (scene\\resources\\compressed_texture.cpp:343)",
    +   "console: ERROR: Failed loading resource: res://.godot/imported/pufferfish-caught.png-eef9d991bdc95cdd13e86710a435cf5a.ctex.",
    +   "console:    at: _load (core\\io\\resource_loader.cpp:317)",
    +   "console: ERROR: Failed loading resource: res://resources/fish/pufferfish-caught.png.",
    +   "console:    at: _load (core\\io\\resource_loader.cpp:317)",
    +   "console: ERROR: Condition \"img.is_null() || img->is_empty()\" is true. Returning: Ref<Image>()",
    +   "console:    at: load_image_from_file (scene\\resources\\compressed_texture.cpp:343)",
    +   "console: ERROR: Failed loading resource: res://.godot/imported/seahorse-swim.png-6094f29e7fa01e7637da16a8ff41e04e.ctex.",
    +   "console:    at: _load (core\\io\\resource_loader.cpp:317)",
    +   "console: ERROR: Failed loading resource: res://resources/fish/seahorse-swim.png.",
    +   "console:    at: _load (core\\io\\resource_loader.cpp:317)",
    +   "console: ERROR: Condition \"img.is_null() || img->is_empty()\" is true. Returning: Ref<Image>()",
    +   "console:    at: load_image_from_file (scene\\resources\\compressed_texture.cpp:343)",
    +   "console: ERROR: Failed loading resource: res://.godot/imported/seahorse-caught.png-86468c76bbe455c12927574e8ecba89e.ctex.",
    +   "console:    at: _load (core\\io\\resource_loader.cpp:317)",
    +   "console: ERROR: Failed loading resource: res://resources/fish/seahorse-caught.png.",
    +   "console:    at: _load (core\\io\\resource_loader.cpp:317)",
    +   "console: ERROR: Condition \"img.is_null() || img->is_empty()\" is true. Returning: Ref<Image>()",
    +   "console:    at: load_image_from_file (scene\\resources\\compressed_texture.cpp:343)",
    +   "console: ERROR: Failed loading resource: res://.godot/imported/giant-hook.png-432a27d8fb2c10fc479a296094ea71f1.ctex.",
    +   "console:    at: _load (core\\io\\resource_loader.cpp:317)",
    +   "console: ERROR: Failed loading resource: res://resources/powerups/giant-hook.png.",
    +   "console:    at: _load (core\\io\\resource_loader.cpp:317)",
    +   "console: ERROR: Condition \"img.is_null() || img->is_empty()\" is true. Returning: Ref<Image>()",
    +   "console:    at: load_image_from_file (scene\\resources\\compressed_texture.cpp:343)",
    +   "console: ERROR: Failed loading resource: res://.godot/imported/orange-rare-swim.png-0fc04f7531799bde76aea21d0a2d219a.ctex.",
    +   "console:    at: _load (core\\io\\resource_loader.cpp:317)",
    +   "console: ERROR: Failed loading resource: res://resources/fish/orange-rare-swim.png.",
    +   "console:    at: _load (core\\io\\resource_loader.cpp:317)",
    +   "console: ERROR: Condition \"img.is_null() || img->is_empty()\" is true. Returning: Ref<Image>()",
    +   "console:    at: load_image_from_file (scene\\resources\\compressed_texture.cpp:343)",
    +   "console: ERROR: Failed loading resource: res://.godot/imported/orange-rare-caught.png-045946cc4077fe9ef0c9a9a80028eabe.ctex.",
    +   "console:    at: _load (core\\io\\resource_loader.cpp:317)",
    +   "console: ERROR: Failed loading resource: res://resources/fish/orange-rare-caught.png.",
    +   "console:    at: _load (core\\io\\resource_loader.cpp:317)",
    +   "console: ERROR: Condition \"img.is_null() || img->is_empty()\" is true. Returning: Ref<Image>()",
    +   "console:    at: load_image_from_file (scene\\resources\\compressed_texture.cpp:343)",
    +   "console: ERROR: Failed loading resource: res://.godot/imported/treasure-chest.png-626816cb3e5027ec058c0dc07a253720.ctex.",
    +   "console:    at: _load (core\\io\\resource_loader.cpp:317)",
    +   "console: ERROR: Failed loading resource: res://resources/pickups/treasure-chest.png.",
    +   "console:    at: _load (core\\io\\resource_loader.cpp:317)",
    +   "console: ERROR: Condition \"img.is_null() || img->is_empty()\" is true. Returning: Ref<Image>()",
    +   "console:    at: load_image_from_file (scene\\resources\\compressed_texture.cpp:343)",
    +   "console: ERROR: Failed loading resource: res://.godot/imported/squid.png-e137f4fc2ec8cc5ea4cf51465731dffa.ctex.",
    +   "console:    at: _load (core\\io\\resource_loader.cpp:317)",
    +   "console: ERROR: Failed loading resource: res://resources/creatures/squid.png.",
    +   "console:    at: _load (core\\io\\resource_loader.cpp:317)",
    +   "console: ERROR: Condition \"img.is_null() || img->is_empty()\" is true. Returning: Ref<Image>()",
    +   "console:    at: load_image_from_file (scene\\resources\\compressed_texture.cpp:343)",
    +   "console: ERROR: Failed loading resource: res://.godot/imported/sea-turtle.png-bb400f5204b9e372d7f963ad2ea866bf.ctex.",
    +   "console:    at: _load (core\\io\\resource_loader.cpp:317)",
    +   "console: ERROR: Failed loading resource: res://resources/creatures/sea-turtle.png.",
    +   "console:    at: _load (core\\io\\resource_loader.cpp:317)",
    +   "console: ERROR: Condition \"img.is_null() || img->is_empty()\" is true. Returning: Ref<Image>()",
    +   "console:    at: load_image_from_file (scene\\resources\\compressed_texture.cpp:343)",
    +   "console: ERROR: Failed loading resource: res://.godot/imported/freeze-crystal.png-f0f65d0466d2bd680a00a4a62f02a2e8.ctex.",
    +   "console:    at: _load (core\\io\\resource_loader.cpp:317)",
    +   "console: ERROR: Failed loading resource: res://resources/powerups/freeze-crystal.png.",
    +   "console:    at: _load (core\\io\\resource_loader.cpp:317)",
    +   "console: ERROR: Condition \"img.is_null() || img->is_empty()\" is true. Returning: Ref<Image>()",
    +   "console:    at: load_image_from_file (scene\\resources\\compressed_texture.cpp:343)",
    +   "console: ERROR: Failed loading resource: res://.godot/imported/claw-hook.png-658ac30bfb83d5f7eca89426361d584e.ctex.",
    +   "console:    at: _load (core\\io\\resource_loader.cpp:317)",
    +   "console: ERROR: Failed loading resource: res://resources/tools/claw-hook.png.",
    +   "console:    at: _load (core\\io\\resource_loader.cpp:317)",
    +   "console: ERROR: Condition \"img.is_null() || img->is_empty()\" is true. Returning: Ref<Image>()",
    +   "console:    at: load_image_from_file (scene\\resources\\compressed_texture.cpp:343)",
    +   "console: ERROR: Failed loading resource: res://.godot/imported/icon-coin.svg-c93d0f43093edde5eb300f03d7a12239.ctex.",
    +   "console:    at: _load (core\\io\\resource_loader.cpp:317)",
    +   "console: ERROR: Failed loading resource: res://resources/ui/icon-coin.svg.",
    +   "console:    at: _load (core\\io\\resource_loader.cpp:317)",
    +   "console: ERROR: Condition \"img.is_null() || img->is_empty()\" is true. Returning: Ref<Image>()",
    +   "console:    at: load_image_from_file (scene\\resources\\compressed_texture.cpp:343)",
    +   "console: ERROR: Failed loading resource: res://.godot/imported/icon-clock.svg-6546705e8cf8393b8ea9021e02292a05.ctex.",
    +   "console:    at: _load (core\\io\\resource_loader.cpp:317)",
    +   "console: ERROR: Failed loading resource: res://resources/ui/icon-clock.svg.",
    +   "console:    at: _load (core\\io\\resource_loader.cpp:317)",
    +   "console: ERROR: Catchable has an invalid definition: BlueSmall",
    +   "console:    at: push_error (core\\variant\\variant_utility.cpp:1023)",
    +   "console: ERROR: Catchable has an invalid definition: GreenScrap",
    +   "console:    at: push_error (core\\variant\\variant_utility.cpp:1023)",
    +   "console: ERROR: Catchable has an invalid definition: YellowStriped",
    +   "console:    at: push_error (core\\variant\\variant_utility.cpp:1023)",
    +   "console: ERROR: Catchable has an invalid definition: Crab",
    +   "console:    at: push_error (core\\variant\\variant_utility.cpp:1023)",
    +   "console: ERROR: Catchable has an invalid definition: Jellyfish",
    +   "console:    at: push_error (core\\variant\\variant_utility.cpp:1023)",
    +   "console: ERROR: Catchable has an invalid definition: OldBoot",
    +   "console:    at: push_error (core\\variant\\variant_utility.cpp:1023)",
    +   "console: ERROR: Catchable has an invalid definition: TinCan",
    +   "console:    at: push_error (core\\variant\\variant_utility.cpp:1023)",
    +   "console: ERROR: PowerupPickup has an invalid definition: SpeedReel",
    +   "console:    at: push_error (core\\variant\\variant_utility.cpp:1023)",
    +   "console: ERROR: Catchable has an invalid definition: PurpleGiant",
    +   "console:    at: push_error (core\\variant\\variant_utility.cpp:1023)",
    +   "console: ERROR: Catchable has an invalid definition: PearlShell",
    +   "console:    at: push_error (core\\variant\\variant_utility.cpp:1023)",
    +   "console: ERROR: Catchable has an invalid definition: Tire",
    +   "console:    at: push_error (core\\variant\\variant_utility.cpp:1023)",
    +   "console: ERROR: Catchable has an invalid definition: Pufferfish",
    +   "console:    at: push_error (core\\variant\\variant_utility.cpp:1023)",
    +   "console: ERROR: Catchable has an invalid definition: Seahorse",
    +   "console:    at: push_error (core\\variant\\variant_utility.cpp:1023)",
    +   "console: ERROR: PowerupPickup has an invalid definition: GiantHook",
    +   "console:    at: push_error (core\\variant\\variant_utility.cpp:1023)",
    +   "console: ERROR: Catchable has an invalid definition: OrangeRare",
    +   "console:    at: push_error (core\\variant\\variant_utility.cpp:1023)",
    +   "console: ERROR: Catchable has an invalid definition: TreasureChest",
    +   "console:    at: push_error (core\\variant\\variant_utility.cpp:1023)",
    +   "console: ERROR: Catchable has an invalid definition: Squid",
    +   "console:    at: push_error (core\\variant\\variant_utility.cpp:1023)",
    +   "console: ERROR: Catchable has an invalid definition: SeaTurtle",
    +   "console:    at: push_error (core\\variant\\variant_utility.cpp:1023)",
    +   "console: ERROR: PowerupPickup has an invalid definition: FreezeCrystal",
    +   "console:    at: push_error (core\\variant\\variant_utility.cpp:1023)",
    +   "console: SCRIPT ERROR: Parse Error: Cannot infer the type of \"camera\" variable because the value doesn't have a set type.",
    +   "console:    at: GDScript::reload (res://addons/godotiq/godotiq_runtime.gd:463)",
    +   "console: SCRIPT ERROR: Parse Error: Cannot infer the type of \"screen_pos\" variable because the value doesn't have a set type.",
    +   "console:    at: GDScript::reload (res://addons/godotiq/godotiq_runtime.gd:468)",
    +   "console: SCRIPT ERROR: Parse Error: Cannot infer the type of \"world\" variable because the value doesn't have a set type.",
    +   "console:    at: GDScript::reload (res://addons/godotiq/godotiq_runtime.gd:944)",
    +   "console: SCRIPT ERROR: Parse Error: Could not find type \"Node3D\" in the current scope.",
    +   "console:    at: GDScript::reload (res://addons/godotiq/godotiq_runtime.gd:958)",
    +   "console: SCRIPT ERROR: Parse Error: Could not find type \"Node3D\" in the current scope.",
    +   "console:    at: GDScript::reload (res://addons/godotiq/godotiq_runtime.gd:963)",
    +   "console: SCRIPT ERROR: Parse Error: Could not find type \"Node3D\" in the current scope.",
    +   "console:    at: GDScript::reload (res://addons/godotiq/godotiq_runtime.gd:972)",
    +   "console: SCRIPT ERROR: Parse Error: Could not find type \"Node3D\" in the current scope.",
    +   "console:    at: GDScript::reload (res://addons/godotiq/godotiq_runtime.gd:977)",
    +   "console: SCRIPT ERROR: Parse Error: Identifier \"NavigationServer3D\" not declared in the current scope.",
    +   "console:    at: GDScript::reload (res://addons/godotiq/godotiq_runtime.gd:984)",
    +   "console: SCRIPT ERROR: Parse Error: Cannot infer the type of \"closest_from\" variable because the value doesn't have a set type.",
    +   "console:    at: GDScript::reload (res://addons/godotiq/godotiq_runtime.gd:984)",
    +   "console: SCRIPT ERROR: Parse Error: Identifier \"NavigationServer3D\" not declared in the current scope.",
    +   "console:    at: GDScript::reload (res://addons/godotiq/godotiq_runtime.gd:985)",
    +   "console: SCRIPT ERROR: Parse Error: Cannot infer the type of \"closest_to\" variable because the value doesn't have a set type.",
    +   "console:    at: GDScript::reload (res://addons/godotiq/godotiq_runtime.gd:985)",
    +   "console: SCRIPT ERROR: Parse Error: Identifier \"NavigationServer3D\" not declared in the current scope.",
    +   "console:    at: GDScript::reload (res://addons/godotiq/godotiq_runtime.gd:991)",
    +   "console: SCRIPT ERROR: Parse Error: Could not find type \"RichTextLabel\" in the current scope.",
    +   "console:    at: GDScript::reload (res://addons/godotiq/godotiq_runtime.gd:1268)",
    +   "console: SCRIPT ERROR: Parse Error: Could not find type \"RichTextLabel\" in the current scope.",
    +   "console:    at: GDScript::reload (res://addons/godotiq/godotiq_runtime.gd:1269)",
    +   "console: SCRIPT ERROR: Parse Error: Could not find type \"TextEdit\" in the current scope.",
    +   "console:    at: GDScript::reload (res://addons/godotiq/godotiq_runtime.gd:1274)",
    +   "console: SCRIPT ERROR: Parse Error: Could not find type \"TextEdit\" in the current scope.",
    +   "console:    at: GDScript::reload (res://addons/godotiq/godotiq_runtime.gd:1275)",
    +   "console: SCRIPT ERROR: Parse Error: Could not find type \"SpinBox\" in the current scope.",
    +   "console:    at: GDScript::reload (res://addons/godotiq/godotiq_runtime.gd:1281)",
    +   "console: SCRIPT ERROR: Parse Error: Could not find type \"SpinBox\" in the current scope.",
    +   "console:    at: GDScript::reload (res://addons/godotiq/godotiq_runtime.gd:1283)",
    +   "console: SCRIPT ERROR: Parse Error: Could not find type \"Camera3D\" in the current scope.",
    +   "console:    at: GDScript::reload (res://addons/godotiq/godotiq_runtime.gd:1383)",
    +   "console: SCRIPT ERROR: Parse Error: Identifier \"Camera3D\" not declared in the current scope.",
    +   "console:    at: GDScript::reload (res://addons/godotiq/godotiq_runtime.gd:1389)",
    +   "console: SCRIPT ERROR: Parse Error: Cannot infer the type of \"drone\" variable because the value doesn't have a set type.",
    +   "console:    at: GDScript::reload (res://addons/godotiq/godotiq_runtime.gd:1389)",
    +   "console: SCRIPT ERROR: Parse Error: Could not find type \"Camera3D\" in the current scope.",
    +   "console:    at: GDScript::reload (res://addons/godotiq/godotiq_runtime.gd:1447)",
    +   "console: SCRIPT ERROR: Parse Error: Could not find type \"Node3D\" in the current scope.",
    +   "console:    at: GDScript::reload (res://addons/godotiq/godotiq_runtime.gd:1525)",
    +   "console: ERROR: Failed to load script \"res://addons/godotiq/godotiq_runtime.gd\" with error \"Parse error\".",
    +   "console:    at: load (modules\\gdscript\\gdscript_resource_format.cpp:46)",
    +   "console: ERROR: Failed to instantiate an autoload, script 'res://addons/godotiq/godotiq_runtime.gd' does not inherit from 'Node'.",
    +   "console:    at: start (main\\main.cpp:4535)",
    +   "console: ERROR: Condition \"img.is_null() || img->is_empty()\" is true. Returning: Ref<Image>()",
    +   "console:    at: load_image_from_file (scene\\resources\\compressed_texture.cpp:343)",
    +   "console: ERROR: Failed loading resource: res://.godot/imported/ocean-background.png-2a45ccb46859053b8f01bbc11fd6a736.ctex.",
    +   "console:    at: _load (core\\io\\resource_loader.cpp:317)",
    +   "console: ERROR: Failed loading resource: res://resources/environment/ocean-background.png.",
    +   "console:    at: _load (core\\io\\resource_loader.cpp:317)",
    +   "console: ERROR: Condition \"img.is_null() || img->is_empty()\" is true. Returning: Ref<Image>()",
    +   "console:    at: load_image_from_file (scene\\resources\\compressed_texture.cpp:343)",
    +   "console: ERROR: Failed loading resource: res://.godot/imported/cloud-03-large-center.png-23e9b0f50f26c0e4ccb7ec3994e89e45.ctex.",
    +   "console:    at: _load (core\\io\\resource_loader.cpp:317)",
    +   "console: ERROR: Failed loading resource: res://resources/environment_sliced/clouds/cloud-03-large-center.png.",
    +   "console:    at: _load (core\\io\\resource_loader.cpp:317)",
    +   "console: ERROR: Condition \"img.is_null() || img->is_empty()\" is true. Returning: Ref<Image>()",
    +   "console:    at: load_image_from_file (scene\\resources\\compressed_texture.cpp:343)",
    +   "console: ERROR: Failed loading resource: res://.godot/imported/lighthouse-island.png-b3bf27c0debb00384efdb040f2be3868.ctex.",
    +   "console:    at: _load (core\\io\\resource_loader.cpp:317)",
    +   "console: ERROR: Failed loading resource: res://resources/environment_sliced/island/lighthouse-island.png.",
    +   "console:    at: _load (core\\io\\resource_loader.cpp:317)",
    +   "console: ERROR: Condition \"img.is_null() || img->is_empty()\" is true. Returning: Ref<Image>()",
    +   "console:    at: load_image_from_file (scene\\resources\\compressed_texture.cpp:343)",
    +   "console: ERROR: Failed loading resource: res://.godot/imported/seabed-decoration.png-f0d4b69ace78ba4676e9477aac2cf5b4.ctex.",
    +   "console:    at: _load (core\\io\\resource_loader.cpp:317)",
    +   "console: ERROR: Failed loading resource: res://resources/environment/seabed-decoration.png.",
    +   "console:    at: _load (core\\io\\resource_loader.cpp:317)",
    +   "console: ERROR: Condition \"img.is_null() || img->is_empty()\" is true. Returning: Ref<Image>()",
    +   "console:    at: load_image_from_file (scene\\resources\\compressed_texture.cpp:343)",
    +   "console: ERROR: Failed loading resource: res://.godot/imported/surface-wave-strip.png-8263ffc31adf7bb182c47f2703cc9232.ctex.",
    +   "console:    at: _load (core\\io\\resource_loader.cpp:317)",
    +   "console: ERROR: Failed loading resource: res://resources/environment/surface-wave-strip.png.",
    +   "console:    at: _load (core\\io\\resource_loader.cpp:317)",
    +   "console: ERROR: Condition \"img.is_null() || img->is_empty()\" is true. Returning: Ref<Image>()",
    +   "console:    at: load_image_from_file (scene\\resources\\compressed_texture.cpp:343)",
    +   "console: ERROR: Failed loading resource: res://.godot/imported/boat_body.png-a44818dd24af39bc0deb40c36aac93e6.ctex.",
    +   "console:    at: _load (core\\io\\resource_loader.cpp:317)",
    +   "console: ERROR: Failed loading resource: res://resources/characters/boat_body.png.",
    +   "console:    at: _load (core\\io\\resource_loader.cpp:317)",
    +   "console: ERROR: Condition \"img.is_null() || img->is_empty()\" is true. Returning: Ref<Image>()",
    +   "console:    at: load_image_from_file (scene\\resources\\compressed_texture.cpp:343)",
    +   "console: ERROR: Failed loading resource: res://.godot/imported/boy_head.png-1ace9c3ae029aca0706dd42ca966152d.ctex.",
    +   "console:    at: _load (core\\io\\resource_loader.cpp:317)",
    +   "console: ERROR: Failed loading resource: res://resources/characters/boy_head.png.",
    +   "console:    at: _load (core\\io\\resource_loader.cpp:317)",
    +   "console: ERROR: Condition \"img.is_null() || img->is_empty()\" is true. Returning: Ref<Image>()",
    +   "console:    at: load_image_from_file (scene\\resources\\compressed_texture.cpp:343)",
    +   "console: ERROR: Failed loading resource: res://.godot/imported/girl_head.png-e2bbf8e3c7c5f8647fccc7c28d70452e.ctex.",
    +   "console:    at: _load (core\\io\\resource_loader.cpp:317)",
    +   "console: ERROR: Failed loading resource: res://resources/characters/girl_head.png.",
    +   "console:    at: _load (core\\io\\resource_loader.cpp:317)",
    +   "console: ERROR: Condition \"img.is_null() || img->is_empty()\" is true. Returning: Ref<Image>()",
    +   "console:    at: load_image_from_file (scene\\resources\\compressed_texture.cpp:343)",
    +   "console: ERROR: Failed loading resource: res://.godot/imported/blue-small-swim.png-108bfc0cf186a41df4ad87f6f014e3a5.ctex.",
    +   "console:    at: _load (core\\io\\resource_loader.cpp:317)",
    +   "console: ERROR: Failed loading resource: res://resources/fish/blue-small-swim.png.",
    +   "console:    at: _load (core\\io\\resource_loader.cpp:317)",
    +   "console: ERROR: Condition \"img.is_null() || img->is_empty()\" is true. Returning: Ref<Image>()",
    +   "console:    at: load_image_from_file (scene\\resources\\compressed_texture.cpp:343)",
    +   "console: ERROR: Failed loading resource: res://.godot/imported/blue-small-caught.png-50a2af6503b08e32bb30bed5b533ea4d.ctex.",
    +   "console:    at: _load (core\\io\\resource_loader.cpp:317)",
    +   "console: ERROR: Failed loading resource: res://resources/fish/blue-small-caught.png.",
    +   "console:    at: _load (core\\io\\resource_loader.cpp:317)",
    +   "console: ERROR: Condition \"img.is_null() || img->is_empty()\" is true. Returning: Ref<Image>()",
    +   "console:    at: load_image_from_file (scene\\resources\\compressed_texture.cpp:343)",
    +   "console: ERROR: Failed loading resource: res://.godot/imported/green-scrap-swim.png-ea4b871e4dc5a9c0a1b85b615e88e4a2.ctex.",
    +   "console:    at: _load (core\\io\\resource_loader.cpp:317)",
    +   "console: ERROR: Failed loading resource: res://resources/fish/green-scrap-swim.png.",
    +   "console:    at: _load (core\\io\\resource_loader.cpp:317)",
    +   "console: ERROR: Condition \"img.is_null() || img->is_empty()\" is true. Returning: Ref<Image>()",
    +   "console:    at: load_image_from_file (scene\\resources\\compressed_texture.cpp:343)",
    +   "console: ERROR: Failed loading resource: res://.godot/imported/green-scrap-caught.png-3e77a518be6ae73c7aefba624c602a65.ctex.",
    +   "console:    at: _load (core\\io\\resource_loader.cpp:317)",
    +   "console: ERROR: Failed loading resource: res://resources/fish/green-scrap-caught.png.",
    +   "console:    at: _load (core\\io\\resource_loader.cpp:317)",
    +   "console: ERROR: Condition \"img.is_null() || img->is_empty()\" is true. Returning: Ref<Image>()",
    +   "console:    at: load_image_from_file (scene\\resources\\compressed_texture.cpp:343)",
    +   "console: ERROR: Failed loading resource: res://.godot/imported/yellow-striped-swim.png-2ed02746ea87c33e1eba940383d8cc49.ctex.",
    +   "console:    at: _load (core\\io\\resource_loader.cpp:317)",
    +   "console: ERROR: Failed loading resource: res://resources/fish/yellow-striped-swim.png.",
    +   "console:    at: _load (core\\io\\resource_loader.cpp:317)",
    +   "console: ERROR: Condition \"img.is_null() || img->is_empty()\" is true. Returning: Ref<Image>()",
    +   "console:    at: load_image_from_file (scene\\resources\\compressed_texture.cpp:343)",
    +   "console: ERROR: Failed loading resource: res://.godot/imported/yellow-striped-caught.png-9be6116b1904b3e231806f4c62136729.ctex.",
    +   "console:    at: _load (core\\io\\resource_loader.cpp:317)",
    +   "console: ERROR: Failed loading resource: res://resources/fish/yellow-striped-caught.png.",
    +   "console:    at: _load (core\\io\\resource_loader.cpp:317)",
    +   "console: ERROR: Condition \"img.is_null() || img->is_empty()\" is true. Returning: Ref<Image>()",
    +   "console:    at: load_image_from_file (scene\\resources\\compressed_texture.cpp:343)",
    +   "console: ERROR: Failed loading resource: res://.godot/imported/crab.png-2d22402a2bcc28e5d37f3445427315c8.ctex.",
    +   "console:    at: _load (core\\io\\resource_loader.cpp:317)",
    +   "console: ERROR: Failed loading resource: res://resources/creatures/crab.png.",
    +   "console:    at: _load (core\\io\\resource_loader.cpp:317)",
    +   "console: ERROR: Condition \"img.is_null() || img->is_empty()\" is true. Returning: Ref<Image>()",
    +   "console:    at: load_image_from_file (scene\\resources\\compressed_texture.cpp:343)",
    +   "console: ERROR: Failed loading resource: res://.godot/imported/jellyfish.png-97f7a9ea8459531aa3483f4c014a16d2.ctex.",
    +   "console:    at: _load (core\\io\\resource_loader.cpp:317)",
    +   "console: ERROR: Failed loading resource: res://resources/creatures/jellyfish.png.",
    +   "console:    at: _load (core\\io\\resource_loader.cpp:317)",
    +   "console: ERROR: Condition \"img.is_null() || img->is_empty()\" is true. Returning: Ref<Image>()",
    +   "console:    at: load_image_from_file (scene\\resources\\compressed_texture.cpp:343)",
    +   "console: ERROR: Failed loading resource: res://.godot/imported/old-boot.png-660b38fd139cb277d9b5187fd80f9adb.ctex.",
    +   "console:    at: _load (core\\io\\resource_loader.cpp:317)",
    +   "console: ERROR: Failed loading resource: res://resources/pickups/old-boot.png.",
    +   "console:    at: _load (core\\io\\resource_loader.cpp:317)",
    +   "console: ERROR: Condition \"img.is_null() || img->is_empty()\" is true. Returning: Ref<Image>()",
    +   "console:    at: load_image_from_file (scene\\resources\\compressed_texture.cpp:343)",
    +   "console: ERROR: Failed loading resource: res://.godot/imported/tin-can.png-8d501993c9c3d420539166a37bf87a0b.ctex.",
    +   "console:    at: _load (core\\io\\resource_loader.cpp:317)",
    +   "console: ERROR: Failed loading resource: res://resources/pickups/tin-can.png.",
    +   "console:    at: _load (core\\io\\resource_loader.cpp:317)",
    +   "console: ERROR: Condition \"img.is_null() || img->is_empty()\" is true. Returning: Ref<Image>()",
    +   "console:    at: load_image_from_file (scene\\resources\\compressed_texture.cpp:343)",
    +   "console: ERROR: Failed loading resource: res://.godot/imported/speed-reel.png-2f472c4ec1f16e54e1a959c42a50cb7a.ctex.",
    +   "console:    at: _load (core\\io\\resource_loader.cpp:317)",
    +   "console: ERROR: Failed loading resource: res://resources/powerups/speed-reel.png.",
    +   "console:    at: _load (core\\io\\resource_loader.cpp:317)",
    +   "console: ERROR: Condition \"img.is_null() || img->is_empty()\" is true. Returning: Ref<Image>()",
    +   "console:    at: load_image_from_file (scene\\resources\\compressed_texture.cpp:343)",
    +   "console: ERROR: Failed loading resource: res://.godot/imported/purple-giant-swim.png-e3dd90ee30cb0648ab2f98b60c55b957.ctex.",
    +   "console:    at: _load (core\\io\\resource_loader.cpp:317)",
    +   "console: ERROR: Failed loading resource: res://resources/fish/purple-giant-swim.png.",
    +   "console:    at: _load (core\\io\\resource_loader.cpp:317)",
    +   "console: ERROR: Condition \"img.is_null() || img->is_empty()\" is true. Returning: Ref<Image>()",
    +   "console:    at: load_image_from_file (scene\\resources\\compressed_texture.cpp:343)",
    +   "console: ERROR: Failed loading resource: res://.godot/imported/purple-giant-caught.png-0f269105a0618c79cfa42845560912cd.ctex.",
    +   "console:    at: _load (core\\io\\resource_loader.cpp:317)",
    +   "console: ERROR: Failed loading resource: res://resources/fish/purple-giant-caught.png.",
    +   "console:    at: _load (core\\io\\resource_loader.cpp:317)",
    +   "console: ERROR: Condition \"img.is_null() || img->is_empty()\" is true. Returning: Ref<Image>()",
    +   "console:    at: load_image_from_file (scene\\resources\\compressed_texture.cpp:343)",
    +   "console: ERROR: Failed loading resource: res://.godot/imported/pearl-shell.png-407d7aad2fb7af8d4007c646d8d1cf2e.ctex.",
    +   "console:    at: _load (core\\io\\resource_loader.cpp:317)",
    +   "console: ERROR: Failed loading resource: res://resources/pickups/pearl-shell.png.",
    +   "console:    at: _load (core\\io\\resource_loader.cpp:317)",
    +   "console: ERROR: Condition \"img.is_null() || img->is_empty()\" is true. Returning: Ref<Image>()",
    +   "console:    at: load_image_from_file (scene\\resources\\compressed_texture.cpp:343)",
    +   "console: ERROR: Failed loading resource: res://.godot/imported/tire.png-c26f578583a32f1a9c1c9f2acdbd0330.ctex.",
    +   "console:    at: _load (core\\io\\resource_loader.cpp:317)",
    +   "console: ERROR: Failed loading resource: res://resources/pickups/tire.png.",
    +   "console:    at: _load (core\\io\\resource_loader.cpp:317)",
    +   "console: ERROR: Condition \"img.is_null() || img->is_empty()\" is true. Returning: Ref<Image>()",
    +   "console:    at: load_image_from_file (scene\\resources\\compressed_texture.cpp:343)",
    +   "console: ERROR: Failed loading resource: res://.godot/imported/pufferfish-swim.png-d59415bc822be0d9ac451420e3c1fe52.ctex.",
    +   "console:    at: _load (core\\io\\resource_loader.cpp:317)",
    +   "console: ERROR: Failed loading resource: res://resources/fish/pufferfish-swim.png.",
    +   "console:    at: _load (core\\io\\resource_loader.cpp:317)",
    +   "console: ERROR: Condition \"img.is_null() || img->is_empty()\" is true. Returning: Ref<Image>()",
    +   "console:    at: load_image_from_file (scene\\resources\\compressed_texture.cpp:343)",
    +   "console: ERROR: Failed loading resource: res://.godot/imported/pufferfish-caught.png-eef9d991bdc95cdd13e86710a435cf5a.ctex.",
    +   "console:    at: _load (core\\io\\resource_loader.cpp:317)",
    +   "console: ERROR: Failed loading resource: res://resources/fish/pufferfish-caught.png.",
    +   "console:    at: _load (core\\io\\resource_loader.cpp:317)",
    +   "console: ERROR: Condition \"img.is_null() || img->is_empty()\" is true. Returning: Ref<Image>()",
    +   "console:    at: load_image_from_file (scene\\resources\\compressed_texture.cpp:343)",
    +   "console: ERROR: Failed loading resource: res://.godot/imported/seahorse-swim.png-6094f29e7fa01e7637da16a8ff41e04e.ctex.",
    +   "console:    at: _load (core\\io\\resource_loader.cpp:317)",
    +   "console: ERROR: Failed loading resource: res://resources/fish/seahorse-swim.png.",
    +   "console:    at: _load (core\\io\\resource_loader.cpp:317)",
    +   "console: ERROR: Condition \"img.is_null() || img->is_empty()\" is true. Returning: Ref<Image>()",
    +   "console:    at: load_image_from_file (scene\\resources\\compressed_texture.cpp:343)",
    +   "console: ERROR: Failed loading resource: res://.godot/imported/seahorse-caught.png-86468c76bbe455c12927574e8ecba89e.ctex.",
    +   "console:    at: _load (core\\io\\resource_loader.cpp:317)",
    +   "console: ERROR: Failed loading resource: res://resources/fish/seahorse-caught.png.",
    +   "console:    at: _load (core\\io\\resource_loader.cpp:317)",
    +   "console: ERROR: Condition \"img.is_null() || img->is_empty()\" is true. Returning: Ref<Image>()",
    +   "console:    at: load_image_from_file (scene\\resources\\compressed_texture.cpp:343)",
    +   "console: ERROR: Failed loading resource: res://.godot/imported/giant-hook.png-432a27d8fb2c10fc479a296094ea71f1.ctex.",
    +   "console:    at: _load (core\\io\\resource_loader.cpp:317)",
    +   "console: ERROR: Failed loading resource: res://resources/powerups/giant-hook.png.",
    +   "console:    at: _load (core\\io\\resource_loader.cpp:317)",
    +   "console: ERROR: Condition \"img.is_null() || img->is_empty()\" is true. Returning: Ref<Image>()",
    +   "console:    at: load_image_from_file (scene\\resources\\compressed_texture.cpp:343)",
    +   "console: ERROR: Failed loading resource: res://.godot/imported/orange-rare-swim.png-0fc04f7531799bde76aea21d0a2d219a.ctex.",
    +   "console:    at: _load (core\\io\\resource_loader.cpp:317)",
    +   "console: ERROR: Failed loading resource: res://resources/fish/orange-rare-swim.png.",
    +   "console:    at: _load (core\\io\\resource_loader.cpp:317)",
    +   "console: ERROR: Condition \"img.is_null() || img->is_empty()\" is true. Returning: Ref<Image>()",
    +   "console:    at: load_image_from_file (scene\\resources\\compressed_texture.cpp:343)",
    +   "console: ERROR: Failed loading resource: res://.godot/imported/orange-rare-caught.png-045946cc4077fe9ef0c9a9a80028eabe.ctex.",
    +   "console:    at: _load (core\\io\\resource_loader.cpp:317)",
    +   "console: ERROR: Failed loading resource: res://resources/fish/orange-rare-caught.png.",
    +   "console:    at: _load (core\\io\\resource_loader.cpp:317)",
    +   "console: ERROR: Condition \"img.is_null() || img->is_empty()\" is true. Returning: Ref<Image>()",
    +   "console:    at: load_image_from_file (scene\\resources\\compressed_texture.cpp:343)",
    +   "console: ERROR: Failed loading resource: res://.godot/imported/treasure-chest.png-626816cb3e5027ec058c0dc07a253720.ctex.",
    +   "console:    at: _load (core\\io\\resource_loader.cpp:317)",
    +   "console: ERROR: Failed loading resource: res://resources/pickups/treasure-chest.png.",
    +   "console:    at: _load (core\\io\\resource_loader.cpp:317)",
    +   "console: ERROR: Condition \"img.is_null() || img->is_empty()\" is true. Returning: Ref<Image>()",
    +   "console:    at: load_image_from_file (scene\\resources\\compressed_texture.cpp:343)",
    +   "console: ERROR: Failed loading resource: res://.godot/imported/squid.png-e137f4fc2ec8cc5ea4cf51465731dffa.ctex.",
    +   "console:    at: _load (core\\io\\resource_loader.cpp:317)",
    +   "console: ERROR: Failed loading resource: res://resources/creatures/squid.png.",
    +   "console:    at: _load (core\\io\\resource_loader.cpp:317)",
    +   "console: ERROR: Condition \"img.is_null() || img->is_empty()\" is true. Returning: Ref<Image>()",
    +   "console:    at: load_image_from_file (scene\\resources\\compressed_texture.cpp:343)",
    +   "console: ERROR: Failed loading resource: res://.godot/imported/sea-turtle.png-bb400f5204b9e372d7f963ad2ea866bf.ctex.",
    +   "console:    at: _load (core\\io\\resource_loader.cpp:317)",
    +   "console: ERROR: Failed loading resource: res://resources/creatures/sea-turtle.png.",
    +   "console:    at: _load (core\\io\\resource_loader.cpp:317)",
    +   "console: ERROR: Condition \"img.is_null() || img->is_empty()\" is true. Returning: Ref<Image>()",
    +   "console:    at: load_image_from_file (scene\\resources\\compressed_texture.cpp:343)",
    +   "console: ERROR: Failed loading resource: res://.godot/imported/freeze-crystal.png-f0f65d0466d2bd680a00a4a62f02a2e8.ctex.",
    +   "console:    at: _load (core\\io\\resource_loader.cpp:317)",
    +   "console: ERROR: Failed loading resource: res://resources/powerups/freeze-crystal.png.",
    +   "console:    at: _load (core\\io\\resource_loader.cpp:317)",
    +   "console: ERROR: Condition \"img.is_null() || img->is_empty()\" is true. Returning: Ref<Image>()",
    +   "console:    at: load_image_from_file (scene\\resources\\compressed_texture.cpp:343)",
    +   "console: ERROR: Failed loading resource: res://.godot/imported/claw-hook.png-658ac30bfb83d5f7eca89426361d584e.ctex.",
    +   "console:    at: _load (core\\io\\resource_loader.cpp:317)",
    +   "console: ERROR: Failed loading resource: res://resources/tools/claw-hook.png.",
    +   "console:    at: _load (core\\io\\resource_loader.cpp:317)",
    +   "console: ERROR: Condition \"img.is_null() || img->is_empty()\" is true. Returning: Ref<Image>()",
    +   "console:    at: load_image_from_file (scene\\resources\\compressed_texture.cpp:343)",
    +   "console: ERROR: Failed loading resource: res://.godot/imported/icon-coin.svg-c93d0f43093edde5eb300f03d7a12239.ctex.",
    +   "console:    at: _load (core\\io\\resource_loader.cpp:317)",
    +   "console: ERROR: Failed loading resource: res://resources/ui/icon-coin.svg.",
    +   "console:    at: _load (core\\io\\resource_loader.cpp:317)",
    +   "console: ERROR: Condition \"img.is_null() || img->is_empty()\" is true. Returning: Ref<Image>()",
    +   "console:    at: load_image_from_file (scene\\resources\\compressed_texture.cpp:343)",
    +   "console: ERROR: Failed loading resource: res://.godot/imported/icon-clock.svg-6546705e8cf8393b8ea9021e02292a05.ctex.",
    +   "console:    at: _load (core\\io\\resource_loader.cpp:317)",
    +   "console: ERROR: Failed loading resource: res://resources/ui/icon-clock.svg.",
    +   "console:    at: _load (core\\io\\resource_loader.cpp:317)",
    +   "console: ERROR: Catchable has an invalid definition: BlueSmall",
    +   "console:    at: push_error (core\\variant\\variant_utility.cpp:1023)",
    +   "console: ERROR: Catchable has an invalid definition: GreenScrap",
    +   "console:    at: push_error (core\\variant\\variant_utility.cpp:1023)",
    +   "console: ERROR: Catchable has an invalid definition: YellowStriped",
    +   "console:    at: push_error (core\\variant\\variant_utility.cpp:1023)",
    +   "console: ERROR: Catchable has an invalid definition: Crab",
    +   "console:    at: push_error (core\\variant\\variant_utility.cpp:1023)",
    +   "console: ERROR: Catchable has an invalid definition: Jellyfish",
    +   "console:    at: push_error (core\\variant\\variant_utility.cpp:1023)",
    +   "console: ERROR: Catchable has an invalid definition: OldBoot",
    +   "console:    at: push_error (core\\variant\\variant_utility.cpp:1023)",
    +   "console: ERROR: Catchable has an invalid definition: TinCan",
    +   "console:    at: push_error (core\\variant\\variant_utility.cpp:1023)",
    +   "console: ERROR: PowerupPickup has an invalid definition: SpeedReel",
    +   "console:    at: push_error (core\\variant\\variant_utility.cpp:1023)",
    +   "console: ERROR: Catchable has an invalid definition: PurpleGiant",
    +   "console:    at: push_error (core\\variant\\variant_utility.cpp:1023)",
    +   "console: ERROR: Catchable has an invalid definition: PearlShell",
    +   "console:    at: push_error (core\\variant\\variant_utility.cpp:1023)",
    +   "console: ERROR: Catchable has an invalid definition: Tire",
    +   "console:    at: push_error (core\\variant\\variant_utility.cpp:1023)",
    +   "console: ERROR: Catchable has an invalid definition: Pufferfish",
    +   "console:    at: push_error (core\\variant\\variant_utility.cpp:1023)",
    +   "console: ERROR: Catchable has an invalid definition: Seahorse",
    +   "console:    at: push_error (core\\variant\\variant_utility.cpp:1023)",
    +   "console: ERROR: PowerupPickup has an invalid definition: GiantHook",
    +   "console:    at: push_error (core\\variant\\variant_utility.cpp:1023)",
    +   "console: ERROR: Catchable has an invalid definition: OrangeRare",
    +   "console:    at: push_error (core\\variant\\variant_utility.cpp:1023)",
    +   "console: ERROR: Catchable has an invalid definition: TreasureChest",
    +   "console:    at: push_error (core\\variant\\variant_utility.cpp:1023)",
    +   "console: ERROR: Catchable has an invalid definition: Squid",
    +   "console:    at: push_error (core\\variant\\variant_utility.cpp:1023)",
    +   "console: ERROR: Catchable has an invalid definition: SeaTurtle",
    +   "console:    at: push_error (core\\variant\\variant_utility.cpp:1023)",
    +   "console: ERROR: PowerupPickup has an invalid definition: FreezeCrystal",
    +   "console:    at: push_error (core\\variant\\variant_utility.cpp:1023)",
    + ]

       at fixtures.ts:11

       9 |     })
      10 |     await use(browserErrors)
    > 11 |     expect(browserErrors, 'browser console and page errors').toEqual([])
         |                                                              ^
      12 |   }, { auto: true }],
      13 | })
      14 |
        at Object.exports.test._test.test.extend.browserErrors.auto (D:\godot\project\fishing-baby\tests\e2e\fixtures.ts:11:62)

    attachment #1: screenshot (image/png) ──────────────────────────────────────────────────────────
    test-results\viewport-matrix-E2E-VIEW-01-Web-视口布局矩阵-chromium-retry1\test-failed-1.png
    ────────────────────────────────────────────────────────────────────────────────────────────────

    Error Context: test-results\viewport-matrix-E2E-VIEW-01-Web-视口布局矩阵-chromium-retry1\error-context.md

    attachment #3: trace (application/zip) ─────────────────────────────────────────────────────────
    test-results\viewport-matrix-E2E-VIEW-01-Web-视口布局矩阵-chromium-retry1\trace.zip
    Usage:

        npx playwright show-trace test-results\viewport-matrix-E2E-VIEW-01-Web-视口布局矩阵-chromium-retry1\trace.zip

    ────────────────────────────────────────────────────────────────────────────────────────────────

  3 failed
    [chromium] › tests\e2e\capture-scoring.spec.ts:7:7 › 真实捕获与计分 › E2E-CORE-02 目标当帧挂钩并在送达时只计分一次 ────
    [chromium] › tests\e2e\start-empty.spec.ts:10:5 › E2E-CORE-01 开始、Web 输入焦点与空钩零分 ─────────────────
    [chromium] › tests\e2e\viewport-matrix.spec.ts:50:5 › E2E-VIEW-01 Web 视口布局矩阵 ───────────────────
